Country Code,,wdi-AG.AGR.TRAC.NO,wdi-AG.CON.FERT.PT.ZS,wdi-AG.CON.FERT.ZS,wdi-AG.LND.CREL.HA,wdi-AG.LND.CROP.ZS,wdi-AG.LND.TRAC.ZS,wdi-AG.PRD.CREL.MT,wdi-AG.PRD.CROP.XD,wdi-AG.PRD.FOOD.XD,wdi-AG.PRD.LVSK.XD,wdi-AG.YLD.CREL.KG,wdi-BM.GSR.ROYL.CD,wdi-BM.KLT.DINV.CD.WD,wdi-BM.KLT.DINV.WD.GD.ZS,wdi-BM.TRF.PWKR.CD.DT,wdi-BN.KLT.PTXL.CD,wdi-BN.TRF.KOGT.CD,wdi-BX.GRT.EXTA.CD.WD,wdi-BX.GRT.TECH.CD.WD,wdi-BX.GSR.ROYL.CD,wdi-BX.GSR.TRAN.ZS,wdi-BX.TRF.PWKR.CD,wdi-BX.TRF.PWKR.CD.DT,wdi-BX.TRF.PWKR.DT.GD.ZS,wdi-CM.MKT.TRAD.CD,wdi-DC.DAC.CANL.CD,wdi-DC.DAC.CECL.CD,wdi-DC.DAC.DEUL.CD,wdi-DC.DAC.FRAL.CD,wdi-DC.DAC.GBRL.CD,wdi-DC.DAC.JPNL.CD,wdi-DC.DAC.KORL.CD,wdi-DC.DAC.NLDL.CD,wdi-DC.DAC.TOTL.CD,wdi-DT.DOD.DECT.CD,wdi-DT.DOD.DECT.GN.ZS,wdi-DT.DOD.DIMF.CD,wdi-DT.DOD.DLXF.CD,wdi-DT.DOD.DPPG.CD,wdi-DT.DOD.DSTC.CD,wdi-DT.DOD.DSTC.IR.ZS,wdi-DT.DOD.DSTC.XP.ZS,wdi-DT.DOD.DSTC.ZS,wdi-DT.DOD.MIBR.CD,wdi-DT.DOD.MIDA.CD,wdi-DT.DOD.MWBG.CD,wdi-DT.NFL.BLAT.CD,wdi-DT.NFL.IFAD.CD,wdi-DT.NFL.MIBR.CD,wdi-DT.NFL.MIDA.CD,wdi-DT.NFL.MLAT.CD,wdi-DT.NFL.MOTH.CD,wdi-DT.NFL.NIFC.CD,wdi-DT.NFL.OFFT.CD,wdi-DT.NFL.PCBK.CD,wdi-DT.NFL.PCBO.CD,wdi-DT.NFL.PROP.CD,wdi-DT.NFL.PRVT.CD,wdi-DT.NFL.RDBC.CD,wdi-DT.NFL.RDBN.CD,wdi-DT.NFL.UNDP.CD,wdi-DT.NFL.UNTA.CD,wdi-DT.ODA.ALLD.CD,wdi-DT.ODA.ALLD.KD,wdi-DT.ODA.ODAT.CD,wdi-DT.ODA.ODAT.GI.ZS,wdi-DT.ODA.ODAT.GN.ZS,wdi-DT.ODA.ODAT.KD,wdi-DT.ODA.ODAT.MP.ZS,wdi-DT.ODA.ODAT.PC.ZS,wdi-DT.TDS.DECT.CD,wdi-DT.TDS.DECT.EX.ZS,wdi-DT.TDS.DECT.GN.ZS,wdi-DT.TDS.DIMF.CD,wdi-DT.TDS.DPPF.XP.ZS,wdi-DT.TDS.DPPG.CD,wdi-DT.TDS.DPPG.GN.ZS,wdi-DT.TDS.DPPG.XP.ZS,wdi-DT.TDS.MLAT.CD,wdi-DT.TDS.MLAT.PG.ZS,wdi-EG.ELC.COAL.ZS,wdi-EG.ELC.FOSL.ZS,wdi-EG.ELC.HYRO.ZS,wdi-EG.ELC.LOSS.ZS,wdi-EG.ELC.NGAS.ZS,wdi-EG.ELC.NUCL.ZS,wdi-EG.ELC.PETR.ZS,wdi-EG.ELC.RNWX.KH,wdi-EG.ELC.RNWX.ZS,wdi-EG.IMP.CONS.ZS,wdi-EG.USE.COMM.CL.ZS,wdi-EG.USE.CRNW.ZS,wdi-EG.USE.ELEC.KH.PC,wdi-EN.ATM.CO2E.GF.ZS,wdi-EN.ATM.CO2E.KD.GD,wdi-EN.ATM.CO2E.KT,wdi-EN.ATM.CO2E.LF.ZS,wdi-EN.ATM.CO2E.PC,wdi-EN.ATM.CO2E.PP.GD,wdi-EN.ATM.CO2E.PP.GD.KD,wdi-EN.ATM.CO2E.SF.ZS,wdi-EN.ATM.GHGO.KT.CE,wdi-EN.ATM.GHGT.KT.CE,wdi-EN.ATM.METH.AG.KT.CE,wdi-EN.ATM.METH.AG.ZS,wdi-EN.ATM.METH.EG.KT.CE,wdi-EN.ATM.METH.EG.ZS,wdi-EN.ATM.METH.KT.CE,wdi-EN.ATM.NOXE.AG.KT.CE,wdi-EN.ATM.NOXE.AG.ZS,wdi-EN.ATM.NOXE.EG.KT.CE,wdi-EN.ATM.NOXE.EG.ZS,wdi-EN.ATM.NOXE.KT.CE,wdi-EN.CO2.BLDG.ZS,wdi-EN.CO2.ETOT.ZS,wdi-EN.CO2.MANF.ZS,wdi-EN.CO2.OTHX.ZS,wdi-EN.CO2.TRAN.ZS,wdi-EN.URB.LCTY,wdi-EN.URB.LCTY.UR.ZS,wdi-EN.URB.MCTY,wdi-EN.URB.MCTY.TL.ZS,wdi-ER.FSH.AQUA.MT,wdi-FD.AST.PRVT.GD.ZS,wdi-FI.RES.TOTL.CD,wdi-FI.RES.TOTL.DT.ZS,wdi-FI.RES.TOTL.MO,wdi-FI.RES.XGLD.CD,wdi-FM.AST.CGOV.ZG.M3,wdi-FM.AST.DOMS.CN,wdi-FM.AST.NFRG.CN,wdi-FM.AST.PRVT.GD.ZS,wdi-FM.AST.PRVT.ZG.M3,wdi-FM.LBL.BMNY.CN,wdi-FM.LBL.BMNY.GD.ZS,wdi-FM.LBL.BMNY.IR.ZS,wdi-FM.LBL.BMNY.ZG,wdi-FP.CPI.TOTL,wdi-FP.CPI.TOTL.ZG,wdi-FP.WPI.TOTL,wdi-FR.INR.DPST,wdi-FR.INR.LEND,wdi-FR.INR.LNDP,wdi-FR.INR.RINR,wdi-FR.INR.RISK,wdi-FS.AST.CGOV.GD.ZS,wdi-FS.AST.DOMS.GD.ZS,wdi-FS.AST.PRVT.GD.ZS,wdi-IS.AIR.DPRT,wdi-IS.AIR.GOOD.MT.K1,wdi-IS.AIR.PSGR,wdi-IT.NET.USER.ZS,wdi2-MS.MIL.TOTL.P1,wdi2-MS.MIL.TOTL.TF.ZS,wdi2-MS.MIL.XPND.CD,wdi2-MS.MIL.XPND.CN,wdi2-MS.MIL.XPND.GD.ZS,wdi2-MS.MIL.XPND.ZS,wdi2-NE.CON.GOVT.CD,wdi2-NE.CON.GOVT.CN,wdi2-NE.CON.GOVT.KD.ZG,wdi2-NE.CON.GOVT.KN,wdi2-NE.CON.GOVT.ZS,wdi2-NE.CON.PRVT.CD,wdi2-NE.CON.PRVT.CN,wdi2-NE.CON.PRVT.CN.AD,wdi2-NE.CON.PRVT.KD.ZG,wdi2-NE.CON.PRVT.KN,wdi2-NE.CON.PRVT.ZS,wdi2-NE.CON.TOTL.CD,wdi2-NE.CON.TOTL.CN,wdi2-NE.CON.TOTL.ZS,wdi2-NE.DAB.TOTL.CD,wdi2-NE.DAB.TOTL.CN,wdi2-NE.DAB.TOTL.ZS,wdi2-NE.EXP.GNFS.CD,wdi2-NE.EXP.GNFS.CN,wdi2-NE.EXP.GNFS.KN,wdi2-NE.EXP.GNFS.ZS,wdi2-NE.GDI.FTOT.CD,wdi2-NE.GDI.FTOT.CN,wdi2-NE.GDI.FTOT.ZS,wdi2-NE.GDI.STKB.CD,wdi2-NE.GDI.STKB.CN,wdi2-NE.GDI.TOTL.CD,wdi2-NE.GDI.TOTL.CN,wdi2-NE.GDI.TOTL.ZS,wdi2-NE.IMP.GNFS.CD,wdi2-NE.IMP.GNFS.CN,wdi2-NE.IMP.GNFS.KN,wdi2-NE.IMP.GNFS.ZS,wdi2-NE.RSB.GNFS.CD,wdi2-NE.RSB.GNFS.CN,wdi2-NE.RSB.GNFS.ZS,wdi2-NE.TRD.GNFS.ZS,wdi2-NV.AGR.EMPL.KD,wdi2-NV.AGR.TOTL.CD,wdi2-NV.AGR.TOTL.CN,wdi2-NV.AGR.TOTL.KD,wdi2-NV.AGR.TOTL.KD.ZG,wdi2-NV.AGR.TOTL.KN,wdi2-NV.AGR.TOTL.ZS,wdi2-NV.FSM.TOTL.CN,wdi2-NV.IND.EMPL.KD,wdi2-NV.IND.MANF.CD,wdi2-NV.IND.MANF.CN,wdi2-NV.IND.MANF.KD,wdi2-NV.IND.MANF.KD.ZG,wdi2-NV.IND.MANF.KN,wdi2-NV.IND.MANF.ZS,wdi2-NV.IND.TOTL.CD,wdi2-NV.IND.TOTL.CN,wdi2-NV.IND.TOTL.KD,wdi2-NV.IND.TOTL.KD.ZG,wdi2-NV.IND.TOTL.KN,wdi2-NV.IND.TOTL.ZS,wdi2-NV.MNF.TECH.ZS.UN,wdi2-NV.SRV.EMPL.KD,wdi2-NV.SRV.TOTL.CD,wdi2-NV.SRV.TOTL.CN,wdi2-NV.SRV.TOTL.KD,wdi2-NV.SRV.TOTL.KD.ZG,wdi2-NV.SRV.TOTL.KN,wdi2-NV.SRV.TOTL.ZS,wdi2-NY.ADJ.AEDU.CD,wdi2-NY.ADJ.AEDU.GN.ZS,wdi2-NY.ADJ.DFOR.CD,wdi2-NY.ADJ.DFOR.GN.ZS,wdi2-NY.ADJ.DNGY.CD,wdi2-NY.ADJ.DNGY.GN.ZS,wdi2-NY.ADJ.DPEM.CD,wdi2-NY.ADJ.DPEM.GN.ZS,wdi2-NY.ADJ.DRES.GN.ZS,wdi2-NY.ADJ.ICTR.GN.ZS,wdi2-NY.ADJ.NNAT.CD,wdi2-NY.ADJ.NNAT.GN.ZS,wdi2-NY.ADJ.NNTY.CD,wdi2-NY.ADJ.NNTY.KD.ZG,wdi2-NY.ADJ.NNTY.PC.CD,wdi2-NY.ADJ.NNTY.PC.KD.ZG,wdi2-NY.ADJ.SVNG.CD,wdi2-NY.ADJ.SVNG.GN.ZS,wdi2-NY.ADJ.SVNX.CD,wdi2-NY.ADJ.SVNX.GN.ZS,wdi2-NY.GDP.COAL.RT.ZS,wdi2-NY.GDP.DISC.CN,wdi2-NY.GDP.FCST.CD,wdi2-NY.GDP.FCST.CN,wdi2-NY.GDP.FCST.KD,wdi2-NY.GDP.FCST.KN,wdi2-NY.GDP.NGAS.RT.ZS,wdi2-NY.GDP.PETR.RT.ZS,wdi2-NY.GDS.TOTL.CD,wdi2-NY.GDS.TOTL.CN,wdi2-NY.GDS.TOTL.ZS,wdi2-NY.GNS.ICTR.CD,wdi2-NY.GNS.ICTR.CN,wdi2-NY.GNS.ICTR.GN.ZS,wdi2-NY.GNS.ICTR.ZS,wdi2-NY.TAX.NIND.CD,wdi2-NY.TAX.NIND.CN,wdi2-PA.NUS.FCRF,wdi2-PX.REX.REER,wdi2-SE.ENR.PRIM.FM.ZS,wdi2-SE.PRM.ENRL,wdi2-SE.PRM.ENRL.FE.ZS,wdi2-SE.PRM.ENRL.TC.ZS,wdi2-SE.PRM.ENRR,wdi2-SE.PRM.ENRR.FE,wdi2-SE.PRM.ENRR.MA,wdi2-SE.PRM.TCHR,wdi2-SE.SEC.ENRL,wdi2-SE.SEC.ENRL.GC,wdi2-SE.SEC.ENRL.GC.FE.ZS,wdi2-SE.SEC.ENRR,wdi2-SG.LAW.INDX,wdi2-SH.DTH.0509,wdi2-SH.DTH.1014,wdi2-SH.DTH.1519,wdi2-SH.DTH.2024,wdi2-SH.DTH.IMRT,wdi2-SH.DTH.MORT,wdi2-SH.DTH.NMRT,wdi2-SH.DYN.0509,wdi2-SH.DYN.1014,wdi2-SH.DYN.1519,wdi2-SH.DYN.2024,wdi2-SH.DYN.AIDS.FE.ZS,wdi2-SH.DYN.AIDS.ZS,wdi2-SH.DYN.MORT,wdi2-SH.DYN.MORT.FE,wdi2-SH.DYN.MORT.MA,wdi2-SH.DYN.NMRT,wdi2-SH.HIV.0014,wdi2-SH.HIV.1524.FE.ZS,wdi2-SH.HIV.1524.MA.ZS,wdi2-SH.HIV.INCD,wdi2-SH.HIV.INCD.14,wdi2-SH.HIV.INCD.TL,wdi2-SH.HIV.INCD.TL.P3,wdi2-SH.HIV.INCD.YG,wdi2-SH.HIV.INCD.YG.P3,wdi2-SH.HIV.INCD.ZS,wdi2-SH.IMM.IDPT,wdi2-SH.IMM.MEAS,wdi2-SH.VAC.TTNS.ZS,wdi2-SL.AGR.EMPL.FE.ZS,wdi2-SL.AGR.EMPL.MA.ZS,wdi2-SL.AGR.EMPL.ZS,wdi2-SL.EMP.1524.SP.FE.ZS,wdi2-SL.EMP.1524.SP.MA.ZS,wdi2-SL.EMP.1524.SP.ZS,wdi2-SL.EMP.MPYR.FE.ZS,wdi2-SL.EMP.MPYR.MA.ZS,wdi2-SL.EMP.MPYR.ZS,wdi2-SL.EMP.SELF.FE.ZS,wdi2-SL.EMP.SELF.MA.ZS,wdi2-SL.EMP.SELF.ZS,wdi2-SL.EMP.TOTL.SP.FE.ZS,wdi2-SL.EMP.TOTL.SP.MA.ZS,wdi2-SL.EMP.TOTL.SP.ZS,wdi2-SL.EMP.VULN.FE.ZS,wdi2-SL.EMP.VULN.MA.ZS,wdi2-SL.EMP.VULN.ZS,wdi2-SL.EMP.WORK.FE.ZS,wdi2-SL.EMP.WORK.MA.ZS,wdi2-SL.EMP.WORK.ZS,wdi2-SL.FAM.WORK.FE.ZS,wdi2-SL.FAM.WORK.MA.ZS,wdi2-SL.FAM.WORK.ZS,wdi2-SL.GDP.PCAP.EM.KD,wdi2-SL.IND.EMPL.FE.ZS,wdi2-SL.IND.EMPL.MA.ZS,wdi2-SL.IND.EMPL.ZS,wdi2-SL.SRV.EMPL.FE.ZS,wdi2-SL.SRV.EMPL.MA.ZS,wdi2-SL.SRV.EMPL.ZS,wdi2-SL.TLF.ACTI.1524.FE.ZS,wdi2-SL.TLF.ACTI.1524.MA.ZS,wdi2-SL.TLF.ACTI.1524.ZS,wdi2-SL.TLF.ACTI.FE.ZS,wdi2-SL.TLF.ACTI.MA.ZS,wdi2-SL.TLF.ACTI.ZS,wdi2-SL.TLF.CACT.FE.ZS,wdi2-SL.TLF.CACT.FM.ZS,wdi2-SL.TLF.CACT.MA.ZS,wdi2-SL.TLF.CACT.ZS,wdi2-SL.TLF.TOTL.FE.ZS,wdi2-SL.TLF.TOTL.IN,wdi2-SL.UEM.1524.FE.ZS,wdi2-SL.UEM.1524.MA.ZS,wdi2-SL.UEM.1524.ZS,wdi2-SL.UEM.TOTL.FE.ZS,wdi2-SL.UEM.TOTL.MA.ZS,wdi2-SL.UEM.TOTL.ZS,wdi2-SP.ADO.TFRT,wdi2-SP.DYN.AMRT.FE,wdi2-SP.DYN.AMRT.MA,wdi2-SP.DYN.CBRT.IN,wdi2-SP.DYN.CDRT.IN,wdi2-SP.DYN.IMRT.FE.IN,wdi2-SP.DYN.IMRT.IN,wdi2-SP.DYN.IMRT.MA.IN,wdi2-SP.DYN.LE00.FE.IN,wdi2-SP.DYN.LE00.IN,wdi2-SP.DYN.LE00.MA.IN,wdi2-SP.DYN.TFRT.IN,wdi2-SP.DYN.TO65.FE.ZS,wdi2-SP.DYN.TO65.MA.ZS,wdi2-SP.POP.0004.FE.5Y,wdi2-SP.POP.0004.MA.5Y,wdi2-SP.POP.0014.FE.IN,wdi2-SP.POP.0014.FE.ZS,wdi2-SP.POP.0014.MA.IN,wdi2-SP.POP.0014.MA.ZS,wdi2-SP.POP.0014.TO,wdi2-SP.POP.0014.TO.ZS,wdi2-SP.POP.0509.FE.5Y,wdi2-SP.POP.0509.MA.5Y,wdi2-SP.POP.1014.FE.5Y,wdi2-SP.POP.1014.MA.5Y,wdi2-SP.POP.1519.FE.5Y,wdi2-SP.POP.1519.MA.5Y,wdi2-SP.POP.1564.FE.IN,wdi2-SP.POP.1564.FE.ZS,wdi2-SP.POP.1564.MA.IN,wdi2-SP.POP.1564.MA.ZS,wdi2-SP.POP.1564.TO,wdi2-SP.POP.1564.TO.ZS,wdi2-SP.POP.2024.FE.5Y,wdi2-SP.POP.2024.MA.5Y,wdi2-SP.POP.2529.FE.5Y,wdi2-SP.POP.2529.MA.5Y,wdi2-SP.POP.3034.FE.5Y,wdi2-SP.POP.3034.MA.5Y,wdi2-SP.POP.3539.FE.5Y,wdi2-SP.POP.3539.MA.5Y,wdi2-SP.POP.4044.FE.5Y,wdi2-SP.POP.4044.MA.5Y,wdi2-SP.POP.4549.FE.5Y,wdi2-SP.POP.4549.MA.5Y,wdi2-SP.POP.5054.FE.5Y,wdi2-SP.POP.5054.MA.5Y,wdi2-SP.POP.5559.FE.5Y,wdi2-SP.POP.5559.MA.5Y,wdi2-SP.POP.6064.FE.5Y,wdi2-SP.POP.6064.MA.5Y,wdi2-SP.POP.6569.FE.5Y,wdi2-SP.POP.6569.MA.5Y,wdi2-SP.POP.65UP.FE.IN,wdi2-SP.POP.65UP.FE.ZS,wdi2-SP.POP.65UP.MA.IN,wdi2-SP.POP.65UP.MA.ZS,wdi2-SP.POP.65UP.TO,wdi2-SP.POP.65UP.TO.ZS,wdi2-SP.POP.7074.FE.5Y,wdi2-SP.POP.7074.MA.5Y,wdi2-SP.POP.7579.FE.5Y,wdi2-SP.POP.7579.MA.5Y,wdi2-SP.POP.80UP.FE.5Y,wdi2-SP.POP.80UP.MA.5Y,wdi2-SP.POP.DPND,wdi2-SP.POP.DPND.OL,wdi2-SP.POP.DPND.YG,wdi2-SP.POP.TOTL.FE.IN,wdi2-SP.POP.TOTL.FE.ZS,wdi2-SP.POP.TOTL.MA.IN,wdi2-SP.POP.TOTL.MA.ZS,wdi2-SP.RUR.TOTL.ZG,wdi2-TM.VAL.AGRI.ZS.UN,wdi2-TM.VAL.FOOD.ZS.UN,wdi2-TM.VAL.FUEL.ZS.UN,wdi2-TM.VAL.MANF.ZS.UN,wdi2-TM.VAL.MMTL.ZS.UN,wdi2-TM.VAL.MRCH.AL.ZS,wdi2-TM.VAL.MRCH.WR.ZS,wdi2-TM.VAL.MRCH.XD.WD,wdi2-TX.MNF.TECH.ZS.UN,wdi2-TX.VAL.AGRI.ZS.UN,wdi2-TX.VAL.FOOD.ZS.UN,wdi2-TX.VAL.MANF.ZS.UN,wdi2-TX.VAL.MMTL.ZS.UN,wdi2-TX.VAL.MRCH.OR.ZS,wdi2-TX.VAL.MRCH.R3.ZS,wdi2-TX.VAL.MRCH.R6.ZS,wdi2-TX.VAL.MRCH.WR.ZS,wdi2-TX.VAL.MRCH.XD.WD,wdi2-TX.VAL.TRAN.ZS.WT
ATG,2015,134.69999999999968,1030.766269,,,,390.7954545799998,,,,,,,,,,,,,,,,,,,275400679.6099684,579563.0168477476,,70500.00019549998,,,,,30123500.630499948,,1338855325.1244426,155.35284256999992,46099099.1,1247741166.6125,1479387027.6999998,514890510.3,165.7502652,36.5244431475,61.8714,36410000.0,511457000.0,91132242.85714284,19633716.197352912,1251000.0584499966,3564000.0,16361000.0,37805000.0,19832200.44,344725.6798115968,70265402.13608867,495373000.0,492516000.0,4442000.0,51171000.0,53629000.0,16299000.0,,340784.094413409,,,,,,,,,650041618.9,78.95392168,58.42307978,7573040.638461538,78.95392168,649104737.8,58.33887674,78.8401283,29590702.65971504,71.03650545,0.0,100.0,47.66187049999999,10.12886241,99.73718791,0.0,47.341694266000005,483833172.781514,0.2538908933312831,98.71374243,0.759607486,8.654978623,8114.367449,,,,,,,,,,,,15.78947368,,47.0,,,67.33333333649996,,50.0,,6.498194946,81.22347949,30.754744154869563,0.0082081327053952,29.48919724869565,583767.6,76.9309253,4370040.0,99.57251174,,,,59.9411530715,,,,,,,,,,,,,,110.905886,,,,,,,77.026190356,,,,,,,0.655402483,46835639.65799998,639263749.9999987,3.263618343799999,6.810717373,,,4.342475047323672,1411577023.4019206,,,,,22.09458166,2556658784.391243,,,,,,,,,,51916000000.0,,,,,57039721.80342121,103816832.03127211,,,,,,5680919729.999998,,,,,,17591.2516635,,,,,,,,63475.57743,,,,,,,,,,,,,39.59849921,66006.705825,,,,,,,,,17447.76358710334,0.0010276139499999,,,8580533.251426188,0.3130734897,4.065977169,,,,1329119585.6115384,15.7641089,13697.29086,9.233695569799998,677441961.0666667,24.43855308,685150827.8,21.89977317899999,,,,,,,,,,,,,,,,,,,,,,,,,,,,,,,,,,,,,,,,,,,,49.73,1.6,,,,,13999.999999999996,0.4049999999999997,0.2,7599.999999999999,500.0,11000.0,0.7819999999999998,3200.0,1.2039999999999995,1.0,,,100.0,6.898001543332813,19.87999916,12.89900045599999,37.67,56.05,43.2515,4.8419999364,7.610000133999999,5.96099982235,27.140000342,37.02239172776087,30.46999931,57.32749999999999,71.762,65.225,20.19000018,29.56000078,26.071557195625434,90.410501484,80.29000092,85.09841373490501,2.0914999126,0.8312307515615384,1.301419850174698,42936.96614,18.530666785833333,32.855305705782044,24.94800062499999,90.38999939,69.927003477,81.4444984445,55.41,64.71646011035325,59.0,75.78,84.7845,79.85199999999999,64.5895,86.3061848535,80.01,71.23,48.851765303,132887.79999999996,44.97,50.83,48.92,22.57,20.7,20.67,,,,,,,,,,,,,,,,,,,,,,,,,,,,,,,,,,,,,,,,,,,,,,,,,,,,,,,,,,,,,,,,,,,,,,,,,,,,,,,,,19.0545302215,,48.163847681999975,,,,,,,,28.13493699349999,,
ABW,2015,,,,,,,,,,,,,,,,,,,,,,,,,,,,2839999.914,,,,,,,,,,,,,,,,,,,,,,,,,,,,,,,,,,,,,,,,,,,,,,,,,,,,,,,,,,,,,,,,,,,,,,,,,,,,,,,,,,,,,,,,,,,,,,,,,,,,,,,,,,,,,,,,,,,,,,,,,,,,,,,,,,,,,,,,,,,,,,,,,,,,,,,,,,,,,,,,,,,,,,,,,,,,,,,,,,,,,,,,,,,,,,,,,,,,,,,,,,,,,,,,,,,,,,,,,,,,,,,,,,,,,,,,,,,,,,,,,,,,,,,,,,,,,,,,,,,,,,,,,,,,,,,,,,,,,,,,,,,,,,,,,,,,,,,,,,,,,,,,,,,,,,,,,,,,,,,,,,,,,,,,,,,,,,,,,,,,,,,,,,,,,,,,,,,,,,,,,,,,,,,,,,,,,,,,,,,,,,,,,,,,,,,,,,,,,,,,,,,,,,,,,,,,,,,,,,,,
BHS,2015,988.0,1030.766269,,,,1972.692308,,,,,,,,,,,,44740000.0,11969999.999999998,,,147465115.1,150558517.62966388,4.985366384449996,1053030702.341137,2108190.0717044733,39647256.81657156,750000.0,3789000.105449991,5525000.05679998,27078000.835999973,510499.99002,7719999.79,62114000.1385,14066096270.5642,97.3465662345,506927137.2,12268421867.999998,7398933328.0,1097815320.4999995,192.16029150499992,94.59878472,38.914015,439102000.0,206152549.99999997,578571000.0,14301332.626125302,1349826.3896499986,30200999.999999948,15688999.999999998,161759000.0,43164913.6,5571609.305647442,179293619.04843646,31091000.0,222247899.99999848,5338649.999999996,150000000.0,6647449.999999968,65201849.99999998,701155.9803699759,406131.84217316535,32090747.244674616,39085934.27623148,78836498.26149997,6.723598697649989,1.3922307363,67354002.37899996,4.427707861399998,104.9899994426868,1265762182.9499998,35.04642719,29.62720779,3626507.828777633,61.51600811,776795902.7749999,9.492538026,78.8401283,165803915.15214282,50.5451224845,42.90091931,100.0,3.9683378243986023,11.50633252,100.0,0.0,64.12723037299992,559000000.0,21.70900693,98.71374243,0.6273525271499999,7.334973394399999,8314.325321,,,,,,,,,,,,50.0,,57.14285714,,,51.93939394399998,,66.66666667,,6.081081081,84.539444668,9.353943295114286,0.27592223916913,32.22871476331336,585544.65,76.553523449,4744177.499999999,99.560365136,,,,59.89621841,,,,,,,,,,,,,,110.905886,,,,,,,,,,,,,,,577619680.8899999,643364999.9999995,4.418589461,28.09935420799999,,,,,,,,,,,,,,,,,,,,,,,,,,,,,,,,,,,,,,,,,,,,,56958000000.0,,,,,,,,,,,,,,,,,,,,,,,,,,,,,,,,,,,,,,,,,,,,,,,,,,,,,,,,,,,,,,,,,,,,,,,,,,,,,,,,,,,,,53.40500000000001,1.505,,,,,1100.0,0.3,0.2,1000.0,500.0,1000.0,0.7102551020408163,104.99999999999976,0.3614999999999999,1.1404999999999998,,,,,,,,,,,,,,,,,,,,,,,,,,,,,,,,,,,,,,,,,,,,,,,,,,,,,,,,,,,,,,,,,,,,,,,,,,,,,,,,,,,,,,,,,,,,,,,,,,,,,,,,,,,,,,,,,,,,,,,,,,,,,,,,,,,,,23.451472328,,,,,,,,,,69.53483674,,
BMU,2015,95.0,1030.766269,,1622.7999999999956,6.652133408476463,1972.692308,2809.9999999999995,,,,25878.8,,,,,,33011597.79262497,30465499.999999978,5522653.259518696,,,,,,,760679.8924938487,13670682.908737142,1840000.033,14204000.095,10800000.19,18707000.7295,4019999.981,115936502.03999998,43369998.48,1363890198.014236,44.93144863,103327461.2,1611040911.0,1537479331.0,604015285.5,166.99968959999993,52.23810151,51.6611,150868549.9999999,206152549.99999997,511457000.0,14484621.084571952,8529999.733,18055000.0,16361000.0,69310999.99999999,98762597.6,20928962.86922985,159678394.8,74235000.0,2418291000.0,9130000.0,588302399.9999999,17401549.99999998,30657135.684999894,993913.1807495411,952176.978987876,22892461.693648927,23050585.13634689,58601501.08249997,53.79797015899999,1.8760561192999976,42590000.15,5.969912259549994,509.0374802949997,975425961.395,78.95392168,58.42307978,4803472.286305103,61.51600811,418735165.7649993,9.492538026,78.8401283,28579065.878393974,82.3747552,42.90091931,100.0,37.24279835,11.0406938,100.0,0.0,47.29907773000001,559000000.0,21.70900693,98.71374243,0.759607486,7.642778306699999,8726.25535945,71.22760394265191,1.0270544880333334,5069.999999999997,111.7479147,16.4742557935,1.003695248,1.025924827,2.588274135,3469.5180898999997,6382.999999999998,30.000000000000004,50.0,90.8542692490686,22.6010381895,2310.0000000000005,29.91934189644617,100.0,40.0,68.33333333649992,627.9999999999785,6.498194946,73.06925070599998,14.262327378145708,0.378596668,23.91855585651495,659566.7999999957,76.3173416245,4738457.05,99.60908448,8291.0,106.595989015,8408071726.149684,375.0007512,6.338182477999999,188000000000.0,2.578093513595379,13748406648.0,9476695640.0,102.81482319,8.646367919599992,10786546772.702805,144.7620515,16.9772601,17.571419535999993,116.815935915,8.03701501855,110.905886,8.163374999999998,8.41252226954999,10.173999996999996,8.172209419487007,7.129166667,46.47061045849997,127.4622513,102.71541,144696.8755,7571.26,24942330.358999997,,167000.0,7.205524869,8108851419.999999,9094000000.0,4.416805051,39.22256158,,,5.51741085835563,7413880752.102919,,,,,9.10972070043384,24235368421.05263,,,,,,,,,,18687000000.0,,,,,4261517899.049998,192709599.72486436,,,,,,35549449999.99998,,,,,,26919.14647,,,,,,,283098200.0,65372.56315349989,,,,,,,,,,,,,,74039.46943,9202100000.0,,,,,,,,71127.07299513336,0.017809217,,,16421178.141188651,0.2607534137,2.989565275549997,,,,9011423695.0,13.568430164,44918.5252745,11.057993314,2770077726.049991,37.51875188,7328971493.7499075,38.8894213285,,,,,,,,,,,,,,,,,,,112.90174552,,,,,,,,,,,,,83.75,21.099999999999994,11.099999999999996,32.25765261836582,67.0,140.79761999275948,174.33189174698936,75.1,1.0085662771616024,1.8,3.51,6.105,53.505,1.5,26.87,24.325,27.91499999999999,22.41,529.9999999999983,0.3,0.2,1000.0,214.99999999999915,1000.0,0.65,200.0,0.5,1.0049999999999997,99.0,98.0,100.0,2.4885000228,16.350499721,4.429999828,45.02,56.1,51.5165,5.070000172,9.479999542,7.284557989357734,21.2630000115,35.41776653533333,25.335499481,63.5215,75.1405,69.55749999999999,13.2100000525,19.591500475,17.422499945999995,98.31491420829413,82.81849785,85.816750429375,2.0914999126,0.8009230887269231,2.0627390703326083,130864.1779,25.734499646499994,34.558499339,33.58000183,96.43000031,75.23000336,82.1879982005,51.09,67.2564347826087,56.79599999999999,75.76,87.35199999999999,81.17099999999999,69.854,89.65869312,81.79,75.54,49.2506990665,172012.34999999998,42.36,49.7,41.72499999999998,17.563499999999998,20.7075,20.67,51.27008,108.36525,174.77379999999997,,,25.1,27.3,24.195,,,,,92.306697,85.96614362999999,6.003852447011111,6.96934165235,28313.649999999987,19.905926127499995,38652.7,27.03130112,72624.0,23.562998981,8.124523004649998,9.2690821537,8.341212984199998,9.45798784355,8.78894449355,9.315376626,36350.74999999999,75.0115987095,41295.19999999997,79.0753899005,102946.0,77.41221813199999,8.429412767599997,8.097721691,10.7157485135,10.935823126499995,10.3851323795,9.347576898,9.095894878,10.891894546,9.541612214,10.14171821,9.0005983031,9.45991258,8.160214691099998,8.1006226036,7.297598054849999,7.82124694,5.7487994272,5.922651864,4.468494338,4.358478495,22415.0,15.45161837,15077.199999999995,13.20847995,38965.8,14.01215634,3.470905348,2.996772036,2.941554619,2.405705645,4.879341989,3.36131989585,49.58705540399999,21.90839695,37.47919845,48543.0,52.22208132,47082.0,55.2564699,2.008578985,,,,,,,60.56638002749999,,,,,,,,,,85.16859707,,
BHR,2015,5129.0,,,82756.0,,1972.692308,255490.0,,,,18774.2,88900000.0,,,,,,140168499.99999997,207760000.0,2659774337.0,,1234274362.4999993,150375240.9974698,15.740725588999991,,1272302.8293879756,81440884.94981082,2953999.9125999934,14850000.38,10800000.19,9868500.327849988,3940000.057,12953499.885999937,131604498.57499996,26727433235.0,98.21993880141174,1188200367.0,23144915810.0,15814826810.0,3179389000.0,219.1695193,36.38529858849995,61.8714,330092649.9999998,322193849.99999946,659191000.0,80482780.73790345,3650000.095,44901449.99999999,28621000.0,834703999.9999999,117578907.2,34162681.0,869283550.1,231264449.9999992,2418291000.0,6605000.0,3514753000.0,17087000.0,559751000.0,1578748.853709091,530290.7067292294,94212464.75021929,86640861.4391316,152360238.8822,19.94860224849989,1.834785228,146660003.7,5.450895872799999,106.2827090267604,4073112033.0,78.95392168,58.42307978,144361270.57999986,62.38790378849996,3531428261.0,58.33887674,78.8401283,643685357.5,75.3738665825,,,,6.422056044,,0.0,,,,-55.76530498,9.844904732499993,0.0,19596.9831,,,,,,,,,,,,50.0,,57.14285714,,,60.33333333349998,,50.0,,0.939926441,81.22347949,7.275176827,15.228426399999998,12.347010550924294,,,5074252.0,99.953592196,,,,375.0007512,,,,,,,,,,,,,,110.905886,,,,,6.416458333,,79.972922111,,,,,,,,,,,,,,,,,,,,,,,,,,,,,,,,,,,,,,,,,,,,,,,,,,,,,,,,48138531818.18181,,,,,,,,,,,,,,,,,,,,,,,,,,,,,,,,,,,,,,,,,,,,,,,,,,,,,,,,,,,,,,,,,,,,,,,,,,,,,,,,,,,,,50.0,1.4,,,,,10000.0,0.3,0.1,5800.0,1000.0,7844.999999999997,0.65,2200.0,0.2514999999999999,1.08,,,,,,,,,,,,,,,,,,,,,,,,,,,,,,,,,,,,,,,,,,,,,,,,,,,,,,,,,,,,,,,,,,,,,,,,,,,,,,,,,,,,,,,,,,,,,,,,,,,,,,,,,,,,,,,,,,,,,,,,,,,,,,,,,,,,,23.9491414745,,,,,,,,,,66.61382292899998,,
BRB,2015,988.0,1030.766269,,,,1972.692308,,,,,,,,,,,,23959500.0,6507499.999999998,,,,,,117186820.9663503,764794.7439046758,11980803.697105229,2839999.914,1527999.9793499997,10800000.19,4279499.98385,140105.01076005024,7719999.79,34855999.202499986,1584665237.4679797,100.883717635,126099003.9,1537479331.0,1537479331.0,604015285.5,226.2426547499996,94.59878472,40.65097,158192000.0,239289399.99999985,300439950.0,17573059.389473304,1210000.038,,23301000.0,76519550.0,21463142.46,2264239.641148897,159678394.8,97946349.99999996,195579000.0,5338649.999999996,701422000.0,17087000.0,19463314.665,687014.5689273212,376083.3332933333,23525519.20562892,24338075.988031205,23734028.401861444,7.241732197699997,0.910552469,34650001.53,1.480981289,105.66982442145785,812861388.3999999,15.711443209527603,9.699442367999996,2580660.620500721,18.23576081949996,301256291.7,8.4351124598,23.71859959899996,25457953.884986296,50.43705415,42.90091931,100.0,37.24279835,53.46094073749998,99.7484757685,0.0,52.98246702699996,559000000.0,21.70900693,98.71374243,0.759607486,60.0360601335,8314.325321,,,,,,,,,,,,16.989247313499952,,88.45470693,,,100.0,,33.33333333,,6.498194946,81.22347949,30.754744154869563,0.378596668,29.48919724869565,586731.7,99.55780096,4370040.0,99.577468396,,,,86.12316257099984,,,,,,,,,,,,,,110.905886,,,,,,,79.84049251,,53064.28,195.2406,1470916.1,,,,46835639.65799998,8524500000.0,3.844573702,6.810717373,,,5.735086635860662,1847151163.0514448,,,,,3.380821252260418,5380235752.736377,,,,,,,,,,26756047429.999924,,,,,,,,,,,,8889750000.0,,,,,,17580.71593,196225338.7,497329999.9999994,197313009.0,,,2.142463515087499,437290171.8965429,65739.09433849988,1098636426.877416,1210876895.0,1269291411.75,,,9.023973863199997,1756518026.8,4762325423.1300335,1924180499.0,,,24.41050054,,67211.47251699999,,9874320859.999996,4580101617.449999,,,78.92891391,,,,,,,,,,,,,,8.44621054175,,8.476586711749999,,,,,,,,,,,,,,,,,,,,,,,132.4887032,,,,,,,,,,,,,,,,,,,,,,,,,,,,,,,1004.9999999999998,,,,1000.0,,,,,,,,100.0,,,,,,,,,,,,,,,,,,,,,,,,,,,,,,,,,,,,,,,,,,,,,,,,,,,,,,,,,,,,,,,,,,,,,,,,,,,,,,,,,,,,,,,,,,,,,,,,,,,,,,,,,,,,,,,,,,,,,,,,,,,,,,,,,,23.27700521,,,,,,,,,,34.69517721,,
BLZ,2015,1013.0,1030.766269,,,,342.39079357,,,,,,,,,,,,,,1533826.0392192206,,,,,333109996.7149057,,,,,,,,5991000.079749995,,,,,,,,,,,,269197299.9999999,,,,,14493000.0,,,,,,,0.0,,6444492.1,,,1265552.7931576113,,,,,,,,,,,,,,,,,,,34.228918667999984,100.0,47.66187049999999,11.06641837,9.61458765,0.0,80.24538991899999,553000000.0,21.70900693,98.71374243,9.87260547999999,12.494019919999998,3314.568025,,,,,,,,,,,,76.78932968849999,,31.11111111,,,100.0,,33.33333333,,6.498194946,56.19267900199999,5.349265643473866,19.39393939,58.5340359658848,584359.6,78.06483325899994,2872340.0,99.55780096,,,,,,,,,,,,,,,,128.51384331999998,8.154613270149992,110.905886,,,,,,,120.1597477,,,,,,,,,,,,,,,,,,,,,,,,,,,,,,,,,,,,,,,,,,,,,,,,,,,,,,,,,,,,,,,,,,,,,,,,,,,,,,,,,,,,,,,,,,,,,,,,,,,,,,,,,,,,,,,,,,,,,,,,,,,,,,,,,,,,,,,,,,,,,53.51,1.5,,,,,3705.0,0.3,0.1049999999999997,1000.0,1000.0,1000.0,0.7202,100.00000000000004,0.5019999999999999,1.0,,,,,,,,,,,,,,,,,,,,,,,,,,,,,,,,,,,,,,,,,,,,,,,,,,,,,,,,,,,,,,,,,,,,,,,,,,,,,,,,,,,,,,,,,,,,,,,,,,,,,,,,,,,,,,,,,,,,,,,,,,,,,,,,,,,,,,,,,,,,,,2.128420750960167,,,
VGB,2015,,,,,,,,,,,,,,,,,,,,,,,,,,,,,,,,,,,,,,,,,,,,,,,,,,,,,,,,,,,,,,,,,,,,,,,,,,,,,,,,,,,,,,,,,,,,,,,,,,,,,,,,,,,,,,,,,,,,,,,,,,,,,,,,,,,,,,,,,,,,,,,,,,,,,,,,,,,,,,,,,,,,,,,,,,,,,,,,,,,,,,,,,,,,,,,,,,,,,,,,,,,,,,,,,,,,,,,,,,,,,,,,,,,,,,,,,,,,,,,,,,,,,,,,,,,,,,,,,,,,,,,,,,,,,,,,,,,,,,,,,,,,,,,,,,,,,,,,,,,,,,,,,,,,,,,,,,,,,,,,,,,,,,,,,,,,,,,,,,,,,,,,,,,,,,,,,,,,,,,,,,,,,,,,,,,,,,,,,,,,,,,,,,,,,,,,,,,,,,,,,,,,,,,,,,,,,,,,,,,,,,,,,,,,,,,,,,,,,,,,,,,,,,,,
CPV,2015,988.0,1030.766269,526.1829787249999,,,1972.692308,,,,,,,,,,,,,,,,,,,179900473.2142857,613427.0180615918,,,,,,782029.4026367634,5916500.091199999,,,,,,,,,,,,,,,,,,,,,,,,222099.99999998737,,,,,1372895.7793144628,,,,,,,,,,,,,,,,,,,0.0,100.0,47.66187049999999,27.47307789,9.61458765,0.0,87.32036456599998,459513186.89799047,7.132386861800001,98.322934679,0.7780520035999999,12.494019919999998,3314.568025,,,,,,,,,,,,68.8125,,31.11111111,,,91.68333333649998,,15.38461538,,6.101936774249999,60.611877682,31.61478599,2.0155961812988985,51.4155077595,585544.65,99.23613913,2944551.0,99.55780096,11078.0,,,,,,,,,,,,,,,,,108.4150828,,,,,,,120.24786321,,,2.4901644278778376,,,,,,,,,,,,,,,,,,,,,,,,,,,,,,843565170.6456605,54160759525.32091,40.4512396605,57039721.80342121,7199922925.2363615,,,,,,,,,,,,,,,,,,,10150365782.186018,,,,,,,,,,,,,,,,,,,,,,,,,,,,,,,,,,,,,,,,,,,,,,,,,,,,,,,,,,,,117.52654954999998,,,,,,,,,,,,,,,,,,,,,,,,,,,,,,,3800.0,,,,500.0,,,,,,,,,,,,,,,,,,,,,,,,,,,,,,,,,,,,,,,,,,,,,,,,,,,,,,,,,,,,,,,,,,,,,,,,,,,,,,,,,,,,,,,,,,,,,,,,,,,,,,,,,,,,,,,,,,,,,,,,,,,,,,,,,,,,,,,,,,,,,,,,,,,,,,
CYM,2015,,,,,,,,,,,,,,,,,,,,,,,,,,,,,,,,,,,,,,,,,,,,,,,,,,,,,,,,,,,,,,,,,,,,,,,,,,,,,,,,,,,,,,,,,,,,,,,,,,,,,,,,,,,,,,,,,,,,,,,,,,,,,,,,,,,,,,,,,,,,,,,,,,,,,,,,,,,,,,,,,,,,,,,,,,,,,,,,,,,,,,,,,,,,,,,,,,,,,,,,,,,,,,,,,,,,,,,,,,,,,,,,,,,,,,,,,,,,,,,,,,,,,,,,,,,,,,,,,,,,,,,,,,,,,,,,,,,,,,,,,,,,,,,,,,,,,,,,,,,,,,,,,,,,,,,,,,,,,,,,,,,,,,,,,,,,,,,,,,,,,,,,,,,,,,,,,,,,,,,,,,,,,,,,,,,,,,,,,,,,,,,,,,,,,,,,,,,,,,,,,,,,,,,,,,,,,,,,,,,,,,,,,,,,,,,,,,,,,,,,,,,,,,,,
COM,2015,,,,,,,,,,,,,,,,,,,,,,,,,,,,,,,,,,,,,,,,,,,,,,,,,,,,,,,,,,,,,,,,,,,,,,,,,,,,,,,,,,,,,,,,,,,,,,,,,,,,,,,,,,,,,,,,,,,,,,,,,,,,,,,,,,,,,,,,,,,,,,,,,,,,,,,,,,,,,,,,,,,,,,,,,,,,,,,,,,,,,,,,,,,,,,,,,,,,,,,,,,,,,,,,,,,,,,,,,,,,,,,,,,,,,,,,,,,,,,,,,,,,,,,,,,,,,,,,,,,,,,,,,,,,,,,,,,,,,,,,,,,,,,,,,,,,,,,,,,,,,,,,,,,,,,,,,,,,,,,,,,,,,,,,,,,,,,,,,,,,,,,,,,,,,,,,,,,,,,,,,,,,,,,,,,,,,,,,,,,,,,,,,,,,,,,,,,,,,,,,,,,,,,,,,,,,,,,,,,,,,,,,,,,,,,,,,,,,,,,,,,,,,,,,
CUB,2015,,,,,,,,,,,,,,,,,,,,,,,,,,,,,,,,,,,,,,,,,,,,,,,,,,,,,,,,,,,,,,,,,,,,,,,,,,,,,,,,,,,,,,,,,,,,,,,,,,,,,,,,,,,,,,,,,,,,,,,,,,,,,,,,,,,,,,,,,,,,,,,,,,,,,,,,,,,,,,,,,,,,,,,,,,,,,,,,,,,,,,,,,,,,,,,,,,,,,,,,,,,,,,,,,,,,,,,,,,,,,,,,,,,,,,,,,,,,,,,,,,,,,,,,,,,,,,,,,,,,,,,,,,,,,,,,,,,,,,,,,,,,,,,,,,,,,,,,,,,,,,,,,,,,,,,,,,,,,,,,,,,,,,,,,,,,,,,,,,,,,,,,,,,,,,,,,,,,,,,,,,,,,,,,,,,,,,,,,,,,,,,,,,,,,,,,,,,,,,,,,,,,,,,,,,,,,,,,,,,,,,,,,,,,,,,,,,,,,,,,,,,,,,,,
CUW,2015,,,,,,,,,,,,,,,,,,,,,,,,,,,,,,,,,,,,,,,,,,,,,,,,,,,,,,,,,,,,,,,,,,,,,,,,,,,,,,,,,,,,,,,,,,,,,,,,,,,,,,,,,,,,,,,,,,,,,,,,,,,,,,,,,,,,,,,,,,,,,,,,,,,,,,,,,,,,,,,,,,,,,,,,,,,,,,,,,,,,,,,,,,,,,,,,,,,,,,,,,,,,,,,,,,,,,,,,,,,,,,,,,,,,,,,,,,,,,,,,,,,,,,,,,,,,,,,,,,,,,,,,,,,,,,,,,,,,,,,,,,,,,,,,,,,,,,,,,,,,,,,,,,,,,,,,,,,,,,,,,,,,,,,,,,,,,,,,,,,,,,,,,,,,,,,,,,,,,,,,,,,,,,,,,,,,,,,,,,,,,,,,,,,,,,,,,,,,,,,,,,,,,,,,,,,,,,,,,,,,,,,,,,,,,,,,,,,,,,,,,,,,,,,,
DMA,2015,243.0,1030.766269,,,,475.0,,,,,,,,,,,,,,,,,,,312712866.08167326,,,,,,,,11670000.08,,,,,,,,,,,,,,,,,,,,,,,,,,5788457.1399999885,28862932.3,,376083.3332933333,,,,58.660639475999965,,,,,,,,,,,,,,,0.0,100.0,47.66187049999999,38.95283080249996,0.0,0.0,48.366645044999984,45549999.99999997,0.2989077480840587,98.175930946,0.5305950244499993,59.4515887075,5674.29931865,,,,,,,,,,,,50.2272727275,,27.5,,,100.0,,15.238095241999943,,6.498194946,84.527010094,31.213561116021737,0.048704868009745,51.95728840299999,584330.0,99.859415732,2944551.0,99.85201656,,,,,,,,,,,,,,,,,,110.905886,,,,,,,98.45550753,,84747.0,84.64073328,1310276.413,,1524.9999999999986,0.93648398895,642553191.5,859841249.9999926,3.59244912815,7.246579019849975,146553485.2329959,522589262.4209201,4.162435112558339,398550666.0431261,37.09636770599999,746178321.9838178,2063132579.0,1609000730.9999998,22.09458166,2556658784.391243,102.822757,904359970.5946708,2627029999.9999995,117.16200991499998,1171797713.199999,3320397372.2999983,151.5934066,,,51916000000.0,,247223717.65495223,801423667.7407935,40.07429731049999,57039721.80342121,69557390.19734709,279970052.87936133,900962681.3707885,41.64636154,,,1435512974.0,,,,,,10083.761800499997,,,,,,,,14369.723996999996,,,,,,,,,,,,,38.11080296999999,22457.91661,,,,,,,,,,,,,2789219.250341256,0.3815819895999999,,33.16093521399999,79320864.537461,19.86644437764523,,12.828535848999998,,13.576166154,1069588849.3995048,39.07151347,1065242405.0,35.2750399815,,170019679.99999982,,,,,,,271020658.8333339,1119000000.0,22.82585643199999,189653728.3,742587798.945262,34.3835841915,37.31580791341176,,,,,,,,,,,,,,,,,,,,,,,,,,,,,45.9,1.6,,,,,13999.999999999996,0.2999999999999999,0.4,1000.0,1000.0,1000.0,0.6815,100.00000000000004,0.5669999999999985,1.0239999999999998,,,100.0,7.186047395800934,21.86799974,17.01000023,31.83,46.32,42.6985,4.06349995155,7.53150019665,5.797620579765473,28.953500843999997,37.11999893,31.10000038,50.8895,71.09,61.59,22.644999377999994,29.74000016,29.54472173934363,92.91999817,83.22350234849999,85.83175058237501,13.857999942999996,7.249636229209085,9.134999704749996,42936.96614,10.686060213161454,30.70000076,29.6235008245,95.84999847,70.2569999695,79.41999817,50.70399999999999,65.18874137931034,58.19,72.56,85.14,79.28,64.5895,84.44042388,80.11,70.73,46.84398687,66411.0,45.0,49.7565,47.14,23.9875,21.8,20.685,61.29831,133.624,213.1581,15.3139,8.856116666666667,,,,79.504,78.6356182925,77.32330925925925,2.211,86.3767736,79.45082183999999,7.764355577933801,9.854734716099998,18537.0,25.1845222418,20850.6,29.620600136,39104.96333333334,26.4892008195,8.7700669482,10.040731363,9.38767767625,9.59465908285,9.767091145499998,9.65094134415,35835.367647058825,70.21255342,40667.0,70.4262942605,81058.0,70.108764718,9.5163701367,9.6938021531,8.795084005049999,8.88784894105,8.710287359999999,8.7539408431,7.948204455699999,8.072020598749999,7.130497098949999,7.4606875578,7.19480293905,7.3224028263499985,7.50995402655,7.074227840400001,6.663277411,5.984088551,5.074434097,5.407566813,3.79255037965,3.70444934445,6505.0,14.043559301499998,4718.249999999999,12.12116767,14851.249999999998,13.733342987,3.2913400495,2.694537082,2.793240476,2.0741113099,4.443341975,3.22803492425,56.1884599275,20.094838906,42.8442326055,53945.4,51.87825288,51305.34970778953,50.96387539,,2.6241332947555502,27.98225016,28.557428483,68.0996000055,0.889082167548164,,,,47.90093501549999,1.4371253993727189,86.3791238045,73.9860471305,14.304375767999996,,,,,,
DOM,2015,5983.0,1030.766269,,,,1972.692308,,,,,,,,,,,,,,,,,,,117000000000.0,,,,,,,,129999.9952,,,,,,,,,,,,,,,,,,,,,,,,,,,,,1640499.9855,,,,,,,,,,,,,,,,,,,,,,12.198685091999998,,0.0,,,,87.23523703,2.995885296,10.66517846,1618.9234183,,,,,,,,,,,,68.0,,23.770491799999995,,,92.07002456799998,,43.21428571699998,,8.596300326,56.27670143999998,11.741346918830605,0.9708026492306135,31.87714535878145,,,,,,,,,,,,,,,,,,,,,,110.905886,,,,,13.003754700499996,,,,,44.251749999999625,,,,,,,,,,,,,,,,,,,,,,,,,,,,,,,,,,,,,,,,,,,,,,,,,,,,,56958000000.0,,,,,,,,,,,,,,38.11080297,,,,,,,,,,,,,,,,,,,,,,,,,,,,,,,,,,,,,,,,,,,,,,,,,,,,,,,,,,,,,,,,,,,,,,,,,,,,,,,,,,,,,,,,,,,,,,,,,,,,,,,,,,,,,,,,,,,,,,,,,,,,,,,,,,,,,,,,,,,,,,,,,,,,,,,,,,,,,,,,,,,,,,,,,,,,,,,,,,,,,,,,,,,,,,,,,,,,,,,,,,,,,,,,,,,,,,,,,,,,,19.3726819,,,,,,,,,,
FJI,2015,5983.0,1030.766269,,,,386.3636364,,,,,,,,,,,,,,,,,,,368862857.14285713,583464.9489479326,,,,,,,47669998.17,,,,,,,,,,,102694000.0,269055349.9999999,283899960.0,,1730000.019,3564000.0,14493000.0,,15065825.999999998,,,10005000.0,111239458.72625507,4442000.0,,6614017.49499999,,,1519485.7051171423,,,,,,,,,,,,,,,,,,,0.0,99.75774576,37.24279835,11.694052226499998,0.0,0.0,92.00385356,3373307.730525977,0.1569114334369699,89.49660513049997,12.326458635999998,59.428939930000006,3026.114816,,,,,,,,,,,,79.1752754855,,27.5,,,95.23809524,,11.556776558,,6.081081081,46.1928934,19.220292883245733,15.321276436999993,42.042977361400006,586702.0,99.23613913,2872340.0,99.303549287,,,,,,,,,,,,,,,,,,110.905886,,,,,,,,,,,,,,,,,,,,,4.764570419652797,1840242021.3668256,,,,,4.364462010331047,5504827224.479788,,,,,,,,,,18687000000.0,,,,,,,,,,,,6039310000.0,,,,,,,,,,,,,7235164738.438233,,,,,,,,,,,,,,,,,,,,,,,,,,,,,,,,,,,10.711628133999998,,7.980598898899996,,,,,,,,,,,,,,,,,,,,,,,,,,,30.75971,,,,5274.599999999999,128708.85,,,93.41886331749998,,,,,,,,,,,,,,,,,,,3104.9999999999995,,,,1000.0,,,,,,,,,,,,,,,,,,,,,,,,,,,,,,,,,,,,,,,,,,,,,,,,,,,,,,,,,,,,,,,,,,,,,,,,,,,,,,,,,,,,,,,,,,,,,,,,,,,,,,,,,,,,,,,,,,,,,,,,,,,,,,,,,,,,,,,,,,,,,,,,,,,,,,
GRD,2015,243.0,1030.766269,134.2,,,475.0,,,,,,,,,,,,,,,,,,,312712866.08167326,,,,,,,,9562999.581899997,,,,,,,,,,,,,,,,,,,,,,,,38899.99999999779,,4327278.489999999,6075599.999999999,,397050.7979571841,,,,64.13427249749998,,,,,,,,,,,,,,,0.0,100.0,47.66187049999999,60.11616651,99.7484757685,0.0,48.36074450249998,498011851.1962735,0.3538171819361702,98.71374243,0.759607486,62.96480855,8124.3653426,,,,,,,,,,,,33.33333333,,0.1086956521499938,,,100.0,,15.448717944499997,,6.498194946,85.8999695765,31.834684594399988,0.0089167282339552,31.535082882512597,586702.0,76.78398532,2875950.55,99.55780096,,,,,,,,,,,,,,,,,,110.905886,,,,,,,80.77124326099995,,51936.45,84.64073328,1310276.413,,1000.0,0.655402483,30984609.249499995,554679321.2669681,2.301511211,4.15080906917568,215175902.54510587,610689885.385915,4.871728337776752,398890070.6513369,39.45062742,939706107.509832,3304597434.999996,2072635950.0499997,22.09458166,2556658784.391243,94.10302887,1036060475.22696,3224689999.9999967,103.653751,1404398700.0,3853600000.0,136.88487315999998,,,51916000000.0,,390811177.5860562,1396254285.7142851,37.69044984,57039721.80342121,69557390.19734709,418888888.9,1329685829.9595127,37.2084962145,,,1846000000.0,,,,,,9199.397221,,,,,,,,14576.37288,,,,,,,,,,,,,19.556706653999957,25029.50411,,,,,,,,,17447.76358710334,0.0001065271999999,,,4040451.113880909,0.318423485,0.3487497065719834,26.61531682306178,223115034.3,17.81388035,1078763529.03125,15.7641089,9846.595523500002,13.64571155,677441961.0666667,24.43855308,685150827.8,21.919527308999985,,178393019.9999984,,,,,,,222424949.5019594,1159788300.0,22.6783009,345570667.7899981,1097133027.4902682,18.94912357,23.5374728375,,,,,,,,,,,,,,,,,,,,,,,,,,,,,53.81,1.6,,,,,1004.9999999999998,1.4,0.2149999999999991,524.9999999999985,1006.152744994882,214.9999999999992,0.49,100.00000000000004,0.5305,0.8299999999999998,,,100.0,10.914499906999998,22.8525006325,17.01000023,35.56,54.9265,43.22,4.139333438466667,7.5525001767,5.76100022805,32.097499652,38.17000121999999,32.13000107,51.45,69.4915,59.64,29.67999935,29.741333463333333,26.591305066869563,89.75097365964602,79.009500122,84.76400185,13.907499931499991,1.195820103971418,1.4420000550999998,47788.47825,26.964999676999923,32.51186881856923,21.3739996865,89.394997403,59.086499782,71.6484992985,51.73,64.71646011035324,58.19,69.758,84.86999999999999,77.78,64.55,82.8634577915,79.11449999999999,68.2405,48.58355811,100449.0,45.9205,42.88,47.14,23.476,21.025,20.992,,,,,,,,,,,,,,,,,,,,,,,,,,,,,,,,,,,,,,,,,,,,,,,,,,,,,,,,,,,,,,,,,,,,,,,,,,,2.955439692321874,27.98225016,31.133081506499988,71.65954146899999,0.8899499508269868,,,,54.75947618,0.8416839748819324,89.83215131,78.90424332,4.995934979949998,,,,,,
GNB,2015,5983.0,1030.766269,199.522,,,475.0,,,,,,,,,,,,,,23891846.15336235,,,,,436581784.6153846,636333.0288120784,,,,,,,12100000.38,,,,,,,,72.97784897,,,439102000.0,,,,,23767799.999999985,,,,,,80858000.0,183550300.0,4442000.0,,,22897000.0,,1997282.6115043475,,,,,,,,,,,,,,,,,,,0.0,96.848989206,47.66187049999999,60.11616651,0.0,0.0,71.28987517,466764967.83770406,7.132386861800001,80.32561528,2.995885296,62.96480855,3060.3954272999986,,,,,,,,,,,,81.1059743945,,18.272727270999997,,,95.23809524,,15.384615379999998,,13.63636364,36.47750363599999,31.834684594399988,1.9715965986153847,59.25925926,,,2872340.0,28.275759734,,,584480085.9149998,160.10330939999997,7.641654075,704982583.68,,,,,,,,8.342805083,,,,108.99831393,,,,,12.1328055575,,102.74778639,,39510.95652173913,95.792,1405169.0,,,,,,,,,,,,,,,,,,,,,,,,,,,,,,,,,,,,,,,,,,,,,,,,,,,,,,,,,,,,,,,,,,30.6,,,,,,,,,,,,,,,,,,,,,,,,,,,,,,,,,,,,,,,,,,,,,,119.696512,1.00610003475,278890.0,48.69939049999999,62.23411,122.4438095,119.97334331499998,124.2361832,12072.7,378365.0,264760.64999999973,52.8225185,75.03774261,,,,,,,,,,,,,,,,,,,,,,,,,,,,,,,,,,,,,,,,,,,,,,,,,,,,,,,,,,,,,,,,,,,,,,,,,,,,,,,,,,,,,,,,,,,,,,,,,,,,,,,,,,,,,,,,,,,,,,,,,,,,,,,,,,,,,,,,,,,,,,,,,,,,,,,,,,,1.862640297,50.69184206,33.1873256565,56.9535181015,2.2352100791999985,,,,23.626033622499996,44.43399289,98.79475379999998,89.52451592,56.99128839149997,,,,,,
GUY,2015,5983.0,1030.766269,,,,475.0,,,,,,,,,,,,,,,,,,,451918130.1274392,,,,,,,,12452500.34199998,,,,,,,,,,,779125000.0,,,,,122962599.99999982,,,,,,,,5272000.0,,,,,1160857.1525142854,,,,54.63182738,,,,,,,,,,,,,,,0.0,92.81677789449998,70.18561485,27.47307789,0.0,0.0,93.86068477,465864967.8377041,7.09333748844,90.32654003,17.17259564,11.20695803,3630.583141,,,,,,,,,,,,82.92682927,,9.496732026199997,,,95.55555556,,15.615384610999984,,10.34482759,46.1928934,43.95229983,21.82233114033149,58.36201883240708,661258.7499999958,76.553523449,2944551.0,28.25665099,,,,,,,,,,,,,,,,,,110.905886,,,,,,,,,16840.0,2.20579369881735,340267.6232,,,,,,,,937019581.7244158,229350000000.0,4.729063998578271,144087500000.0,31.486588380999983,9766269277.29412,1328999999999.999,1220000000000.0,8.207483161696873,796000000000.0,73.4061975,9983719036.7,1446999999999.9995,100.88793512,12369560031.0,1882500000000.0,129.7442015,3829950977.0,497000000000.0,362000000000.0,95.56267318,1723308730.7426467,340599999999.99994,45.46298206,57039721.80342124,9448570700.0,2539571178.483333,347000000000.0,44.30810476,4298660608.649999,558700000000.0,545000000000.0,109.7278887,-73823226.3430001,-27503461070.20603,14.133244389999998,200.7252869,,,,,,,,,,,,,,,,,,,,,,30.6,,,,,,,,,,,,,,,,,33.56836515,1645032671.0,26.883956245999997,,10.9993874,,8.12774942205,1079854152.5927944,18.325678604499995,1092986983.5499992,22.010664734499983,,1902312264.9999995,,,,,,,1798066616.3085437,84274000000.0,50.74626866,2199047017.0,67297785399.0,33.56836515,62.79771544799996,,,205.3941667,,1.0187124611,290362.1499999993,49.18614,25.56063,112.77952538,100.82651785,103.521517965,5703.0,107859.0,101448.89999999998,60.1342155,97.72779083,,,,,,,,,,,,,,,,,,,,,,,,,,,,,,,,,,,,,,,,,,,,,,,,,,,,,,,,,,,,,,,,,,,,,,,,,,,,,,,,,,,,,,,,,,,,,,,,,,,,,,,,,,,,,,,,,,,,,,,,,,,,,,,,,,,,,,,,,,,,,,,,,,,,,,,,,,,,,,,,,,,34.54605741,,,,,,,,,,
HTI,2015,5983.0,1030.766269,352.1529412,,,354.0236686,,,,,,,131269345.52499984,0.2614102705871837,,109695038.63999994,,,,,33.28387313299999,,,,111299999999.99998,,,,,,,,,,,,,,,,,,,748103000.0,504524750.0,756170000.0,,,298632000.0,-629000.0000000019,,,,,50000000.0,183474000.0,-24550.000000009342,51375249.999999925,100540000.0,209980449.9999999,,1760895.6905529504,,,,,,,,,,,,,,,,,,,,,,66.48992577,,0.0,,,,22.01586996,0.1805276475999999,60.43070947999999,1050.732539,,,,,,,,,,,,77.7058823495,,11.11111111,,,92.1825396845,,50.0,,6.997196387999999,34.55882353,25.545442348181812,0.9629182794571424,46.15384615,,,,,,,,,,,,,,,,,,,,,,110.905886,,,,,14.6,,131.7328837,,51680.0,219.624,2074020.0,,,,,,,,,,,,,,,,,,,,,,,,,,,,,,,,57039721.80342128,9448570700.0,,,,,,,,,,,,,,,,,,,50435800000.0,,,,,,,,,,,,,,,,,,,,,,,,,,,,,,,,,,,,,,,,,,,,,,,,,,,,,,,,,,,,127.3842095,1.0329809668,1305661.0,49.23277000000001,62.23411,127.8435593,116.408783,122.012352,71463.0,920494.0,885379.0,54.373599000000006,93.1223764545,,,,,,,,,,,,,,,,,,,,,,,,,,,,,,,,,,,,,,,,,,,,,,,,,,,,,,,,,,,,,,,,,,,,,,,,,,,,,,,,,,,,,,,,,,,,,,,,,,,,,,,,,,,,,,,,,,,,,,,,,,,,,,,,,,,,,,,,,,,,,,,,,,,,,,,,,,,2.6564923336,22.377650602499997,32.758307277,81.27502823,1.133111021853712,,,,,32.94054109949998,94.683396196,84.09738082,58.064117354499984,,,,,,29.759876803
JAM,2015,5983.0,1030.766269,,,,1972.692308,,,,,,,,,,,,,,,,,,,,,,,,,,,,,,,,,,,,,,,194642000.0,,,970500.028125,,15688999.999999998,,,,,,,,,,,,1459917.4234846134,,,,,,,,,,,,,,,,,,,,,,27.47307789,,0.0,,,,83.15317008,0.625903278,11.13282011,2371.829362,,,,,,,,,,,,68.1869565215,,8.387254901649998,,,94.301158305,,12.025,,4.366812227,44.0,43.57446809,2.8633737821858856,26.0245390667596,,,2944551.0,28.63882587,,,,,,,,,,,,,,,,,,110.905886,,,,,,,127.67578292,,,,,,,,,,,,,,,,,,,,,,,,,,,,,,,,,,,,,,,,,,,,,,,,,,,,,,,,,,,,,,,,,,,,,,,,,,,,,,,,,,,,,,,,,,,,,,,,,,,,,,,,,,,,,,,,,,,,106.86445568,,,,,,,,,,,,,,,,,,,,,,,,,,,,,,,,,,,,,,,,,,,,,,,,,,,,,,,,,,,,,,,,,,,,,,,,,,,,,,,,,,,,,,,,,,,,,,,,,,,,,,,,,,,,,,,,,,,,,,,,,,,,,,,,,,,,,,,,,,,,,,,,,,,,,,,,,,,,,,,,,,,,,,,,,,,,,,,,,,,,,,,,,
KIR,2015,1013.0,1030.766269,339.0666667,3120.0,,475.0,72533.89999999995,,,,25878.8,357676.421695,,,,,,,,1752459.0339544932,,,,,368862857.14285713,836805.983248161,,397999.9870099996,4693499.827049999,,,,34299999.24,,319115606.7321819,44.93144863,25511422.715,336644010.5496051,272935443.22,70148553.0,33.41732453,23.4522037865,21.5873,13794799.999999976,126450049.9999998,39185427.45116913,17053160.044342227,,3564000.0,5719599.999999996,66667999.99999999,43522693.3,344725.6798115968,34427280.26196508,29695000.0,15905128.01015305,961199.9999999896,38134499.99999996,7284443.700000001,11845399.999999989,,1156545.3646272193,,,,,,,,,13815862.715,31.770520416,4.838648274,1154574.2760425252,31.617216061499995,24370027.613340106,4.401157962899999,14.76997707,3791289.480166455,100.0,0.0,100.0,47.66187049999999,52.896588955,99.7503285145,0.0,51.02234512649999,63536363.63636321,0.0498741549489819,98.175930946,9.88041530849999,62.96480855,8314.325321,,,,,,,,,,,,50.83333333349996,,11.11111111,,,100.0,,33.33333333,,6.498194946,85.8999695765,23.350915572152672,19.39393939,38.276553867,2170626.0,76.44333081149999,2872340.0,99.55780096,,64.58381523,158914680.45,165.33660108999985,7.641654075,174059822.48499998,1.0512563388430831,975130945.0949996,1752247111.7999983,54.4137596205,26.6924404275,909257747.7525527,98.695341015,4.310498967,27.143436969,,,110.905886,11.5115416665,29.77,18.55,13.67052457,9.678948853,3.6528293442999975,127.4622513,55.27737126899999,46486.95,74.769,933081.2,,4000.0,0.940990487,51424794.60699999,401331304.3478257,2.310215490149999,6.909849134399995,,,,,,,,,,,,,,,,,,,,,,,,,,,,,,,,,,,,,,7886.999956099997,,,,,,,,76653.5143635,,,,,,,,,,,,,12.60965944,15079.81589,227885016.3,,,,,,,,,,,,15494044.407999989,3.3929377990000003,,,,,,,,,405968199.1297746,34.31479318,,,,,,,,,,,,,,,,,,,,,116.912733435,,,,26.56507,,,,991.4,14396.999999999998,,,101.86749091297608,,,,,,,,,,,,,45.9,2.205,,,,,3800.0,0.2999999999999999,0.5,1700.0,1109.9999999999995,1400.0,1.0235,500.0,1.4114999999999998,1.78,,,,57.12249850849999,65.888000488,63.83000182999999,70.6725,56.42600000000001,69.769,1.139999986,2.2754999876499995,2.839999914,84.41999817,74.1182391533115,73.79650078249999,61.770500000000006,76.093,82.71,83.0129998685,72.944999168,72.05947690067482,48.40000153,57.03699969799999,55.97000121999999,34.201999474,22.717500402499983,36.42900009149992,16913.695623219115,54.08000183,28.068304346173917,30.23999977,86.33999634,48.15000153,62.9810003325,50.09023076923076,67.42,56.43300000000001,84.477,87.29050000000001,73.2615,66.08199999999995,87.27559920849998,86.1415,69.8175,48.2060193605,55829.45120897359,37.3815,23.614499999999957,40.42049999999999,17.0855,11.1175,10.3825,,,,,,,,,,,,,,,,,,,,,,,,,,,,,,,,,,,,,,,,,,,,,,,,,,,,,,,,,,,,,,,,,,,,,,,,,,,,,,,,,,,35.18565935,,,,,,18.067257276999992,15.557494291444783,,,
MDV,2015,5893.0,1030.766269,,,,1972.692308,,,,,,12359121.327499982,,,,,,,,2302010.0492424862,,154487720.89999998,,,2083620000.0,,,,,,,,7719999.79,,,,,,,,,,,398821350.0,,,,,28557000.0,,,,,,,,5272000.0,,,28862932.3,,1721404.5932536898,,,,,,,,,,,,,,,,,,,0.0,100.0,47.53873528090909,10.8055802,99.777060941,0.0,52.85908310749997,3373307.730525977,0.0394132359997891,98.71374243,12.29094806,8.984745611699994,8413.583739,,,,,,,,,,,,14.329004332999997,,19.81981982,,,33.33333333,,100.0,,6.498194946,72.64008077,35.7428778835,17.42221093199999,32.24875429566686,584389.25,99.23613913,2875950.55,99.55780096,7441.115185249999,,,,,,,,,,,,,,,,,110.905886,,,,,,,,,,,,,21000.0,7.213802945549999,1347606383.0,4389000000.0,4.15521945115,15.5508831,,,,,,,,,,,,,,,,,,,,,,,,,,,,,,,,,,,,,,,,,,,,,48138531818.18181,,,,,,,,,,,,,,,,,,,,,,,,,,,,,,,,,,,,,,,,,,,,,,,,,,,,,,,,,,,31.87549833649999,114.9277623,,,,,,,,,59905.1,,,109.550478749,,,,,,,,,,,,,53.70500000000001,1.4049999999999998,,,,,3705.0,0.3000000000000001,0.2,2009.9999999999995,1000.0,2714.999999999999,0.63,200.0,1.17,1.1534999999999995,,,,,,,,,,,,,,,,,,,,,,,,,,,,,,,,,,,,,,,,,,,,,,,,,,,,,,,,,,,,,,,,,,,,,,,,,,,,,,,,,,,,,,,,,,,,,,,,,,,,,,,,,,,,,,,,,,,,,,,,,,,,,,,,,,,,,,,,0.7464579927148065,,,,,0.8883574376499997,,,,
MHL,2015,,,,,,,,,,,,,,,,,,,,,,,,,,,,,,,,,,,,,,,,,,,,,,,,,,,,,,,,,,,,,,,,,,,,,,,,,,,,,,,,,,,,,,,,,,,,,,,,,,,,,,,,,,,,,,,,,,,,,,,,,,,,,,,,,,,,,,,,,,,,,,,,,,,,,,,,,,,,,,,,,,,,,,,,,,,,,,,,,,,,,,,,,,,,,,,,,,,,,,,,,,,,,,,,,,,,,,,,,,,,,,,,,,,,,,,,,,,,,,,,,,,,,,,,,,,,,,,,,,,,,,,,,,,,,,,,,,,,,,,,,,,,,,,,,,,,,,,,,,,,,,,,,,,,,,,,,,,,,,,,,,,,,,,,,,,,,,,,,,,,,,,,,,,,,,,,,,,,,,,,,,,,,,,,,,,,,,,,,,,,,,,,,,,,,,,,,,,,,,,,,,,,,,,,,,,,,,,,,,,,,,,,,,,,,,,,,,,,,,,,,,,,,,,,
MUS,2015,5983.0,1030.766269,,,,1972.692308,,,,,,,,,,,137319595.66814786,,,,,,,,,,,,,,,,7719999.79,,21820487759.857143,40.8768607582,1238934441.7499998,20898569544.0,9450985657.599998,2486234000.0,110.7742627,94.59878472,51.6611,,316663100.0,,99229938.35278752,,,16361000.0,834703999.9999999,117578907.2,49171950.75,869283550.1,217364000.0,728957000.0,6605000.0,1509111000.0,17087000.0,559751000.0,,1639999.986,,,,,,,,,3267088407.099997,88.05009247,29.62720779,282051951.55999976,,1435283336.7499988,36.14638490599993,62.27716219799995,220745352.40153775,55.11188006299997,,,,22.30559345,,0.0,,,,84.54228895,0.804578466,8.916231657549998,2372.24632575,,,,,,,,,,,,49.99999999999999,,86.398035334,,,100.0,,20.000000000000004,,4.8564261171,61.36363636,9.59200113719728,0.2771807570137564,25.855702667699877,2516051.0,99.62618774,4370040.0,99.99999999999996,,,,767.641212,,,,,,,,,,,,,,108.4150828,,,,,,,120.24786321,,,,,,,,,,,,,,,,,,,,,,,,,,,,,,,,,,,,,,,,,,,,,,,,,,,,,,,,56958000000.0,,,,,,,,,,,,,,,,,,,,,,,,,,,,,,,,,,,,,,,,,,,,,,,,,,,,,,,,,,,,132.4887032,,,,,,,,,,,,,,,,,,,,,,,,,,,,,,,,,,,,,,,,,,,,,,,,,,,,,,,,,,,,,,,,,,,,,,,,,,,,,,,,,,,,,,,,,,,,,,,,,,,,,,,,,,,,,,,,,,,,,,,,,,,,,,,,,,,,,,,,,,,,,,,,,,,,,,,,,,,,,,,,,,,,,,,,,,,,,61.93930904,,,,,,,,,,36.04247850299999,,
FSM,2015,,,,,,,,,,,,,,,,,,,,,,,,,,,,,,,,,,,,,,,,,,,,,,,,,,,,,,,,,,,,,,,,,,,,,,,,,,,,,,,,,,,,,,,,,,,,,,,,,,,,,,,,,,,,,,,,,,,,,,,,,,,,,,,,,,,,,,,,,,,,,,,,,,,,,,,,,,,,,,,,,,,,,,,,,,,,,,,,,,,,,,,,,,,,,,,,,,,,,,,,,,,,,,,,,,,,,,,,,,,,,,,,,,,,,,,,,,,,,,,,,,,,,,,,,,,,,,,,,,,,,,,,,,,,,,,,,,,,,,,,,,,,,,,,,,,,,,,,,,,,,,,,,,,,,,,,,,,,,,,,,,,,,,,,,,,,,,,,,,,,,,,,,,,,,,,,,,,,,,,,,,,,,,,,,,,,,,,,,,,,,,,,,,,,,,,,,,,,,,,,,,,,,,,,,,,,,,,,,,,,,,,,,,,,,,,,,,,,,,,,,,,,,,,,
NRU,2015,,,,,,,,,,,,,,,,,,,,,,,,,,,,,,,,,,,,,,,,,,,,,,,,,,,,,,,,,,,,,,,,,,,,,,,,,,,,,,,,,,,,,,,,,,,,,,,,,,,,,,,,,,,,,,,,,,,,,,,,,,,,,,,,,,,,,,,,,,,,,,,,,,,,,,,,,,,,,,,,,,,,,,,,,,,,,,,,,,,,,,,,,,,,,,,,,,,,,,,,,,,,,,,,,,,,,,,,,,,,,,,,,,,,,,,,,,,,,,,,,,,,,,,,,,,,,,,,,,,,,,,,,,,,,,,,,,,,,,,,,,,,,,,,,,,,,,,,,,,,,,,,,,,,,,,,,,,,,,,,,,,,,,,,,,,,,,,,,,,,,,,,,,,,,,,,,,,,,,,,,,,,,,,,,,,,,,,,,,,,,,,,,,,,,,,,,,,,,,,,,,,,,,,,,,,,,,,,,,,,,,,,,,,,,,,,,,,,,,,,,,,,,,,,
PLW,2015,763.5499999999996,1030.766269,333.61999997,517.0,,475.0,950.0,190.8729999999997,487.82,183.98,27640.0,4018510.093049998,,,,,,,,1468588.410411211,,,,,311640000.0,592972.0241115044,6601141.674150752,,14850000.38,844141.815391055,,,34299999.24,,504343336.9243345,97.315088031,31908271.5,477577415.68456906,453153075.97,514890510.3,165.7502652,29.75217746800788,36.66146999999999,21847049.999999985,90226399.99999966,89788000.0,18936078.753723186,1730000.019,3564000.0,12687000.0,66667999.99999999,43522693.3,356090.35575435817,38081163.06866823,80858000.0,78378599.99999996,944000.0,51375249.999999925,4484569.8,28862932.3,,599216.7970892024,,,,,,,,,36796755.23999997,18.926701510606645,11.554456916499996,8933243.88064085,27.819488033999985,26950719.431210205,9.918410605,28.987788652999992,26242574.639366698,67.97179350049998,0.0,100.0,47.58349814714088,53.46094073749998,100.0,0.0,52.3446233905,483004583.8625946,0.3553598957724547,98.71374243,0.435980484,62.96480855,8706.579067,,,,,,,,,,,,8.975155279799983,,10.497416021499998,,,100.0,,100.0,,6.081081081,85.793650792,21.98275862,0.369783413,35.478431369499994,586702.0,76.9309253,4376090.1,99.621231084,,79.41764601599998,143560429.875,59.89621841,7.085454165,143560429.875,0.9751308701308083,2112367710.0,1741292592.199999,79.51815476249998,16.141507615499997,2122209934.9,131.621470965,25.2940271,26.6342971045,,,110.905886,9.767464007,13.94166667,7.894980442899996,7.98699567601357,6.9581261856,72.39860335099998,82.5441853385,83.44669785849999,46712.39999999998,95.79936111111112,1637644.9999999988,74.3910643285,4497.499999999997,1.1703872888999984,574202127.7,446176249.9999999,2.8493853547999977,6.810717373,,,,,,,,,,,,,,,,,,,,,,,,,,,,,,,,,,,,,,25314.2118,,,,,,,,64205.46440749996,,,,,,,,,,,,,38.185187782000014,68860.67151,8082300000.0,,,,,,38815153.00000001,6.1,280815.9321692307,0.0291087502999999,64384832.20852168,5.540656866840501,17168752.19199999,0.324015181,4.881725293649999,,,,405254818.9254752,24.6168748,13364.613521999996,22.88681821,1134690407.056265,36.023249750000005,1065242405.0,36.30668168,0.0,,,,,,0.0054690413730264,9.134129097345369,,,,,,,,,,,110.9366115,0.991959989,1666.8999999999994,50.13226,22.5641675,120.9083786,113.442960365,119.63888986499998,670.0,2385.3,2564.449999999996,50.41787,116.54572295,,,,,,,,,,,,,54.0,1.6299999999999983,,,,,1089.999999999995,1.8,0.5149999999999991,1000.0,1011.0815866534872,1000.0,1.2,100.00000000000004,2.2309999999999985,1.2514999999999998,,,100.0,10.34320147696252,21.4880001105,17.01000023,36.9035,55.2715,49.74999999999999,4.450283689853548,9.2319995878,6.94950096539629,32.61999893,37.11999893,32.456001093,63.5215,75.7825,68.4675,28.208500163299995,29.74000016,25.34000084,98.79000092,83.411001591,95.91000366,14.47000027,9.13700027464999,13.89999962,80586.17480850001,50.77000046,35.069499969499994,31.688000302,95.11000061,71.45999908,81.91000366,51.09,67.42,55.5545,75.76100000000002,87.2315,85.401,69.7345,86.86101133,81.5,75.23049999999999,49.009136337,66411.0,41.847,40.43,40.88000000000001,25.2,21.025,20.97,62.3342,166.67245,248.69765,,,,,,73.70864999999999,71.2124,69.0260764919564,,81.5637286,69.52639219,9.180797498435,9.153875203599998,17515.05,27.41421451843949,18795.35,28.760602120000005,36890.5875,27.98909791,9.8866648313,9.97089795375,9.72906472505,10.0348040695,9.28340952055,9.95225135305,31910.2,69.927606449,40291.11304347825,70.4262942605,64965.69999999999,70.1961147765,10.04169072,11.615319508,9.6754377625,9.38914346285,8.8121057,9.009232714,8.8454816,8.7387726705,8.155646877149998,8.226773329,7.8295929559,7.392128659444488,6.57491849515,6.559005762,5.51770632555,5.46236405275,3.933751377061234,3.97179286795,3.0691504335,2.905331887923333,5815.499999999999,9.4176737218,4283.049999999994,7.104241595949999,13379.549999999996,8.9256333488,2.665638286,1.89268896195,2.2817698561999995,1.82280742395,2.739625143,1.8691329767,55.34023626,13.817566821499998,43.74800974063636,53175.15,52.69394004,51315.1845534102,51.00608071,,,,,,,,21.527464072499992,,65.48991565,,,,,,,,31.72066548,,
PNG,2015,5983.0,1030.766269,,,,1972.692308,,,,,,75682015.98699997,,,,,,,,25469575.2587621,,,,,,9390000.343,,,,,,,48665498.35299995,,,,,,,,,,,,,,,,,,,,,,,,-1554500.000000004,,,,,2247142.859571429,,,,255.84355398999983,,,,,,,,,,,,,,,12.382697456,99.37413074,70.18561485,66.48992577,25.071766419499863,0.0,96.05245551,23000000.0,0.2373603969596521,84.29269728,17.17259564,62.96480855,21325.8176,,,,,,,,,,,,68.20276498,,86.35235732,,,95.55555556,,10.095238094999994,,12.6984127,53.148966035,25.545442348181812,17.31843575,51.95728840299999,,,2872340.0,99.60908448,,,,,,,,,,,,,,,,,,108.53962296,,,,,,,,,,,,,,,,,,,5516767110.649999,24708428000.0,17.36434611249993,23717829100.0,85.30756393949999,35622509202.0,652149999999.9999,698149999999.9998,16.56507415,667006683966.8953,90.119528917,19619707447.0,492799999999.99976,102.862038505,37563329709.0,170000000000.0,180.4165087,17113417574.299988,153249999999.99976,94298769500.0,72.47361043399998,14474836039.455893,57285150200.0,45.543658864,331715505.7071673,1553949999.999994,17165156433.899973,65376107800.0,46.31908063299999,25749202128.0,521349999999.9996,427150000000.0,72.02824619699997,691699768.7199956,5937568300.000001,14.133244389999998,131.082911,,,,,,,,41586000000.0,,,,,,,,,,,,,,,,72302212756.0,,,,,,,,,,,,,,,61.72549991,9962368234.0,54.06528759599999,,11.887665590499996,,8.61309156,7531884298.227593,18.0242889265,8035037567.949998,33.37141006849998,,655000000.0,,,,,,,11568192349.0442,25288746500.0,50.74626866,11242392096.0,109899999999.99985,68.296115382,105.9405654,,,,,0.935689986,1294350.5499999998,47.42754,31.42336,104.717496105,113.674823375,129.7882843,71463.0,906323.35,768351.0,51.190805,86.79863069099808,,,,,,,,,,,,,,,,,,,,,,,,,,,,,,,,,,,,,,,,,,,,,,,,,,,,,,,,,,,,,,,,,,,,,,,,,,,,,,,,,,,,,,,,,,,,,,,,,,,,,,,,,,,,,,,,,,,,,,,,,,,,,,,,,,,,,,,,,,,,,,,,,,,,,,,,,,,6.26178249,19.0867431965,28.3713560765,76.10594974899999,1.550788478451437,,,,,32.63263794,33.17527432,77.82801263399999,56.64986395,,,,,,
WSM,2015,,,,,,,,,,,,,,,,,,,,,,,,,,,,,,,,,,,,,,,,,,,,,,,,,,,,,,,,,,,,,,,,,,,,,,,,,,,,,,,,,,,,,,,,,,,,,,,,,,,,,,,,,,,,,,,,,,,,,,,,,,,,,,,,,,,,,,,,,,,,,,,,,,,,,,,,,,,,,,,,,,,,,,,,,,,,,,,,,,,,,,,,,,,,,,,,,,,,,,,,,,,,,,,,,,,,,,,,,,,,,,,,,,,,,,,,,,,,,,,,,,,,,,,,,,,,,,,,,,,,,,,,,,,,,,,,,,,,,,,,,,,,,,,,,,,,,,,,,,,,,,,,,,,,,,,,,,,,,,,,,,,,,,,,,,,,,,,,,,,,,,,,,,,,,,,,,,,,,,,,,,,,,,,,,,,,,,,,,,,,,,,,,,,,,,,,,,,,,,,,,,,,,,,,,,,,,,,,,,,,,,,,,,,,,,,,,,,,,,,,,,,,,,,,
STP,2015,243.0,1030.766269,389.1102564,,,475.0,,,,,,,,,,,,,,,,,,,368862857.14285713,,,,,455227.9212139717,,419913.6892636883,11678000.072,,,,,,,,,,,39981000.0,,,,,20017999.99999999,,,,,,,,4442000.0,,,136605000.0,,1495603.2136525172,,,,382.4155511149999,,,,,,,,,,,,,,,0.0,99.75774576,47.66187049999999,58.51688158099999,99.738678029,0.0,67.09401709,231030769.23076916,7.132386861800001,97.7002733295,0.759607486,62.96480855,6198.789635199999,,,,,,,,,,,,66.77083333649999,,50.00000000000001,,,100.0,,50.0,,7.226481958899994,85.54677021399999,19.772079767502277,0.0103386447478196,57.32758621,584922.0,99.55780096,2872340.0,99.85201656,8447.74999999999,,,,,,,,,,,,,,,,,103.126916,,,,,10.7264083365,,102.74778639,,59704.59999999996,3.250234487438556,560725.75,,1383.613982770046,0.91496623615,460771693.23999983,396524999.9999999,2.301511211,6.039016129536665,146426961.41830915,6147000000.0,5.19431649624337,1598638499.4960527,63.9487789905,685043719.4005903,7707899999.999961,20892000000.0,4.67190400231617,5251947342.213808,101.09434008,547592760.59,12998262334.999998,154.97057999999998,638481029.0199999,20369433100.0,173.7562504,206764329.0100533,14428050000.0,18687000000.0,48.460291505,227845982.73577517,5810000000.0,44.22576623999999,57039721.80342121,303458786.1373209,161687722.3113729,3751199999.999999,41.84276298349999,304213978.0546279,23641000000.0,6539000000.0,91.99960086,-33591682.76300005,-12352536.270522503,4.65044339,140.456734,,,,,,,,,,,,,,,,,,,,,,27.1,,,,,,,,,,,,,,,,,38.32813106098249,89085910.42906033,26.16124996,,15.6848850085,,13.64571155,1066464772.3095268,36.023249750000005,1065931514.5499998,36.30668168,,573000000.0,,,,,,,295549704.030786,5669784999.999984,24.3534179665,111977339.61999996,4824943998.529409,38.32201181,37.417891,,,,112.8066965,,,,,,,,,,,,,,,,,,,,,,,,,54.0,2.3,,,,,3700.0,0.3099999999999995,0.5,1604.9999999999998,1636.2363636363625,1400.0,1.17,500.0,1.53,1.91,,,,,,,,,,,,,,,,,,,,,,,,,,,,,,,,,,,,,,,,,,,,,,,,,,,,,,,,,,,,,,,,,,,,,,,,,,,,,,,,,,,,,,,,,,,,,,,,,,,,,,,,,,,,,,,,,,,,,,,,,,,,,,,,,,,,,,,35.18565935,,,,,,,,,,
SYC,2015,989.25,1030.766269,,1544.0,,386.3636364,1155.749999999996,,,,27640.0,,,,,,,,,,,,,,255817999.99999985,579563.0168477476,,,,,,152177.86788605747,68016001.89099997,,1300065084.415059,47.22649361529997,103327461.2,1541157409.9999998,1480010864.4,514890510.3,72.97784897,24.05013315,38.914015,21847049.999999985,226360000.00000003,104853050.0,14418456.182222951,,,16361000.0,66788849.99999999,22054045.639999967,,159678394.8,52849549.99999993,147885000.0,944000.0,1509111000.0,17087000.0,136605000.0,,1494184.7679613964,,,,,,,,,650041618.9,88.05009247,29.62720779,2382412.0346679217,28.712739280499985,180956901.3811475,8.478431343899997,19.13731647649999,27478612.8712588,77.77015478,0.0,100.0,47.66187049999999,9.025098848475,99.513536279,0.0,47.29907773000001,292000000.0,6.946902338339999,98.71374243,12.84496301,7.61838744,8114.367449,,,,,,,,,,,,16.7499999999999,,88.31385643,,,100.0,,50.0,,5.117387387699997,85.3067826295,17.400423914425787,15.332926867499992,33.87087816164533,586137.7,99.55780096,4370040.0,99.621231084,,,,264.4578383,,,,,,,,,,,,,,110.905886,,,,,,,122.19906756999998,,,,,,,6.882632941949999,,,,,,,,,,,,,,,,,,,,,,,,,,857379924.2512937,9206000000.0,42.6324275985,,,,,,,,,,,,,,29838.51161,,,,,,,,63861.39973,,,,,,,,,,,,,39.59849921,31966.1806785,,,,,,,,,,,,,21449642.01,0.3015299849499999,,,,,,,,,470860803.6632285,34.31479318,,,,,,,,,,,,,,,,,,,,,117.5256601,,,,,,,,,,,,,,,,,,,,,,,,,53.6,1.5000000000000002,,,,,3599.9999999999995,0.3000000000000001,0.2,1000.0,1000.0,500.4124361705928,0.9339999999999998,100.00000000000004,0.5064999999999996,1.2134999999999998,,,,7.088749141026653,18.97999954,14.009500267999998,37.54,50.3205,52.8065,4.0726110871252645,8.468499612449998,6.889999866,29.9605003405,37.0250003835,30.986999318,58.3635,76.6605,68.515,31.833000716999997,28.102000815000004,26.44000083,96.8909995985,82.98000336,85.88292717338315,11.903499604499984,3.448000061749999,6.094000172949999,59923.88038099994,22.93000031,34.36069104316667,31.010000230000003,90.56999969,69.27999878,78.7265022265,45.7445,70.02,55.49249999999999,68.932,86.508,85.8505,61.5575,84.44042388,82.56649999999999,76.03549999999998,48.290736399,152332.72404191518,42.42849999999999,39.9305294117647,40.62,18.48499999999999,19.776499999999995,20.385,,,,,,,,,,,,,,,,,,,,,,,,,,,,,,,,,,,,,,,,,,,,,,,,,,,,,,,,,,,,,,,,,,,,,,,,,,,,,,,,,18.612151901,,55.145397811499976,,,,,,,,33.4875049935,,
SGP,2015,5656.449999999999,1030.766269,,109930.0,,1972.692308,275938.0,,,,18774.2,,,,2367287234.0,,2089000000.0,156130000.0,99015999.99999984,,,4960600000.0,,,,7890928.9998955745,85638747.30940536,10692499.539999988,199059997.6,10800000.19,16640999.319999997,15840000.15,76300003.05,73501500.462,26727433235.0,97.3616181705,1188200367.0,23144915810.0,15814826810.0,3179389000.0,360.6322283,77.524154891,61.8714,440765649.9999998,318930000.0,828654299.9999999,582842297.7,3650000.095,90191000.0,25093649.99999999,711621000.0,98762597.6,34765149.623529375,950026749.4,154425000.0,2418291000.0,6605000.0,3514753000.0,304899.99999998265,490215000.0,984629.496245506,1472157.1492341557,42901795.1651325,75474322.52873258,89809997.56,15.181163,3.928942580899996,98691003.41699998,5.042772544,85.59859007371523,5234719894.0,88.05009247,29.62720779,466697166.7,28.5211108885,3531428261.0,8.4295980712,27.130458510999997,643685357.5,75.19091395,,,,3.1245911080000006,,0.0,,,,97.70144276,0.5728346156499998,0.044713301,9351.60522484997,,,,,,,,,,,,45.08620689949999,,86.398035334,,,1.024327785,,21.49999999999992,,1.445347787,60.11743451,25.04708052333333,0.2212593369478395,16.12588985924765,,,,,,,,767.641212,,,,,,,,,,,,,,,,,,,5.26767986651923,,83.55096325,,,,,,,,,,,,,,,,,,,,,,,,,,,,,,,,,,,,,,,,,,,,,,,,,,,,,,,,56958000000.0,101415.29189999998,,,,,,,,,63877154382.0,40.16623292,620000000000.0,,,,,,,,,,,,,,,,,,,,,,,12.906994386999994,,11.04931686,,,,,,,,,,,,,,,,,,,,,,,,1.0516885101,627135.0999999985,48.69112500000001,21.14176,106.5944672,105.68356358,113.35117908,16170.999999999998,233513.54999999996,349038.0,54.36946799999998,103.839428285,,,,,,,,,,,,,,,,,,,3500.0,,,,1000.0,,,,,,,,100.0,,,,,,,,,,,,,,,,,,,,,,,,,,,,,,,,,,,,,,,,,,,,,,,,,,,,,,,,,,,,,,,,,,,,,,,,,,,,,,,,,,,,,,,,,,,,,,,,,,,,,,,,,,,,,,,,,,,,,,,,,,,6.958525877,,,,,,,54.41362344,,,,,,,,,,71.14831145899996,,
SXM,2015,,,,,,,,,,,,,,,,,,,,,,,,,,,,,,,,,,,,,,,,,,,,,,,,,,,,,,,,,,,,,,,,,,,,,,,,,,,,,,,,,,,,,,,,,,,,,,,,,,,,,,,,,,,,,,,,,,,,,,,,,,,,,,,,,,,,,,,,,,,,,,,,,,,,,,,,,,,,,,,,,,,,,,,,,,,,,,,,,,,,,,,,,,,,,,,,,,,,,,,,,,,,,,,,,,,,,,,,,,,,,,,,,,,,,,,,,,,,,,,,,,,,,,,,,,,,,,,,,,,,,,,,,,,,,,,,,,,,,,,,,,,,,,,,,,,,,,,,,,,,,,,,,,,,,,,,,,,,,,,,,,,,,,,,,,,,,,,,,,,,,,,,,,,,,,,,,,,,,,,,,,,,,,,,,,,,,,,,,,,,,,,,,,,,,,,,,,,,,,,,,,,,,,,,,,,,,,,,,,,,,,,,,,,,,,,,,,,,,,,,,,,,,,,,
SLB,2015,5983.0,1030.766269,382.6192045,,,549.8846153999957,,,,,,,,,,,,,,,,,,,275170634.277285,607783.975192408,,,,,,,11843499.943,,,,,,,,,,,39981000.0,,,,,7037799.999999998,,,,,,50000000.0,295214849.9999937,5272000.0,9335000.0,,11067599.999999998,,1144472.5856459544,,,,,,,,,,,,,,,,,,,0.0,99.99999999999996,47.66187049999999,53.19926874,71.56703231799993,0.0,63.01602692349999,3373307.730525977,0.0394132359997891,75.46381545,9.844904732499993,62.96480855,6198.789635199999,,,,,,,,,,,,50.0,,11.463350231499982,,,100.0,,50.0,,6.498194946,71.461222141,24.65688380051923,19.39393939,58.35296529906615,585574.35,76.65940226,2872340.0,99.55780096,,,,,,,,,,,,,,,,,,108.53962296,,,,,,,,,,,,,4000.0,1.0725007954,74787941.13,8514499999.999998,2.301511211,8.305937536099997,480285834.25999975,3990000000.0,16.6924977598954,1844148834.0183344,33.23005611,944704926.4664476,7014000000.0,10210219137.0,11.12928853,5359093260.294941,70.9618968406828,,,,,,,,,,,574949599.4918476,9206000000.0,46.73224337999999,57039721.80342121,228747297.18509,,,,,,,,,,,,26352.754152,336793686.78999984,168000000000.0,432329108.6,2.711768301458393,184000000000.0,45.02245856,6579000000.0,90549.80385,467476961.0774952,2623099999.999999,850103045.9749999,3.815748590525124,2138345447.1,15.485237318,657271860.4,5134596027.758713,338425023.94499964,9.656814548061403,6004259289.999986,19.492851166,18.84812695699998,15636.880355499994,1148419031.0,13178709034.999989,941546613.255,7.438832843549978,8842479694.89267,71.91926692300001,,,,,,,,,,43.37989419499999,1348907931.09541,34.61371483549999,,,,,174104628.397794,34.31479318,960749925.1,38.87812323,,,1539215870.512663,15003000000.0,1325018662.4995444,15195462915.0,,,,,,,,,,233973603.5245233,2769124809.999999,7.763272916999999,,,,,,,,,,100243.0,,,75.19861793049999,,,,,,,,,,,,,49.45999999999998,2.274999999999996,,,,,3800.0,0.8249999999999986,0.3149999999999991,1000.0,1714.999999999999,1000.0,1.5869999999999995,200.0,2.3064999999999998,2.666,,,,,,,,,,,,,,,,,,,,,,,,,,,,,,,,,,,,,,,,,,,,,,,,,,,,,,,,,,,,,,,,,,,,,,,,,,,,,,,,,,,,,,,,,,,,,,,,,,,,,,,,,,,,,,,,,,,,,,,,,,,,,,,,,,,,16.436254030499985,,,54.75947618,,,,,,,,,,
KNA,2015,1013.0,1030.766269,,49046.0,,475.0,120062.54999999984,,,,24555.355,,,,,,,44740000.0,3260485.178251665,,,,,,168356487.1428571,593205.6386823761,6578492.982351504,588499.9841349995,951999.9921149964,3730000.019,5296499.9677,204999.9982,11166500.326999998,22559999.97,503792623.432885,79.4544441405,44798865.205,523122315.5138792,464029400.5899999,239784296.60499915,165.7502652,52.23810151,39.04429999999999,14164999.999999998,77697000.0,86545337.5,14369297.633984435,1190000.057,,20946000.0,66667999.99999999,19748106.8,302956.57714838325,48297275.39209309,0.0,147885000.0,28549.999999998377,-416550.00000000064,1217351.65,5582799.999999998,525599.2106700658,612857.9406088903,28707057.60935689,28461251.392126214,36577538.72665381,51.837032060000006,6.804554391949993,42590000.15,9.3802672823,699.9539767174665,44210215.3,13.13930727078169,5.522167107,2098427.8658285835,13.673231540999996,45540483.78818902,9.492538026,23.03429024,19948664.72743476,71.669989993,0.0,100.0,47.66187049999999,51.17891817,99.16550765,0.0,47.55103031849999,486504354.6694647,1.490243473394908,98.71374243,2.738232789149979,62.96480855,8124.3653426,,,,,,,,,,,,50.0,,58.64443171799992,,,100.0,,100.0,,6.498194946,85.8999695765,31.213561116021737,1.0179744243761348,58.35296529906615,585574.35,99.560365136,4370040.0,99.55780096,,,,83.29756678,,,,,,,,,,,,,,110.905886,,,,,6.831630808199999,,83.28740567999995,,52611.7,416.514,1554309.0,,1004.790808757332,0.6612046690499997,39638444.51999998,1250271249.9999907,2.310215490149999,6.810717373,299988286.4430021,958849168.250877,4.234336672247364,398550666.0431261,33.297541386499994,939706107.509832,4263870134.999998,,22.09458166,2556658784.391243,89.09798406149996,1047250041.1420784,4891340190.0,95.7771092945,1427259259.0,4884849999.999997,130.30452090499998,1014103072.3758932,2946900000.0,51916000000.0,101.3260741,390909909.3884583,1708000000.0,41.19139168,57039721.80342121,69557390.19734709,418888888.9,1305519485.2941177,41.64149730250001,779718954.070534,2739000000.0,3401542499.9999995,91.99960086,164298725.0,-11309071.557017084,21.49585023,181.1562979,17877.125661499995,,,,,,,,101415.29189999998,,,,,,,,,,,,,39.59849921,71056.81885099999,,,,,,,,,95666.22785353025,0.0298909195499999,,,10239716.750999998,0.5152491596999998,0.0758687049746533,33.00171694,223115034.3,17.81388035,1078025132.43125,24.6168748,14304.5833935,22.88681821,677441961.0666667,26.64086319,685150827.8,27.29822191449999,,151088944.99999994,,,,,,,271020658.8333339,1136906394.999999,26.22923633,233138839.7049998,1268010620.0,26.39902549,34.818065712603634,,,,,,,,,,,,,,,,,,,,,,,,,,,,,54.22857142857144,1.6,,,,,1139.9999999999975,0.3,0.2,239.99999999999773,1000.0,200.0,0.6719999999999999,100.00000000000004,0.53,1.081,,,100.0,5.340279996325559,18.26000023,11.499000265999998,35.0185,47.92,43.85,4.150000095,7.39649987175,5.78000021,24.486000534,35.721499057500004,30.15999985,59.97,67.005,65.225,19.832999347,29.56000078,25.79360892676976,89.76057611426081,94.86000061,95.68000031,18.2339993445,9.118109059928258,13.997999621999991,58081.36636,54.1285017005,30.70000076,32.49185592428571,90.4750011435,71.45999908,79.81999969,54.27,66.79646408839778,58.19,75.76,85.09,80.063,69.4915,88.55005754,79.11,69.7515,49.15339307200001,94773.14331210188,44.97,49.7565,47.92,21.4965,20.924000000000003,21.41,61.309,137.192,216.578,17.30205,8.545268354193356,,,,76.50185,72.94565,70.53237933884299,2.49689,83.35385881999999,72.58986,8.57488199248565,9.8483516231,13184.7,26.542234137,13810.65,29.486721988,26739.0,28.46675717,9.34688667015,9.900107159,9.379585387,9.78626466155,8.7954985931,9.50323698195,34987.354166666664,69.773155803,37333.525,69.1411187265,72618.24285714286,70.250648377,9.47388102245,9.6076026811,9.126723796,8.917256116,8.883545013,9.205336297699995,8.8454816,9.169632481299994,8.05148878945,8.095678479450001,7.761285047,7.393115080038462,7.15411498215,6.76362589085,5.614729596799999,5.837383481,4.918105499899999,4.9247982227,3.849534907,3.2724882401538458,5803.899999999998,14.409080710999998,4970.0,8.941904608,14851.249999999998,12.4556963165,3.286770186,2.3904482998,2.893888498,2.165193521,4.44727702415,3.181274305,55.2716934525,14.662576664,46.69830268049999,53573.25,52.69394004,50501.88622168896,50.8993799295,,,,,,,,21.08227257653846,,63.19129814249997,,,,1.9677119465999984,,,,35.81487295785714,,
VCT,2015,869.0,2.246096985,262.551166635,,,390.7954545799998,,,,,,,,,,,,,,,,,,,311640000.0,,,,,,,,11166500.326999998,,,,,,,,,,,,,,,-70000.0003,,,,,,,,,0.0,,2262975.334999998,6500816.877142856,114768.13407967937,364221.0040331291,,,,64.13427249749998,,,,,,,,,,,,,,,0.0,100.0,47.66187049999999,52.88065844,99.7274571465,0.0,52.971193414999966,19579566.412354883,0.2625189374818051,98.71374243,0.435980484,62.96480855,8314.325321,,,,,,,,,,,,16.66666666249995,,27.5,,,100.0,,33.33333333,,6.101936774249999,85.99550056,31.85781718249999,0.0082081327053952,32.75298116423937,584359.6,99.55780096,2875950.55,99.856973216,,,,,,,,,,,,,,,,,,108.4150828,,,,,,,79.84049251,,71643.59999999999,74.884785157,1277957.0,,1000.0,0.870989095,19916875.0,739241818.1818177,1.897640227,4.265852405526582,194059987.9,575659694.815741,4.162435112558339,398550666.0431261,39.45062742,910353967.775352,2355859500.0,1933100000.0,22.09458166,2556658784.391243,77.3462737865,954737221.8867676,2730068906.0,113.22417021,1404398700.0,3853600000.0,143.7989497,996154267.4974768,1069706884.0,51916000000.0,51.722989601,390159598.3065771,1155304123.5966723,33.24165640799999,,,321787351.0123734,1715947368.4210522,37.1940327045,495149577.3523809,1332266666.6666665,1442660711.1499996,62.80754626149999,-57516792.58900002,-11309071.557017084,0.371481872,108.77598011576028,,,,,,,,,,,,,,,,,,,,,,38.11080296999999,,,,,,,,,,,,,,,,,26.58712302,172432897.93257564,16.51819659,,15.7641089,,11.95093808,677441961.0666667,29.616592176999983,685150827.8,26.95092451,,240599279.99999943,,,,,,,251899146.97286332,968015800.0,27.821851,204061103.1349999,827591735.4710513,27.387130693499994,32.1701962485,,,,,,,,,,,,,,12469.0,53.36794,,,,,,,,,,,,,,53.81,1.6,,,,,1139.9999999999975,0.3,0.2,1000.0,1000.0,1000.0,0.5929999999999997,100.00000000000004,0.53,1.0,,,100.0,,,,,,,,,,,,,,,,,,,,,,,,,,,,,,,,,,,,,,,,,,,,,,,,,,,,,,,,,,,,,,,,,,,,,,,,,,,,,,,,,,,,,,,,,,,,,,,,,,,,,,,,,,,,,,,,,,,,,,,,,,,,,,,,,,,,44.20576591499997,,,,,,,,,,
LCA,2015,102.39999999999958,1030.766269,,367.8999999999973,,475.0,670.8499999999999,,,,24485.7,,,,,,,,,,,,,,195357966.08500975,,,,,,,,47669998.17,,,,,,,,,,,,,,,,,,,,,,7411499.999999993,13906093.014258267,47199.99999999732,,4200250.0,14988000.0,212128.33141795447,284651.746399732,,,,15.488104098499994,,,,,,,,,,,,,,,0.0,100.0,47.66187049999999,9.127085399599997,99.73718791,0.0,48.29118213849999,30131292.639788225,0.2728660756693117,98.71374243,0.4900526595499995,8.691197839699997,7154.026977849997,,,,,,,,,,,,15.633223684,,31.11111111,,,100.0,,49.99999999999999,,6.498194946,85.99550056,31.81926286899999,0.048704868009745,29.48919724869565,584330.0,99.856973216,2944551.0,99.85201656,,,,,,,,,,,,,,,,,,110.905886,,,,,,,79.84049251,,76677.69999999998,33.973646199999905,1267698.92065,,1000.0,0.655402483,54090466.2685,644789424.2528619,3.437931716299999,6.011214880549998,400983368.6999999,2213307900.0,3.9886319107331785,1800956445.9930315,35.49548834449998,1175793297.8212702,5803292100.0,5165000000.0,22.09458166,2556658784.391243,74.90493462,1572444032.4909084,7669872100.0,99.2829541065,2286324293.0,9713597309.999998,126.6543469,1206117253.0,5537499999.999999,51916000000.0,91.2941274,868240725.8293625,2032549999.9999988,36.18401057,57039721.80342121,117299326.31560984,713775134.233946,2209484298.1294966,34.72865651459385,1225000119.7313633,6358973100.0,6961370000.0,81.621198963,524856140.5799997,-11309071.557017084,16.665406094999994,166.02888340619833,,,,,,,,281425080.0,,,,,,,,,,,,,,,,,,,,,,,,,,,,,,,29.36260898364,597335229.6139299,17.8186828095,,12.828535848999998,,9.23586262295882,677441961.0666667,24.530788926499994,685150827.8,26.95092451,,166808500.0,,,,,,,361032566.8420336,2236068934.9999995,26.295790854,636435822.0499998,1447862914.5028856,25.30852721,24.26142485,,,,,,,,,,,,,,,,,,,,,,,,,,,,,50.43,1.6,,,,,1100.0,0.3,0.2,500.0000000000001,500.00000000000006,1000.0,1.0249999999999997,100.00000000000004,0.5016617647058823,1.2299999999999989,,,100.0,,,,,,,,,,,,,,,,,,,,,,,,,,,,,,,,,,,,,,,,,,,,,,,,,,,,,,,,,,,,,,,,,,,,,,,,,,,,,,,,,,,,,,,,,,,,,,,,,,,,,,,,,,,,,,,,,,,,,,,,,,,,,,,,,,,,,,,,,,,,,,
SUR,2015,1013.0,1030.766269,,,,1972.692308,,,,,,,,,,,,,,,,,,,68801456.52173898,,,,,,,139178.8427092802,,,1698164596.323563,40.8595678815694,160342484.48999998,1774020870.0,1549256407.949999,919033285.3,74.7907327614999,27.468222187,61.8714,249257000.0,303610400.0,410228000.0,46396922.527120575,2259999.99,3148699.9999999884,21349250.0,76420000.0,34719998.4,28512615.03664921,92126987.61340111,51542899.99999991,6529897849.999998,5338649.999999996,95228150.0,10197599.99999998,28862932.3,,928765.8603642102,,,,,,,,,812861388.3999999,14.25127198,12.3796309255,6037613.098947756,17.75700701499999,301256291.7,7.856177445399997,20.46887927299998,28982473.98414157,82.28848498750001,,,,9.0230907276,,0.0,,,,-10.35274909,15.57191162,8.362995004549997,3630.583141,,,,,,,,,,,,65.8947526255,,88.31385643,,,100.0,,33.80952380649998,,4.351023017949999,46.1928934,4.510390216287753,17.31843575,35.151797087574835,586731.7,78.06226908299993,4370040.0,99.856973216,,,,394.6327742399989,,,,,,,,,,,,,,108.99831393,,,,,11.19645175,,114.5659762,,,,,,,,534029255.3049999,446176249.9999999,2.492283195999999,5.878128538936805,,,5.420697583609462,16213118204.774712,,,,,4.999579862598439,24235368421.052628,,6233659999.999998,31578000000.0,94.9152501525,6842825041.599999,45096000000.0,160.4063758,,,18687000000.0,,1860230541.5099564,16977349999.999994,58.78047304799997,57039721.80342126,313506250.0,,,,,,8508239499.999999,,,,,,,,,,,,,5669879744.202675,,,,,,,,,,,,,,,,,,,,,,,,,,,,,,,55.95898471699998,1650780505.2999997,43.16038526,,11.2625532075,,7.980598898899996,1176756874.2912345,34.8032574225,1424541624.7999988,36.30668168,,722698000.0,,,,,,,1898954814.3490903,8587749999.999992,53.05793326,2817055449.0,6512975982.999999,55.95791807849998,183.7000313,,,,128.47483473499997,,,,,,,,,,,,,,,,,,,,,,,,,,,,,,,,,,,,,,,,,,,,,,,,,,,,,,,,,,,,,,,,,,,,,,,,,,,,,,,,,,,,,,,,,,,,,,,,,,,,,,,,,,,,,,,,,,,,,,,,,,,,,,,,,,,,,,,,,,,,,,,,,,,,,,,,,,,,,,,,,,,,,,,,,,,,,,,,,,,,,,,,,
TLS,2015,5983.0,1030.766269,3856.4538020999935,,,549.8846153999957,,,,,,,,,,,,,,,,,,,463257104.6623325,,,,,,,,29455000.683999985,,,,,,,,,,,,,,14418456.182222951,,,,,117578907.2,,,115909449.9999999,2418291000.0,5272000.0,243404099.999999,,,,1420030.707562599,,,,,,,,,,,,,,,,,,,0.0,99.647251687,47.66187049999999,53.19926874,9.61458765,0.0,79.90909091,3373307.730525977,0.0310029030839119,75.560534775,0.4381057837999998,62.96480855,21325.8176,,,,,,,,,,,,71.98938321099999,,88.45470693,,,95.55555556,,50.0,,6.498194946,44.0,21.986770045853657,0.1703938749921532,58.5340359658848,2066551.0,75.60514011,2872340.0,31.8217084884998,,,,,,,,,,,,,,,,,,110.905886,,,,,11.069591169499995,,105.79042829499998,,51680.0,341.9931581699998,1411239.0999999996,,,,,,,,,,,,,,,,,,,,,,,,,,,,,,,,,,,,,,,,,,,,,,,,,,,,8003216167.764706,,,,,,,,,,,,,,12.902167276499984,,,,,,,,,,,,,,,,,,,,,24.6168748,,16.730065040499984,,,,,,,,,,,,,,,,,,,,,,,127.95189946,,,,38.77644,,,,7838.999999999999,,,,,,,,,,,,,,,,,,,,,,,3800.0,,,,1700.0000000000002,,,,,,,,,,,,,,,,,,,,,,,,,,,,,,,,,,,,,,,,,,,,,,,,,,,,,,,,,,,,,,,,,,,,,,,,,,,,,,,,,,,,,,,,,,,,,,,,,,,,,,,,,,,,,,,,,,,,,,,,,,,,,,,,,,,,6.26178249,23.753207294999992,34.11974341,52.3342565575,3.757258337133332,,,542.6646152,54.75947618,32.63263794,86.04910456549999,89.52451592,18.180953131499997,,,,,580.2913043,
TTO,2015,5983.0,,,,,1972.692308,,,,,,,,,,,,118760000.0,9467833.333333328,,,,,,647886666.6666666,5223256.375601687,80577680.12682113,758000.0013099995,10479999.54,10800000.19,6418000.101699999,1600999.9871999952,115510002.1,26289999.89,26727433235.0,104.37413646999995,521725066.8349992,23144915810.0,14174659966.999998,3179389000.0,219.1695193,94.582493398,51.6611,261715299.99999988,317596000.0,668768000.0,73999196.4,3650000.095,,10586299.999999996,834703999.9999999,98762597.6,34162681.0,863487609.2,148617000.0,6502062000.0,6605000.0,3514753000.0,7284443.700000001,493691799.9999998,678989.4901868077,950716.8016492034,22625638.659720957,23050585.13634689,72347996.52299996,11.08248572,1.329695301,66759502.4095,1.5050551314499987,76.66015952382688,1807919025.0,88.05009247,29.62720779,142017913.6,28.48178407,3531428261.0,34.97835902,37.39302918849993,465270413.3,82.3747552,,,,2.8636791945999973,,0.0,,,,-102.6627373,0.0,0.0622532183999999,7092.958644,,,,,,,,,,,,39.732196115,,87.2659176,,,80.0,,16.83333333649999,,2.309368192,68.1205036,22.579615275530173,0.0082081327053952,14.119056416086485,,,5176017.0,100.0,,,,71.83212570949932,,,,,,,,,,,,,,110.905886,,,,,,,83.55096325,,,,,,,,,,,,11909092178.999998,54388000000.0,5.956901609385321,31318449792.647614,19.52968349,14058428872.347046,292000000000.0,278699999999.99994,22.09458166,194818181818.1818,71.78607119680468,19619707447.0,287000000000.0,100.896615215,27867473404.0,313000000000.0,120.33208617,34102925532.0,535200000000.0,352500000000.0,104.8048033,11012277261.116592,164000000000.0,37.53856416,631292282.7497118,5974000000.0,10313111104.499994,190699999999.99997,45.04347491888235,28331382979.0,662000000000.0,418400000000.0,93.07385235749992,30345994557.0,-20782958957.660988,21.57400789,201.880604,,,,,,,,,,,,9707583897.0,,,,,,,,,,,,,,,,,,,,,,,,,,,51.99125259649999,12895603843.749954,36.95630897849999,,13.55222045,,10.327251079499998,30555936210.0,24.877738340999997,31014699144.949978,27.121690321999992,,527841187.4,,,,,,,55321137322.89997,62971049999.99996,52.631971177,47172801715.19997,171000000000.0,49.6018691005,49.9894776890625,,,,,1.057929993,294926.94999999995,49.479799,21.070162,106.5944672,108.340926405,114.6394713386348,12033.15,229088.4,123292.0,52.8954845,112.00028308,,,,,,,,,,,,,,,,,,,2309.9999999999995,,,,500.0,,,,,,,,100.0,,,,,,,,,,,,,,,,,,,,,,,,,,,,,,,,,,,,,,,,,,,,,,,,,,,,,,,,,,,,,,,,,,,,,,,,,,,,,,,,,,,,,,,,,,,,,,,,,,,,,,,,,,,,,,,,,,,,,,,,,,,,,,,,,,26.251288006000003,,,,,,,,,,69.5708287705,,
TON,2015,243.0,1030.766269,,45582.0,,475.0,112197.44999999995,,,,18774.2,,,,,,,,,,,,,,168356487.14285707,607783.975192408,,,,,,,11166500.326999998,,,,,,,,,,,36410000.0,,,,,5724899.9999999935,,,,,,,,5272000.0,,,10944000.0,,1450819.4742370718,,,,71.10144341,,,,,,,,,,,,,,,0.0,87.16861081999998,47.66187049999999,53.19926874,0.0,0.0,67.09401709,476778753.7218204,0.2624534016496238,98.71374243,0.6218986502999999,62.96480855,5674.29931865,,,,,,,,,,,,78.584033612,,11.11111111,,,100.0,,11.11111111,,6.528955301799998,85.99550056,19.759393054914675,0.378596668,58.36201883240708,2256569.3,76.665631413,2805422.0,32.1713929574998,,,,,,,,,,,,,,,,,,110.905886,,,,,12.615,,131.7328837,,29110.737675285705,211.715,1380000.0,,3517.54236506633,0.8742882878999998,37266617.51449999,109210699.67274572,2.0653957593,5.42628149336171,123117263.17325944,575659694.815741,3.92004899074616,398550666.0431261,35.344041395999994,692252463.7360886,1585964628.35,1120000000.0,5.223619849781774,2556658784.391243,104.15379365,813774367.7223964,1881281633.75,126.59639570000002,1081403144.15,2301055732.55,151.5934066,,,4733280700.0,,197209818.5370438,465728986.4599999,42.54856767,57039721.80342121,69557390.19734709,173734976.72900307,554067133.4058353,41.64636154,,,1263730286.0,,,,,,,,,,,,,57006040.82688614,,,,,,,,,,,,,,,,377786869.44,,,,,,,,,,,,,,,37.00862979,251525422.76981685,30.797707911499987,,24.6168748,,22.88681821,136183978.5816623,34.31479318,316013116.60143924,38.87812323,,170019679.99999982,,,,,,,234996270.1973492,354000000.0,17.507425413999997,190354715.515,1074446856.1700337,22.520291906499992,19.557450838487817,,,,113.15118727499998,,,,,,,,,,,,,,,,,,,,,,,,,45.85043478260869,2.0,,,,,2800.0,0.3,0.5,1300.0,1000.0,1300.0,1.17,500.0,1.2769999999999997,1.91,,,99.99999999999996,,,,,,,,,,,,,,,,,,,,,,,,,,,,,,,,,,,,,,,,,,,,,,,,,,,,,,,,,,,,,,,,,,,,,,,,,,,,,,,,,,,,,,,,,,,,,,,,,,,,,,,,,,,,,,,,,,,,,,,,,,,,2.1530343797047617,32.36021547,27.668666566,67.24105673349999,0.9221341889850112,,,,,25.01630879,354.5526686,41.47143603749996,5.827763901,6.660959971898057,14.66601005399999,4.693667149757641,,,
TUV,2015,,,,,,,,,,,,,,,,,,,,,,,,,,,,,,,,,,,,,,,,,,,,,,,,,,,,,,,,,,,,,,,,,,,,,,,,,,,,,,,,,,,,,,,,,,,,,,,,,,,,,,,,,,,,,,,,,,,,,,,,,,,,,,,,,,,,,,,,,,,,,,,,,,,,,,,,,,,,,,,,,,,,,,,,,,,,,,,,,,,,,,,,,,,,,,,,,,,,,,,,,,,,,,,,,,,,,,,,,,,,,,,,,,,,,,,,,,,,,,,,,,,,,,,,,,,,,,,,,,,,,,,,,,,,,,,,,,,,,,,,,,,,,,,,,,,,,,,,,,,,,,,,,,,,,,,,,,,,,,,,,,,,,,,,,,,,,,,,,,,,,,,,,,,,,,,,,,,,,,,,,,,,,,,,,,,,,,,,,,,,,,,,,,,,,,,,,,,,,,,,,,,,,,,,,,,,,,,,,,,,,,,,,,,,,,,,,,,,,,,,,,,,,,,,
TCA,2015,,,,,,,,,,,,,,,,,,,,,,,,,,,,,,,,,,,,,,,,,,,,,,,,,,,,,,,,,,,,,,,,,,,,,,,,,,,,,,,,,,,,,,,,,,,,,,,,,,,,,,,,,,,,,,,,,,,,,,,,,,,,,,,,,,,,,,,,,,,,,,,,,,,,,,,,,,,,,,,,,,,,,,,,,,,,,,,,,,,,,,,,,,,,,,,,,,,,,,,,,,,,,,,,,,,,,,,,,,,,,,,,,,,,,,,,,,,,,,,,,,,,,,,,,,,,,,,,,,,,,,,,,,,,,,,,,,,,,,,,,,,,,,,,,,,,,,,,,,,,,,,,,,,,,,,,,,,,,,,,,,,,,,,,,,,,,,,,,,,,,,,,,,,,,,,,,,,,,,,,,,,,,,,,,,,,,,,,,,,,,,,,,,,,,,,,,,,,,,,,,,,,,,,,,,,,,,,,,,,,,,,,,,,,,,,,,,,,,,,,,,,,,,,,
VUT,2015,1013.0,1030.766269,525.0,,,1972.692308,,,,,,,,,,,,,,,,,,,437001207.7347562,,,,,,,,,,,,,,,,,,,40019550.0,,,,1730000.019,23476000.0,,,1299303.6,,,97069000.0,77505000.0,0.0,94977000.0,,28862932.3,,1380693.5891361935,,,,,,,,,,,,,,,,,,,0.0,99.37413074,47.66187049999999,58.51688158099999,9.61458765,0.0,71.28987517,486403522.3954774,7.132386861800001,90.49450251049996,12.84496301,62.96480855,4698.80592,,,,,,,,,,,,72.05973693349999,,11.11111111,,,92.69230769449996,,100.0,,6.498194946,44.10964467,29.00136799,19.39393939,57.38790869779424,586731.7,76.44333081149999,2944551.0,99.55780096,,,,,,,,,,,,,,,,,,110.905886,,,,,10.9476402675,,127.4622513,,,,,,3524.999999999998,0.97279777975,36787827.87999998,1360529000.0,2.0399229761,6.313272231021427,212462558.62963197,21296349100.0,4.0634784140751625,11468584121.666636,18.5054007955,911382412.400326,50066000000.0,50066000000.0,4.29276675511263,82634218079.26067,66.78864748521428,,,,,,,,,,,,,,,,,,,,,,,,,,,3701.5573757,,,177106074.14499998,3.842983509638645,13525000000.0,,10077996489.179344,10388.0794165,,,36219473.608499885,3.815748590525124,5641706000.0,,,,147894726.91,6.079094915153313,15106781899.999998,,30.6,21078.45492,896025359.3999999,95053901672.6,1002722988.0,6.795368610598219,82670300000.0,76.935178734,,,,,,,,,,37.24996039377777,150254462.27730474,23.2019092765,,,,,174104628.397794,24.43855308,222606003.16304848,27.10907846,,,,,727182913.5449228,105349999999.99998,,,,,,,,,,,,,111.219300935,,,,,,,,,,,,,,,,,,,,,,,,,54.0,1.4,,,,,3800.0,0.3000000000000001,0.2,1000.0,1100.0,1014.9999999999992,0.68,100.00000000000004,0.7449999999999997,1.2619999999999998,,,,,,,,,,,,,,,,,,,,,,,,,,,,,,,,,,,,,,,,,,,,,,,,,,,,,,,,,,,,,,,,,,,,,,,,,,,,,,,,,,,,,,,,,,,,,,,,,,,,,,,,,,,,,,,,,,,,,,,,,,,,,,,2.0195904378933767,30.20698566,27.9688321,62.66603566,2.2267559750763617,,,,45.88644044,14.005691853508544,96.25416393,16.53334741,5.81932381144999,,,,,,
