,irena-rh-gen-on,irena-se-inv-all,irena-sb-cap-off,irena-sb-gen-off,irena-sp-gen-on,irena-me-cap-on,irena-sp-cap-on,irena-rh-gen-off,irena-owe-cap-on,irena-bg-gen-off,irena-ff-cap-on,irena-rh-inv-all,irena-rh-cap-on,irena-one-cap-on,irena-bg-gen-on,irena-bg-cap-off,irena-lb-gen-off,irena-lb-cap-off,irena-sp-cap-off,irena-one-inv-all,irena-sp-gen-off,irena-rmw-cap-on,irena-ge-inv-all,irena-ge-cap-off,irena-owe-cap-off,irena-mr-inv-all,irena-lb-cap-on,irena-ff-gen-on,irena-rmw-gen-on,irena-owe-gen-on,irena-ff-inv-all,irena-ff-gen-off,irena-me-gen-on,irena-n-inv-all,irena-we-inv-all,irena-ff-cap-off,irena-sb-gen-on,irena-be-inv-all,irena-bg-cap-on,irena-lb-gen-on,irena-one-gen-on,irena-rh-cap-off,irena-sb-cap-on,irena-ge-gen-off,irena-owe-gen-off,Country Code,year
9,93.14683000000002,3.67474286339,5.869709999999999,5.727640000000001,13.073,0.0118499999999999,8.3,1.03656,1.5055,16.227819999999987,81.0,5.269998934249998,60.40320000000007,99.0875,0.6176999999999999,2.4225900000000027,0.04258,0.02272,1.7014500000000006,8.533089592320014,0.9758799999999996,15.396500000000003,5.180674587929998,56.0,0.23088,1.14611051929,1.7712799999999993,212.868,289.6779999999998,106.11791000000004,12.235477488789996,73.56013000000003,0.00294,0.33901979791,14.129874219449992,24.58572999999999,228.63706000000013,4.8349437147500005,0.8219000000000001,1.2737800000000012,484.783,0.7272500000000008,145.9847000000001,400.0,0.06456,ATG,2019
20,145.2298000000001,4.997189677319999,5.44166,4.163879999999999,10.712,0.0125999999999999,6.1,0.9787800000000004,30.0,15.25886999999998,257.88,10.11961276834,104.00810000000004,119.2895,1.30283,2.4091200000000024,0.04195,0.02238,1.6961700000000004,9.303385283200017,1.3456399999999993,2.0,4.702688167889994,56.0,0.2593800000000001,1.4933989572600002,1.795719999999999,810.756,71.59350000000002,136.392,15.28731346718,154.44701999999995,0.00294,0.5658414548999999,14.057035375029994,41.046450000000014,217.47105000000008,8.471287829120003,0.0,0.8209700000000011,509.4680000000002,0.8040300000000008,134.74410000000006,400.0,0.47456,ABW,2019
31,149.98837,5.337696408720001,6.790049999999999,6.060080000000002,2.641,0.0157999999999999,2.175,0.7899100000000004,1.7836500000000006,14.888189999999982,710.5,6.227300442369998,110.38655999999996,147.52699999999996,1.2731100000000004,2.319140000000002,0.04453,0.025,0.115,9.326787338560017,0.179,17.434500000000003,2.721697912889998,56.0,0.25977,0.5625,1.746839999999999,1971.438,104.48199999999991,0.8686999999999999,9.855614747020002,130.07499999999993,0.00294,0.3492856503300001,7.832154470050002,95.45563999999996,257.11157,7.486352880489991,0.4650000000000001,1.5643100000000008,730.3890000000004,1.2130300000000005,129.33460000000002,400.0,0.05972,BHS,2019
42,156.5342100000001,6.513323868840003,7.067659999999998,11.385260000000002,16.710309999999993,0.0117499999999999,45.778990000000015,1.0594500000000004,9.499499999999998,14.306299999999986,184.76399999999995,9.83678981214,115.62740000000004,116.6595,3.5627700000000004,2.268140000000002,0.0530999999999999,0.02174,2.42191,8.354068261760016,1.90556,16.555500000000006,6.44296273288,56.0,0.1604499999999999,24.907091889739995,1.7712799999999993,2294.078939999999,443.2910000000002,1.0536599999999994,12.708218762109986,197.17064999999985,0.00294,0.36750886186,12.069638254699996,56.590390000000006,302.4919,7.369902146099995,1.068699999999999,0.9954800000000016,494.242,1.592550000000002,138.11810000000008,400.0,0.0169,BMU,2019
53,1148.1966300000004,5.563909470590002,6.796669999999999,12.229309999999998,8.25,0.0142499999999999,9.349,3.995250000000005,0.68,14.007849999999989,8771.0,14.192944895449996,42.37259999999998,126.37649999999998,4.859220000000002,2.2052800000000023,0.04343,0.01788,3.861650000000002,6.564249383360009,8.748219999999998,26.42250000000001,4.05139508436,56.0,0.7209699999999996,10.90624379175,2.0889999999999973,17875.109,1214.7285000000008,1.2,21.03245813219001,253.1836399999998,0.00294,0.27142948871,13.04537744380999,137.41116999999997,306.08075,8.572510839249997,1.6796999999999995,1.531900000000001,644.5520000000004,6.135529999999993,397.44840000000016,400.0,0.1511699999999999,BHR,2019
64,153.3488800000001,4.30986266693,9.31754,5.7097600000000055,44.289,0.0115999999999999,35.0,1.2898800000000008,0.02,15.415659999999985,266.6,9.451433165429998,97.71689999999997,133.15649999999997,9.97758,2.4617000000000027,0.04932,0.02288,1.83921,9.490207298880016,2.1873800000000005,20.382500000000007,6.2470168961000025,56.0,0.2445600000000002,34.0973565,2.0401199999999977,1121.0,360.1685000000001,0.056,15.347808011149995,110.8502,0.00294,0.32815975089,12.30573733584,37.47197999999999,292.15744999999987,6.436034936939994,0.4619000000000001,1.3266600000000015,413.943,1.467700000000001,127.34490000000008,400.0,0.04168,BRB,2019
75,74.6,3.7501646313100014,10.705329999999998,8.049540000000004,8.884,0.0119499999999999,5.68,0.6861600000000004,2.125749999999999,14.604649999999978,86.1,4.595149773859999,55.0,73.5705,2.043409999999999,2.181010000000002,0.03143,0.0233,0.62,6.774473454400009,0.851,16.415500000000005,8.250124675910005,56.0,0.02,0.2625,2.3333999999999966,137.237,100.73149999999988,45.32987000000001,7.448098337870004,26.63,0.00294,0.3042388645900001,21.303870524730005,4.6,163.145,1.0418221614700005,1.2752999999999983,1.0795700000000013,421.433,0.7142499999999998,41.5,400.0,0.035,BLZ,2019
86,166.43183000000005,3.9988040096200015,9.43457,4.804890000000004,0.308,0.0117499999999999,0.195,1.0687800000000005,0.5,13.798829999999985,57.5,18.97221013663999,48.89370000000001,97.506,0.5339699999999998,2.252320000000002,0.04734,0.02128,0.5823799999999995,9.80144584928002,0.3161000000000002,17.714500000000005,5.213812805449996,56.0,0.2597000000000001,1.5280396070500004,1.6490799999999997,294.872,275.2104999999999,1.25,13.214462394530004,227.4410199999998,0.00294,0.5077488811900002,12.310467759180002,57.16887000000001,194.97435000000004,4.5506130463900005,0.5458,0.8401000000000012,526.2710000000002,1.1663900000000005,109.60170000000004,400.0,0.00893,VGB,2019
97,125.36140000000007,2.971669362690001,18.750920000000008,12.554220000000004,8.918,0.0119499999999999,6.735,0.9990100000000004,27.8,17.45289999999999,140.938,6.038401540860001,18.502960000000005,78.932,2.216729999999999,2.194710000000002,0.04219,0.02088,0.846,7.373548499840012,0.067,15.116500000000004,8.137712405360002,56.0,0.5845499999999995,1.18487,1.7957199999999989,360.926,319.4534999999998,73.795,19.05243520048999,45.21134999999998,0.00294,0.54618113416,9.007594915780007,41.24754000000001,115.04831000000006,0.1769256898499999,0.7153,2.332670000000002,386.3274999999999,2.771439999999996,31.52360000000001,400.0,0.1240499999999999,CPV,2019
108,147.75355000000008,4.865047079910003,5.425659999999999,4.73929,17.124,0.0112499999999999,11.094,1.373269999999999,1.16195,16.216509999999985,161.0,18.502611680769984,92.69555000000008,124.6225,0.5862899999999999,2.3895300000000024,0.04552,0.0217,1.8607700000000007,9.64582657408002,0.9948799999999997,18.856000000000005,5.205696623919994,56.0,0.3005200000000002,38.75724248417998,1.6979599999999992,735.196,475.97400000000016,120.91690000000006,15.438008941200009,218.8303599999999,0.00294,0.38048677472,12.445260266529996,68.97919000000003,246.51568,6.632025641809995,0.7318999999999999,0.896320000000001,644.9725000000002,6.053429999999994,146.75850000000003,400.0,0.00969,CYM,2019
119,6.2715700000000005,15.3,19.390180000000008,19.78571999999999,4.94051,0.0117999999999999,4.594330000000003,2.5485300000000017,1.9661500000000007,17.997679999999992,21.6,8.07407170073,1.448,73.18549999999999,1.770939999999999,2.274060000000002,0.03231,0.02442,0.7481999999999995,6.432032163520007,0.8435299999999997,16.188000000000002,1.0035411606000002,56.0,0.1401199999999997,0.692076,2.113439999999997,50.12,150.39249999999984,9.986080000000005,5.856582497410002,282.19014999999985,0.00294,0.3266305145500001,9.30220857533,22.49698000000001,65.09475999999997,0.7563990666799999,1.1915999999999984,4.49234,430.7064999999997,51.27648999999996,17.7925,400.0,0.2666800000000003,COM,2019
130,124.5,1.8016136,13.57697,16.581720000000004,152.934,0.0124499999999999,152.3,3.329,11.75,13.485009999999988,5337.26,0.0263753,70.0,123.92949999999998,0.5654199999999999,1.7968000000000006,0.0530999999999999,0.01968,7.0,8.206249671680016,11.264,36.41200000000001,5.008550388149999,56.0,0.1531999999999998,3.8262658,1.8934799999999985,19486.3,580.5360000000005,100.018,20.660252850720006,139.415,0.00278,0.35002133246,0.00223889,106.1,519.0,0.00868689,0.82,1.0656700000000017,322.9,1.9,841.24,400.0,0.08635,CUB,2019
141,152.37800000000004,4.932816491449996,9.54048,5.075850000000005,20.397,0.0117499999999999,11.9,0.6111200000000008,45.0,14.920139999999982,194.2,10.665257397679998,98.99790000000004,99.20099999999998,0.8870600000000001,2.3514800000000022,0.03224,0.02146,1.5034500000000006,9.163367378240016,2.25421,5.179500000000001,5.45297763595,56.0,0.3006200000000001,4.281250179590001,1.6735199999999997,612.395,115.32549999999992,208.0,17.40872435562999,67.79627000000004,0.00294,0.5474716584999999,8.611814234220002,29.497299999999992,218.2875300000001,5.280303256359999,0.6088,0.900490000000001,389.8684999999999,0.7824900000000007,104.31110000000008,400.0,0.50624,CUW,2019
152,20.152,1.8993838480300007,10.04421,5.80322,0.178,0.0112499999999999,0.315,1.5643000000000002,0.23,13.853269999999986,20.1,11.940473429889996,6.56,107.2805,0.71193,2.2675200000000024,0.05103,0.02148,0.7970199999999998,9.638025888960016,2.319580000000001,16.485500000000005,8.6,56.0,0.01,0.336258,1.820159999999999,73.029,156.70599999999985,0.595,11.22708377491,10.62172,0.00294,0.2560382456699999,8.471179669199998,10.033719999999995,197.2612600000001,4.154592511280002,0.1394,1.1831000000000014,466.4830000000001,1.0037700000000005,34.052,400.0,0.0184099999999999,DMA,2019
163,1053.25,0.1137872,15.461,87.257,330.714,0.0121999999999999,175.213,6.993,369.95,13.806,3709.123,0.137,615.93,132.12499999999997,2.63613,1.97,0.03205,0.0183,21.047,7.879409751040011,29.461,58.07499999999997,6.921444081040005,56.0,0.4953099999999999,39.0,1.3313600000000008,17043.42,692.0745000000007,782.22,100.182,1383.039,0.00274,0.8763954748900002,27.93123615532001,355.059,231.91,6.486848529910004,0.7059999999999998,4.175209999999998,342.6065000000001,1.665,30.0,400.0,0.3348500000000002,DOM,2019
174,559.392,0.00704597,10.697630000000002,5.254960000000006,6.734,0.0119499999999999,5.101,0.526,10.175,13.092439999999986,110.64,0.00165787,138.3,60.055,1.5363399999999994,2.0746400000000014,0.063,0.024,4.417,7.544769145280012,5.831,8.4115,0.01774778,56.0,0.4845599999999995,0.0855844,2.064559999999998,449.622,119.19449999999988,3.419,10.82359415725,109.069,0.00293,0.208758102,6.418495737849996,39.594,88.389,0.000828937,2.0924999999999976,3.8570099999999994,583.5875000000003,0.13,53.6,400.0,0.8144800000000002,FJI,2019
185,61.72037000000004,1.4378813687300007,5.877509999999998,4.755389999999998,3.742,0.0112499999999999,3.274,0.8654200000000003,0.08,15.301409999999985,54.3,11.405602058839992,38.64695999999999,70.07199999999999,1.3507000000000002,2.442890000000003,0.04187,0.0208,1.3925000000000012,9.326787338560017,2.7245000000000004,17.714500000000005,1.5853478299400003,56.0,0.01607,0.2015,1.771279999999999,237.58,141.39149999999984,0.224,12.60394886153,28.925969999999975,0.00294,0.36107697728,8.624085261329995,11.981529999999989,189.2322200000001,3.98429243099,0.4526999999999999,1.2908800000000016,531.0820000000002,1.0906100000000003,68.7067,400.0,0.04995,GRD,2019
196,18.67832,5.18634933465,13.956400000000004,29.7195,4.18197,0.0117499999999999,2.4966600000000025,0.5502800000000001,3.895750000000003,21.9518,28.0,10.716874812629989,49.53358000000002,114.05249999999998,1.839549999999999,3.0976900000000054,0.02927,0.02252,1.169,5.980775708160004,1.889,18.733500000000006,0.7547462021699995,56.0,0.2523100000000002,0.233517,1.1602800000000009,37.67,278.78499999999985,17.74295,8.441862095689997,204.53208999999995,0.00332,0.2833692546900001,10.006568949819997,189.0660200000001,52.86831,1.9020696555599976,1.3530999999999989,5.105689999999998,549.945,51.71130999999994,23.0455,400.0,0.32337,GNB,2019
207,0.005,5.96149838296,34.365,23.376,9.368,0.0117499999999999,6.547,0.0,0.04,13.68277999999998,201.655,14.63,0.02,149.07999999999998,0.9423400000000002,2.0991600000000017,0.03109,0.01988,1.808,7.077911319680009,2.587,8.569,1.9512713276399989,56.0,0.04,9.066640419759992,1.820159999999999,896.749,454.1875000000002,0.0,15.566996177480004,145.644,0.00286,0.6051028436299999,8.905006671139995,104.344,58.701,0.4699673263799999,0.6860999999999998,1.1819700000000015,327.3614999999999,2.35,8.0,400.0,0.35,GUY,2019
218,98.247,8.0826833,12.292000000000003,40.67383,2.044,0.0119499999999999,1.26,40.23773999999997,13.437699999999989,21.357830000000003,390.224,6.2498242777499975,77.886,129.268,1.6452999999999995,3.037010000000005,0.02639,0.0357,1.361,0.783723,2.207,37.763500000000015,0.6897230373799996,56.0,0.024,31.425,1.1602800000000009,1013.0,408.61200000000014,25.49296,2.9286076323100008,0.389,0.00332,0.8932526392099995,9.960665275309998,0.15,47.28729000000001,0.5486748187999999,0.8542999999999992,4.804419999999997,482.8474999999997,61.99981000000002,19.0493,400.0,0.065,HTI,2019
229,155.212,0.00960814,25.317559999999983,62.38851,90.0,0.0117499999999999,92.5,1.884530000000001,99.0,12.38216999999999,1086.0,0.00226074,30.0,146.49349999999998,5.457680000000002,1.9898900000000013,0.04799,0.02646,2.566409999999999,8.533089592320016,7.874460000000003,32.55000000000001,0.00395629,56.0,0.27322,0.16229,1.9667999999999983,4269.627,374.6355,272.01,11.813524726340004,614.6544099999999,0.00294,0.8564100517000006,1.8836094582500025,185.08224999999987,122.738,0.00113037,1.5120999999999984,1.1409200000000017,459.194,7.107169999999996,32.13,400.0,0.05541,JAM,2019
240,43.2874,3.919789906210003,6.317239999999999,4.796939999999999,2.476,0.0117499999999999,1.465,2.6828300000000014,1.1032100000000002,15.756749999999984,6.54,5.538194301849999,40.128350000000005,48.821000000000005,1.9981299999999995,2.4455200000000032,0.02981,0.01614,1.397,7.373548499840012,2.361,14.010000000000002,0.4928179906999995,56.0,0.06115,0.4755162135199999,1.9179199999999983,30.819,172.63449999999986,14.051939999999997,1.8978810185499997,232.9693599999998,0.00329,0.1764100267999999,6.72712042958,23.146320000000014,69.77829999999996,0.7938955577600001,0.6566,1.1497300000000006,482.8705000000001,51.92226,12.883000000000004,400.0,0.4342200000000001,KIR,2019
251,158.47186000000002,4.0170156,9.055379999999998,6.781030000000007,4.027,0.0120499999999999,2.0481100000000008,1.0903100000000006,0.4726999999999999,14.582209999999984,145.68,6.472240546109998,69.67160000000001,0.25,0.5862899999999999,2.308290000000002,0.03533,0.02064,13.152,6.408630108160006,19.728,0.25,3.2341979127099973,56.0,1.407,1.5502249809899984,1.5757599999999998,479.031,471.9905000000002,81.58995999999999,13.585777281569992,242.379,0.00278,0.14072741608,21.72829219548,126.32,116.65580000000008,4.1931598802300005,1.1709999999999996,0.8998100000000019,382.7014999999998,0.8131100000000001,227.79290000000003,400.0,2.465,MDV,2019
262,16.802199999999992,7.934681516439995,10.405809999999995,6.505080000000001,0.953,0.0117499999999999,0.959,0.7528000000000001,0.4589599999999996,18.580769999999983,28.87,16.016658075299993,17.53709999999998,122.013,1.8422199999999995,3.060990000000005,0.0398,0.0219,0.666,6.432032163520005,0.899,12.676000000000002,1.0239641064000018,56.0,0.001,3.962520504070004,1.9179199999999983,78.437,244.67199999999983,2.1598599999999992,2.652677140019999,31.302509999999984,0.00278,0.2294533631400002,7.31700100189,30.38918000000002,72.48903999999996,0.3059606159899999,0.8004999999999995,3.0799199999999995,548.839,0.3086099999999997,19.6545,400.0,0.8725299999999998,MHL,2019
273,98.6,10.0,16.177560000000007,19.1817,128.5,0.0140999999999999,83.49,0.6569100000000002,10.63,15.007099999999994,625.2,9.733852144380004,60.74,94.5785,19.9,2.1251800000000016,0.03988,0.02134,3.932120000000002,7.7549932163200115,2.7957999999999985,30.057000000000013,10.480814575739997,56.0,0.6409999999999993,19.83537661,2.3578399999999964,2534.7,823.0125000000006,15.2,21.331967708739988,259.6524799999998,0.00278,0.5979998666299997,7.619459981439995,73.28665000000002,439.6,7.422841987509993,3.45,2.922710000000001,638.1450000000002,4.60197,93.7,400.0,0.35474,MUS,2019
284,1.27,15.0,5.794190000000001,4.09129,2.359,0.0117499999999999,1.496,0.8563900000000001,0.825,21.95121999999999,24.53,5.669286287790003,0.725,75.38699999999999,1.3568,3.442970000000006,0.03533,0.02328,0.395,7.396950555200009,0.623,13.905000000000005,0.8217525721700001,56.0,0.04785,12.2697398,1.991239999999998,59.804,210.47249999999983,4.458290000000003,4.585185045630001,35.961509999999954,0.00274,0.1943510025100001,5.83744875378,11.57222,78.12266999999999,1.54497208527,0.9599999999999992,2.41206,460.99050000000005,0.3351999999999997,29.301899999999996,400.0,0.5864600000000002,FSM,2019
295,26.939629999999998,22.0,5.911800000000002,5.977330000000007,1.333,0.0117499999999999,1.939,0.8825300000000001,1.0173199999999998,15.370839999999982,12.8,7.716570508409997,10.89826,42.367,0.8795200000000004,2.527750000000003,0.03972,0.02172,0.008,5.73154821152,0.01,14.045000000000002,1.4593154686700007,56.0,0.1372499999999998,1.9663089607700008,1.844599999999999,33.993,528.1630000000006,1.995889999999999,6.188150159289998,3.283,0.00278,0.1995976895500001,5.5164002135700025,4.0,73.63149999999995,0.22726094061,0.8902999999999998,1.091060000000001,414.08,0.5560000000000003,43.7034,400.0,0.8277200000000002,NRU,2019
306,65.96332000000002,4.597613964650002,9.30746,5.069439999999998,2.023,0.0112499999999999,1.51,2.717760000000001,1.4157599999999997,14.797259999999984,31.995,5.24100111242,36.00979999999998,126.945,0.7538800000000001,2.363950000000002,0.04181,0.019,0.235,6.751071399040008,0.315,13.852500000000004,1.3020367643399988,56.0,0.0786799999999999,1.151036,1.3558000000000008,82.922,18.0575,0.8764899999999995,7.401029072200003,52.205289999999984,0.00332,0.2550010421300001,11.73666770776,12.87281,130.50192999999987,5.061013407350001,0.8415999999999998,1.0016300000000014,479.2765000000001,0.8430600000000006,199.98420000000016,400.0,0.2357300000000002,PLW,2019
317,667.303,0.0532404,14.5,12.571,38.65781,0.0117999999999999,0.3,209.258,3.5902000000000025,30.73,337.04,0.0416943,181.4,241.3965,1.3687500000000004,3.812,0.03482,0.00782,0.988,5.949572967680004,1.432,37.64100000000002,0.5424983673499997,56.0,0.4636200000000001,0.0285047,1.1847200000000009,366.726,477.6005000000002,47.74153999999999,15.677539551620004,398.612,0.0034,0.3183498860000002,9.935339534809998,366.345,61.88772000000001,1.0565594983300022,1.1568999999999985,1.8323400000000007,308.664,76.395,20.158600000000003,400.0,0.2654100000000003,PNG,2019
328,49.176,3.437388892809999,8.261719999999999,3.9231700000000025,23.565,0.0121499999999999,13.51,0.5402300000000001,0.55,15.624529999999988,31.5,10.634141086969992,14.06,87.76299999999999,2.53112,2.4937800000000028,0.04294,0.02498,0.014,6.930092729600009,0.008,14.115000000000002,1.11728366989,56.0,0.6674099999999994,4.028140190859998,2.1378799999999973,95.509,220.96799999999996,0.216,1.7778611410499985,0.153,0.00294,0.1502524580299999,8.25248303349,0.084,125.65403,0.1525885729499999,1.4196999999999995,1.0023000000000015,408.4715,2.06352,32.6145,400.0,1.2188900000000007,WSM,2019
339,5.89,5.3950616620700025,1.6604,7.963600000000005,2.86513,0.0117499999999999,2.5247700000000006,2.708890000000002,1.2655600000000005,19.135189999999994,44.905,5.805680999890004,2.32,72.68699999999998,1.87972,2.3664800000000024,0.03966,0.02798,0.334,8.688708867520015,0.421,14.097500000000002,2.7593348173799983,56.0,0.2470200000000003,9.368556183280006,1.0380800000000006,95.527,468.6530000000003,5.940670000000003,8.143724222070004,176.96026999999995,0.00294,0.1899431386399999,5.475006200670004,11.844879999999998,72.35947999999998,0.2287665184399999,1.100399999999999,1.5753600000000016,364.90099999999984,0.2627299999999997,52.3358,400.0,0.3018100000000001,STP,2019
350,157.19143000000005,3.723006698760001,8.17178,4.83964,3.535,0.0115999999999999,2.676,1.4685200000000005,6.0,14.565149999999983,116.4,5.84489460795,45.94801,95.633,3.871560000000001,2.2520700000000025,0.04334,0.022,1.022,6.9612954700800085,1.431,17.994500000000006,11.537016689080003,56.0,0.2872200000000004,1.2315720458700006,1.5757599999999998,416.896,549.7395000000005,7.392,12.791979223259997,250.73826999999972,0.00274,0.35344132468,13.813281521829994,15.411999999999992,217.42030000000003,3.6343018157800007,1.3429999999999995,0.8945700000000013,429.5899999999999,1.3372400000000004,172.6285000000001,400.0,0.1401499999999999,SYC,2019
361,920.1438700000002,16.909967212600012,10.38751,43.8124,291.0,0.021,271.8,4.894700000000002,0.1,13.652339999999988,11945.01,10.19726354269,38.22741999999997,128.4,10.0107,1.7818499999999993,0.0548999999999999,0.01754,8.685690000000005,9.147766008000016,13.563119999999996,128.4,3.435726300869997,56.0,0.3462000000000001,6.27956439802,1.5757599999999998,50320.3,1559.9,0.35,20.37450148351,339.8302299999998,0.006,0.4333186711,18.09920274183,225.18945999999997,411.2,12.42904402547999,1.204099999999999,4.800429999999999,1559.9,3.2635999999999945,90.0,400.0,0.13337,SGP,2019
372,116.98305000000006,4.478066720659999,7.375029999999999,4.94991,2.8381499999999997,0.0117499999999999,4.9198200000000005,0.7160800000000002,27.419349999999994,15.09458999999998,42.097620000000006,6.762080176510002,57.42503000000002,114.006,0.7584800000000002,2.3644400000000023,0.03327,0.0262,0.8964600000000003,9.139965322880018,0.5605100000000001,12.8335,6.065259530469993,56.0,0.1597799999999999,4.715565486830004,1.966799999999998,557.2975299999997,18.345499999999998,11.663790000000006,9.79623222494,43.92261999999998,0.00294,0.3636872943500001,14.123417228760008,16.05304999999999,192.9265000000001,6.439743225389996,0.7433,0.9624900000000014,416.08650000000017,0.7755900000000008,112.15640000000003,400.0,0.2524900000000001,SXM,2019
383,14.324810000000005,5.575719322970001,0.5,2.756,1.47,0.0117499999999999,1.05,0.891,1.72214,16.341419999999975,48.661,45.971019,1.9301299999999997,118.3205,2.0784499999999992,2.400330000000003,0.04215,0.02018,1.485,6.432032163520007,1.99,20.20750000000001,5.48618779157,56.0,0.4574699999999999,0.4284981,0.256,85.84,244.67199999999983,7.057429999999997,1.7471220202000006,11.77,0.00316,0.11512125784,10.415315369799997,15.196,74.25616999999998,0.2415401580500001,0.9502999999999991,1.0845099999999994,393.6454999999997,0.339,33.150099999999995,400.0,0.3324200000000001,SLB,2019
394,74.54587000000008,2.5380026116699987,10.412069999999998,3.6504899999999982,3.063,0.0117499999999999,1.94,2.875229999999996,2.2,15.571759999999992,66.8,5.713699368600001,31.27629999999997,106.61649999999996,0.6805199999999999,2.4300200000000025,0.02755,0.02098,0.7387799999999993,8.813125402240017,3.2338499999999994,12.8335,5.194168375989996,56.0,0.0620999999999999,3.999787851220002,1.55132,228.262,102.87749999999993,7.6,10.783416191849996,202.95114999999976,0.00294,0.34428523495,12.9330364861,9.69866,206.3240700000001,6.853381963169994,0.209,0.9605100000000012,481.647,1.1078300000000003,179.75120000000018,400.0,0.09454,KNA,2019
405,23.77,2.31771975887,9.849619999999998,3.596940000000001,2.906,0.0112499999999999,1.87,1.2342500000000003,0.2061499999999999,16.277559999999987,46.4,11.986340090619995,5.64,109.65999999999998,0.6910199999999999,2.4194400000000025,0.03427,0.01828,1.1598100000000002,9.684829999680016,2.95086,7.7775,14.619020758189995,56.0,0.0320499999999999,0.5885024017400001,1.771279999999999,125.01,154.4419999999999,104.75641000000007,14.10464176185999,30.944009999999984,0.00294,0.28441518862,6.618571125829998,18.951549999999997,153.58202999999995,2.8414973791100016,0.123,0.9489200000000008,412.6815,0.3970099999999998,46.8045,400.0,0.04712,VCT,2019
416,166.38764,1.7500564057700003,9.403769999999998,5.802370000000003,3.162,0.0113999999999999,3.835,0.9509900000000004,0.6919999999999992,17.92890999999999,88.4,9.142806465130006,14.031860000000004,59.96199999999999,3.38431,2.369830000000002,0.0490799999999999,0.0215,1.232400000000001,9.490207298880016,0.8652900000000001,12.816,6.662858714420004,56.0,0.0631999999999999,0.6534293826899998,1.8690399999999985,404.759,17.28199999999999,76.98097,11.934275548839995,67.58083000000003,0.00294,0.27632303715,7.97157039249,16.808099999999975,178.6009400000001,7.760452146519998,0.8668999999999998,1.3208200000000017,506.393,0.9442700000000008,56.33620000000005,400.0,0.05204,LCA,2019
427,952.437,4.608697818710002,1.5,6.451,7.809,0.0117499999999999,5.55,0.631,4.220500000000004,15.453609999999978,341.0,6.3991873280100044,180.0,213.20800000000003,2.00313,2.4044700000000025,0.04403,0.02874,3.226,7.895011121280012,4.529,10.957000000000004,8.82430858176,56.0,0.2798399999999999,22.5,2.015679999999998,905.35,319.2619999999999,43.28676,13.76888841683,6.935,0.00286,0.4346132317400001,9.18650435157999,3.8,477.3508599999999,3.14784252031,1.8588999999999984,1.2019800000000016,256.1459999999999,0.18,70.49970000000002,400.0,0.3317000000000001,SUR,2019
438,34.17961,2.681583703479999,2.96168,5.010629999999997,6.354219999999998,0.0117499999999999,1.3969,1.5,3.63191,18.693109999999987,175.55,3.8386076552400015,31.543900000000004,110.2205,2.6307499999999995,2.8882100000000044,0.02222,0.01694,0.74,7.077911319680009,1.146,15.064000000000004,5.8587139334100025,56.0,0.5474100000000005,0.0150013,1.3802400000000006,515.247,199.51799999999983,9.49367,11.606338085979989,86.29,0.00332,0.2976654947800001,9.669362487410002,29.4,76.91364999999998,0.5938936072899995,0.7043,1.257330000000001,434.2929999999999,0.325,22.354099999999995,400.0,0.7511399999999999,TLS,2019
449,456.4795499999997,3.75505624405,6.106639999999999,14.714100000000004,4.671,0.0132999999999999,3.0,0.75314,0.01,15.007249999999985,1822.865,7.294491529940005,93.43709999999996,332.0,0.5654199999999999,2.1654000000000018,0.0434,0.02018,4.439350000000001,8.214050356800014,6.983220000000002,27.38900000000001,2.783965621050001,56.0,0.7510899999999993,9.561191370129992,1.844599999999999,9184.12,1085.2075000000011,0.027,21.680097458070005,259.72286999999983,0.00332,0.3304524862700001,16.039947206289977,64.26156000000002,259.51538,4.477388729219999,0.5441,0.9061900000000014,303.60400000000004,2.372990000000001,518.8104,400.0,0.1013399999999999,TTO,2019
460,36.54073999999998,2.6555509595599998,7.229599999999998,4.363540000000003,6.923,0.0121499999999999,5.98,2.6863400000000017,1.52,13.599319999999985,17.7,13.853201694409996,26.61134999999997,46.121,2.5290399999999997,2.227290000000002,0.04255,0.01832,0.251,6.883288618880008,0.342,16.538000000000004,1.0492026756000006,56.0,0.1046899999999999,2.448056734,2.2111999999999967,63.622,302.8489999999998,1.431,2.88224398427,32.32811999999996,0.00294,0.3241213041900002,11.817309938410006,22.55339,97.95583000000008,0.4579741347500001,1.675799999999999,1.116300000000001,415.6919999999999,46.36145,32.6322,400.0,1.4846200000000016,TON,2019
471,29.01867999999999,6.16469,7.536349999999999,6.25738,0.803,0.0117499999999999,0.906,0.5322200000000002,1.01703,15.33586999999998,1.8,9.119198106229998,2.1871499999999973,88.8845,5.880890000000001,2.4218200000000025,0.04703,0.02048,1.332,7.210128539520009,1.181,12.711000000000002,1.0426054701999996,56.0,0.0335099999999999,3.857950828450001,1.4046800000000004,6.256,172.44249999999985,1.5696499999999995,3.0958928408300013,0.268,0.00278,0.1694879056999999,12.054357581399994,1.335,82.18388999999996,0.1197629783099998,0.8570999999999994,1.1006900000000013,414.1169999999999,0.4353,53.01240000000001,400.0,0.7249000000000001,TUV,2019
482,132.3836200000001,3.9762037957300023,7.383659999999999,4.784120000000001,1.466,0.0117499999999999,0.94,1.0026700000000002,4.304349999999999,15.421629999999986,90.7,13.447232412909996,56.57904000000002,95.5195,0.7864300000000002,2.3960000000000026,0.04496,0.02082,0.9508900000000002,10.478527745920015,0.7457299999999998,15.221500000000002,5.091902200359994,56.0,0.2876600000000003,5.0120557727900055,1.6979599999999992,257.0,69.57450000000001,6.216020000000002,9.208028135649998,69.36046000000002,0.00294,0.2817797834900001,12.443381504319998,9.53283,183.51253000000008,4.240972373900002,0.2719,1.2362300000000015,455.329,0.8966700000000009,90.6425,400.0,0.0240999999999999,TCA,2019
493,7.78,0.00360924,6.499150000000001,7.877630000000006,3.46,0.0117499999999999,2.54,0.205,3.4,16.171979999999984,22.52,0.045,1.2,62.43449999999999,1.6200299999999996,2.3915900000000025,0.04334,0.00826,1.756,7.077911319680009,3.527,15.169000000000004,0.2250857151800003,56.0,0.4289299999999997,0.104669,2.7,61.544,203.53049999999985,6.16,2.861407101270001,0.066,0.00278,0.1331121959,9.71561088947,0.04,73.53422999999997,1.14409751032,0.9502999999999991,1.44,610.5675000000001,0.078,25.968000000000004,400.0,0.4871099999999996,VUT,2019
504,178.58433000000002,5.736712667279999,9.988329999999998,8.123230000000007,2.629,0.0132999999999999,1.511,2.8936399999999987,2.1469499999999995,15.540669999999988,23.8,10.69755884144,94.94970000000004,118.468,0.5862899999999999,2.3666900000000024,0.04181,0.0199,1.0993500000000014,9.139965322880018,0.5017399999999997,2.3715,3.499564180069997,56.0,0.3157000000000003,0.73870973004,1.6490799999999997,105.812,271.8635,1.48694,10.68847245681,278.9087499999998,0.00294,0.4858205983100001,9.570145628310003,40.86098,197.2109700000001,6.885927596800002,0.2768,0.8548100000000014,449.493,0.9299300000000008,114.94070000000006,400.0,0.0210199999999999,AIA,2019
515,170.23756,8.46070185237,11.00159,4.9315600000000055,9.918,0.0118499999999999,3.242,2.872449999999999,0.8628,12.932679999999989,18.4,6.683349161000001,72.74757000000007,79.911,0.6596499999999998,2.0459500000000013,0.0427,0.0229,4.028,7.373548499840012,5.445,15.151500000000004,5.765851663280001,56.0,0.2863700000000004,6.597815448149998,2.0401199999999977,28.819,324.32499999999976,0.6905100000000001,7.143141984419998,222.8019999999998,0.00294,0.4794419139500002,9.616601346299996,32.48617999999999,233.12435000000005,5.019492408190001,1.1110999999999993,1.0784100000000014,382.5214999999998,1.0331500000000005,114.1103000000001,400.0,0.59961,COK,2019
526,156.45612000000008,3.46765890776,7.185989999999999,5.121029999999999,3.824220000000001,0.0117499999999999,0.25,0.9917600000000004,3.1962500000000005,14.885419999999987,6.94,13.054369667479996,84.59310000000005,106.867,0.5548799999999998,2.3580400000000026,0.04562,0.02196,0.7658399999999996,10.143887140160016,0.7299899999999997,10.078,5.117355341169995,56.0,0.17627,0.4605117522999998,1.6979599999999992,25.515,256.2674999999999,5.937120000000005,6.891569590559998,184.26374999999996,0.00294,0.3823473669900001,12.28815992878,41.23488,198.8045400000001,7.112927840269999,0.2768,0.8081700000000012,505.627,0.8582500000000007,95.3715,400.0,0.03271,MSR,2019
537,81.47980000000001,3.95257,6.90122,4.056909999999999,1.204,0.0117499999999999,1.02,0.6869700000000006,0.015,13.602179999999985,0.144,10.951817894599996,38.52077999999998,108.65249999999996,8.545500000000002,2.213810000000002,0.04674,0.02302,0.021,7.38914987008001,0.022,14.115000000000002,2.2443358402700007,56.0,0.1456699999999999,8.017344567809996,1.7957199999999989,0.105,241.62549999999985,0.9080099999999997,7.7955245354499985,155.60929999999985,0.00294,0.2546345591500001,9.52398896112,9.182049999999997,113.57398000000003,2.7087112976900003,0.8823999999999992,1.1563900000000014,379.3019999999997,0.53387,83.16649999999998,400.0,0.7475499999999999,TKL,2019
548,92.51644000000002,5.144287826480001,8.11937,4.897360000000005,0.469,0.0117499999999999,0.941,2.914479999999999,0.5774099999999999,13.80558999999998,2.084,10.944966888939996,33.65356999999997,93.437,1.36734,2.181360000000001,0.03805,0.02102,1.1662900000000005,6.883288618880008,0.9172099999999994,13.9925,3.00743851096,56.0,0.1320599999999999,0.0988142,1.820159999999999,2.922,152.12099999999984,0.17926,6.406382155989999,182.00072999999992,0.00294,0.3020412811000002,8.77346107033,10.685819999999996,112.75295,3.12412369006,0.8119999999999997,1.2839300000000011,371.6004999999997,0.7355900000000005,62.06969999999999,400.0,0.1673599999999999,NIU,2019
