Country Code,year,wdi-BM.KLT.DINV.CD.WD,wdi-BM.KLT.DINV.WD.GD.ZS,wdi-BX.KLT.DINV.CD.WD,wdi-BX.KLT.DINV.WD.GD.ZS,wdi-BX.TRF.PWKR.CD.DT,wdi-BX.TRF.PWKR.DT.GD.ZS,wdi-EG.ELC.ACCS.RU.ZS,wdi-EG.ELC.ACCS.UR.ZS,wdi-EG.ELC.ACCS.ZS,wdi-FP.CPI.TOTL.ZG,wdi-IC.BUS.DFRN.XQ,wdi-IC.BUS.DISC.XQ,wdi-IC.CRD.INFO.XQ,wdi-IC.CRD.PRVT.ZS,wdi-IC.CRD.PUBL.ZS,wdi-IC.ELC.TIME,wdi-IC.EXP.CSBC.CD,wdi-IC.EXP.CSDC.CD,wdi-IC.EXP.TMBC,wdi-IC.EXP.TMDC,wdi-IC.IMP.CSBC.CD,wdi-IC.IMP.CSDC.CD,wdi-IC.IMP.TMBC,wdi-IC.IMP.TMDC,wdi-IC.ISV.DURS,wdi-IC.LGL.CRED.XQ,wdi-IC.LGL.DURS,wdi-IC.PRP.DURS,wdi-IC.PRP.PROC,wdi-IC.REG.COST.PC.FE.ZS,wdi-IC.REG.COST.PC.MA.ZS,wdi-IC.REG.COST.PC.ZS,wdi-IC.REG.DURS,wdi-IC.REG.DURS.FE,wdi-IC.REG.DURS.MA,wdi-IC.REG.PROC,wdi-IC.REG.PROC.FE,wdi-IC.REG.PROC.MA,wdi-IC.TAX.DURS,wdi-IC.TAX.LABR.CP.ZS,wdi-IC.TAX.OTHR.CP.ZS,wdi-IC.TAX.PAYM,wdi-IC.TAX.PRFT.CP.ZS,wdi-IC.TAX.TOTL.CP.ZS,wdi-IC.WRH.DURS,wdi-IC.WRH.PROC,wdi-IQ.SPI.PIL1,wdi-IQ.SPI.PIL3,wdi-IT.CEL.SETS,wdi-IT.CEL.SETS.P2,wdi-IT.NET.SECR,wdi-IT.NET.SECR.P6,wdi2-NE.CON.PRVT.CD,wdi2-NE.CON.PRVT.ZS,wdi2-NE.CON.TOTL.CD,wdi2-NE.EXP.GNFS.CD,wdi2-NE.EXP.GNFS.ZS,wdi2-NE.IMP.GNFS.CD,wdi2-NE.IMP.GNFS.ZS,wdi2-NE.RSB.GNFS.ZS,wdi2-NE.TRD.GNFS.ZS,wdi2-NV.AGR.TOTL.CD,wdi2-NV.AGR.TOTL.KD,wdi2-NV.AGR.TOTL.KD.ZG,wdi2-NV.AGR.TOTL.ZS,wdi2-NV.IND.MANF.CD,wdi2-NV.IND.MANF.ZS,wdi2-NV.IND.TOTL.CD,wdi2-NV.IND.TOTL.KD.ZG,wdi2-NV.IND.TOTL.ZS,wdi2-NV.SRV.TOTL.KD,wdi2-NV.SRV.TOTL.KD.ZG,wdi2-NV.SRV.TOTL.ZS,wdi2-NY.ADJ.AEDU.GN.ZS,wdi2-NY.ADJ.DCO2.GN.ZS,wdi2-NY.ADJ.DFOR.GN.ZS,wdi2-NY.ADJ.DKAP.GN.ZS,wdi2-NY.ADJ.DMIN.CD,wdi2-NY.ADJ.DMIN.GN.ZS,wdi2-NY.ADJ.DNGY.GN.ZS,wdi2-NY.ADJ.DPEM.GN.ZS,wdi2-NY.ADJ.DRES.GN.ZS,wdi2-NY.ADJ.NNTY.CD,wdi2-NY.ADJ.NNTY.PC.CD,wdi2-NY.GDP.COAL.RT.ZS,wdi2-NY.GDP.DEFL.KD.ZG,wdi2-NY.GDP.FRST.RT.ZS,wdi2-NY.GDP.MINR.RT.ZS,wdi2-NY.GDP.MKTP.CD,wdi2-NY.GDP.MKTP.KD,wdi2-NY.GDP.MKTP.KD.ZG,wdi2-NY.GDP.MKTP.PP.CD,wdi2-NY.GDP.MKTP.PP.KD,wdi2-NY.GDP.NGAS.RT.ZS,wdi2-NY.GDP.PCAP.CD,wdi2-NY.GDP.PCAP.KD,wdi2-NY.GDP.PCAP.KD.ZG,wdi2-NY.GDP.PCAP.PP.CD,wdi2-NY.GDP.PCAP.PP.KD,wdi2-NY.GDP.PETR.RT.ZS,wdi2-NY.GDP.TOTL.RT.ZS,wdi2-NY.GDS.TOTL.CD,wdi2-NY.GDS.TOTL.ZS,wdi2-NY.GNP.ATLS.CD,wdi2-NY.GNP.MKTP.CD,wdi2-NY.GNP.MKTP.PP.CD,wdi2-NY.GNP.PCAP.CD,wdi2-NY.GNP.PCAP.PP.CD,wdi2-SE.COM.DURS,wdi2-SE.PRE.DURS,wdi2-SE.PRM.AGES,wdi2-SE.PRM.DURS,wdi2-SE.SEC.DURS,wdi2-SG.GEN.PARL.ZS,wdi2-SH.ANM.ALLW.ZS,wdi2-SH.ANM.CHLD.ZS,wdi2-SH.ANM.NPRG.ZS,wdi2-SH.DTH.0509,wdi2-SH.DTH.1014,wdi2-SH.DTH.1519,wdi2-SH.DTH.2024,wdi2-SH.DTH.COMM.ZS,wdi2-SH.DTH.IMRT,wdi2-SH.DTH.INJR.ZS,wdi2-SH.DTH.MORT,wdi2-SH.DTH.NCOM.ZS,wdi2-SH.DTH.NMRT,wdi2-SH.DYN.0509,wdi2-SH.DYN.1014,wdi2-SH.DYN.1519,wdi2-SH.DYN.2024,wdi2-SH.DYN.MORT,wdi2-SH.DYN.MORT.FE,wdi2-SH.DYN.MORT.MA,wdi2-SH.DYN.NCOM.FE.ZS,wdi2-SH.DYN.NCOM.MA.ZS,wdi2-SH.DYN.NCOM.ZS,wdi2-SH.DYN.NMRT,wdi2-SH.IMM.HEPB,wdi2-SH.IMM.IDPT,wdi2-SH.IMM.MEAS,wdi2-SH.PRG.ANEM,wdi2-SH.STA.DIAB.ZS,wdi2-SH.STA.POIS.P5,wdi2-SH.STA.POIS.P5.FE,wdi2-SH.STA.POIS.P5.MA,wdi2-SH.STA.SUIC.FE.P5,wdi2-SH.STA.SUIC.MA.P5,wdi2-SH.STA.SUIC.P5,wdi2-SH.STA.TRAF.P5,wdi2-SH.TBS.DTEC.ZS,wdi2-SH.TBS.INCD,wdi2-SL.AGR.EMPL.FE.ZS,wdi2-SL.AGR.EMPL.MA.ZS,wdi2-SL.AGR.EMPL.ZS,wdi2-SL.EMP.1524.SP.FE.ZS,wdi2-SL.EMP.1524.SP.MA.ZS,wdi2-SL.EMP.1524.SP.ZS,wdi2-SL.EMP.MPYR.FE.ZS,wdi2-SL.EMP.MPYR.MA.ZS,wdi2-SL.EMP.MPYR.ZS,wdi2-SL.EMP.SELF.FE.ZS,wdi2-SL.EMP.SELF.MA.ZS,wdi2-SL.EMP.SELF.ZS,wdi2-SL.EMP.TOTL.SP.FE.ZS,wdi2-SL.EMP.TOTL.SP.MA.ZS,wdi2-SL.EMP.TOTL.SP.ZS,wdi2-SL.EMP.VULN.FE.ZS,wdi2-SL.EMP.VULN.MA.ZS,wdi2-SL.EMP.VULN.ZS,wdi2-SL.EMP.WORK.FE.ZS,wdi2-SL.EMP.WORK.MA.ZS,wdi2-SL.EMP.WORK.ZS,wdi2-SL.FAM.WORK.FE.ZS,wdi2-SL.FAM.WORK.MA.ZS,wdi2-SL.FAM.WORK.ZS,wdi2-SL.GDP.PCAP.EM.KD,wdi2-SL.IND.EMPL.FE.ZS,wdi2-SL.IND.EMPL.MA.ZS,wdi2-SL.IND.EMPL.ZS,wdi2-SL.SRV.EMPL.FE.ZS,wdi2-SL.SRV.EMPL.MA.ZS,wdi2-SL.SRV.EMPL.ZS,wdi2-SL.TLF.ACTI.1524.FE.ZS,wdi2-SL.TLF.ACTI.1524.MA.ZS,wdi2-SL.TLF.ACTI.1524.ZS,wdi2-SL.TLF.ACTI.FE.ZS,wdi2-SL.TLF.ACTI.MA.ZS,wdi2-SL.TLF.ACTI.ZS,wdi2-SL.TLF.CACT.FE.ZS,wdi2-SL.TLF.CACT.FM.ZS,wdi2-SL.TLF.CACT.MA.ZS,wdi2-SL.TLF.CACT.ZS,wdi2-SL.TLF.TOTL.FE.ZS,wdi2-SL.TLF.TOTL.IN,wdi2-SL.UEM.1524.FE.ZS,wdi2-SL.UEM.1524.MA.ZS,wdi2-SL.UEM.1524.ZS,wdi2-SL.UEM.TOTL.FE.ZS,wdi2-SL.UEM.TOTL.MA.ZS,wdi2-SL.UEM.TOTL.ZS,wdi2-SM.POP.REFG,wdi2-SM.POP.REFG.OR,wdi2-SP.ADO.TFRT,wdi2-SP.DYN.CBRT.IN,wdi2-SP.DYN.CDRT.IN,wdi2-SP.DYN.IMRT.FE.IN,wdi2-SP.DYN.IMRT.IN,wdi2-SP.DYN.IMRT.MA.IN,wdi2-SP.DYN.LE00.FE.IN,wdi2-SP.DYN.LE00.IN,wdi2-SP.DYN.LE00.MA.IN,wdi2-SP.DYN.TFRT.IN,wdi2-SP.DYN.TO65.FE.ZS,wdi2-SP.DYN.TO65.MA.ZS,wdi2-SP.POP.0004.FE.5Y,wdi2-SP.POP.0004.MA.5Y,wdi2-SP.POP.0014.FE.IN,wdi2-SP.POP.0014.FE.ZS,wdi2-SP.POP.0014.MA.IN,wdi2-SP.POP.0014.MA.ZS,wdi2-SP.POP.0014.TO,wdi2-SP.POP.0014.TO.ZS,wdi2-SP.POP.0509.FE.5Y,wdi2-SP.POP.0509.MA.5Y,wdi2-SP.POP.1014.FE.5Y,wdi2-SP.POP.1014.MA.5Y,wdi2-SP.POP.1519.FE.5Y,wdi2-SP.POP.1519.MA.5Y,wdi2-SP.POP.1564.FE.IN,wdi2-SP.POP.1564.FE.ZS,wdi2-SP.POP.1564.MA.IN,wdi2-SP.POP.1564.MA.ZS,wdi2-SP.POP.1564.TO,wdi2-SP.POP.1564.TO.ZS,wdi2-SP.POP.2024.FE.5Y,wdi2-SP.POP.2024.MA.5Y,wdi2-SP.POP.2529.FE.5Y,wdi2-SP.POP.2529.MA.5Y,wdi2-SP.POP.3034.FE.5Y,wdi2-SP.POP.3034.MA.5Y,wdi2-SP.POP.3539.FE.5Y,wdi2-SP.POP.3539.MA.5Y,wdi2-SP.POP.4044.FE.5Y,wdi2-SP.POP.4044.MA.5Y,wdi2-SP.POP.4549.FE.5Y,wdi2-SP.POP.4549.MA.5Y,wdi2-SP.POP.5054.FE.5Y,wdi2-SP.POP.5054.MA.5Y,wdi2-SP.POP.5559.FE.5Y,wdi2-SP.POP.5559.MA.5Y,wdi2-SP.POP.6064.FE.5Y,wdi2-SP.POP.6064.MA.5Y,wdi2-SP.POP.6569.FE.5Y,wdi2-SP.POP.6569.MA.5Y,wdi2-SP.POP.65UP.FE.IN,wdi2-SP.POP.65UP.FE.ZS,wdi2-SP.POP.65UP.MA.IN,wdi2-SP.POP.65UP.MA.ZS,wdi2-SP.POP.65UP.TO,wdi2-SP.POP.65UP.TO.ZS,wdi2-SP.POP.7074.FE.5Y,wdi2-SP.POP.7074.MA.5Y,wdi2-SP.POP.7579.FE.5Y,wdi2-SP.POP.7579.MA.5Y,wdi2-SP.POP.80UP.FE.5Y,wdi2-SP.POP.80UP.MA.5Y,wdi2-SP.POP.BRTH.MF,wdi2-SP.POP.DPND,wdi2-SP.POP.DPND.OL,wdi2-SP.POP.DPND.YG,wdi2-SP.POP.GROW,wdi2-SP.POP.TOTL,wdi2-SP.POP.TOTL.FE.IN,wdi2-SP.POP.TOTL.FE.ZS,wdi2-SP.POP.TOTL.MA.IN,wdi2-SP.POP.TOTL.MA.ZS,wdi2-SP.RUR.TOTL,wdi2-SP.RUR.TOTL.ZG,wdi2-SP.RUR.TOTL.ZS,wdi2-SP.URB.GROW,wdi2-SP.URB.TOTL,wdi2-SP.URB.TOTL.IN.ZS,wdi2-ST.INT.ARVL,wdi2-TG.VAL.TOTL.GD.ZS,wdi2-TM.VAL.MRCH.AL.ZS,wdi2-TM.VAL.MRCH.CD.WT,wdi2-TM.VAL.MRCH.HI.ZS,wdi2-TM.VAL.MRCH.OR.ZS,wdi2-TM.VAL.MRCH.R1.ZS,wdi2-TM.VAL.MRCH.R2.ZS,wdi2-TM.VAL.MRCH.R3.ZS,wdi2-TM.VAL.MRCH.R4.ZS,wdi2-TM.VAL.MRCH.R5.ZS,wdi2-TM.VAL.MRCH.R6.ZS,wdi2-TM.VAL.MRCH.RS.ZS,wdi2-TM.VAL.MRCH.WL.CD,wdi2-TX.VAL.MRCH.AL.ZS,wdi2-TX.VAL.MRCH.CD.WT,wdi2-TX.VAL.MRCH.HI.ZS,wdi2-TX.VAL.MRCH.OR.ZS,wdi2-TX.VAL.MRCH.R1.ZS,wdi2-TX.VAL.MRCH.R2.ZS,wdi2-TX.VAL.MRCH.R3.ZS,wdi2-TX.VAL.MRCH.R4.ZS,wdi2-TX.VAL.MRCH.R5.ZS,wdi2-TX.VAL.MRCH.R6.ZS,wdi2-TX.VAL.MRCH.RS.ZS,wdi2-TX.VAL.MRCH.WL.CD
ASM,2019,-15120098.251453746,-0.658078287,298862.0826,3.081007183049745,48714758.77371756,3.170681474807353,99.99936339047969,99.54847534331664,99.87890494337634,0.1577880835481084,45.0251,3.0,1.692307692,0.0,0.0,51.23771102093782,201.0,50.0,38.0,24.0,437.514398264323,118.74571424500002,30.0,24.0,1.8784246030752283,1.0,611.5970990836427,21.0,4.0,8.069784876140808,8.04318181818182,8.04318181818182,14.563350162229575,14.52385853890526,14.548864735849406,5.0,5.0,5.0,151.0821179953002,4.5,2.1687086722739983,18.0,14.89387658488117,20.5,106.15425,13.063765842295128,,,1055976.4298709536,104.20019010956622,,,,,,,,,,,,46922348.65417683,66564999.4245,-6.323107628,2.011141314,11279700.0,5.049184392,19848600.0,-5.55512781,12.85094615,3370665256.231036,-3.985086581,44.71325874,,0.8834974969999999,0.010713613809062,11.315205061223557,,0.0012541764490494,0.0046483526810765,0.2909541257027256,0.3327388260456286,491952640.8000001,1724.548591,0.0034976823861954,,0.0,2.130210314913846e-06,,,,329702134.8,1063630976.4058336,0.0,,,,14099.48535,16261.57505,0.30122493,0.0,,,6033891008.841888,444007852.4631515,1427219719.0000002,9830.0,15230.0,9.66568840277198,2.7344717922777777,,,5.666666666666666,16.77400364310196,25.1,27.8,24.4,4.027457710223095,32.75306656408506,14.0,16.0,10.39285333,60.0,7.663682849,317.9630659695188,69.64800538,22.148567300746457,1.1726090977400192,1.5311260767330428,3.223022156928943,4.531702442358832,14.791100358377934,13.352148431514156,15.477463174646632,8.8,12.7,10.7,9.394935191992298,86.7009237528312,84.8661522139046,86.13256238778924,27.5,3.85,0.3155635236201601,0.1,0.4,1.0,3.3000000000000003,2.9,13.9,,,0.920000017,10.35477148,7.860000134,17.22,34.0275,27.43271616541353,1.715119507998155,3.6619866827791054,3.107993145850261,10.68999958,26.144737488609,26.21999931,30.43,58.6,47.041,10.58999979,21.74000001,21.14999938,58.81999969,58.79351769984775,58.22999954,0.389999986,0.6286071417909302,0.25,29275.56776,6.300000191,20.57999992,14.68999958,74.08374900874999,55.20999908,61.20000076,21.54,43.97,34.09,35.71899599,72.4903713698713,56.83,34.79310809556527,46.26606955,66.34,51.66,29.913696550000004,57953.0,17.575999999999997,9.4135,11.481625167110522,5.281423546,3.51,4.216150880619269,9.308989646395732,16.02670068027211,20.4548,6.4,8.082,11.67136368868736,12.509143618300207,13.704045416533672,76.759,74.4845,70.944,1.7100373863838887,80.82428852,70.9370394,7.436612058,8.010072737,10520.0,22.651332153,11897.0,23.74269938,22933.0,23.29945599,7.353215503,8.082599335,6.704599714,7.350963693,6.542420264650001,6.458428848,31897.0,63.455128890000005,36402.66666666666,64.90302941,66830.0,64.16136585,6.640181612,6.705603285,6.672017279000001,6.60890817,6.716443413,6.237868786,6.250942821,5.931049185,5.66611487,5.71899479,5.389016842000001,5.728935168541667,5.154307506,5.168848768,4.824048378,4.548672838,4.063604811,3.639263249,2.970717864,2.547209889,4341.0,8.84881984085,2853.9999999999995,6.546135906,7620.0,7.805481947,1.78458822,1.512946758,1.437029882,1.150198487,1.793176002595038,1.00663783,1.03,44.94776119,11.16996881,33.53024584,,,53670.1275,48.67353516,46851.0,47.99072714,,,,,,,,,,,,,,,,,,,,,,,,,,,,,,,,
ATG,2019,,,,,,,,,,,,,,,,,,,,,,,,,,,,,,,,,,,,,,,,,,,,,,,,,1055976.4298709536,59.43307750000001,,,,,,,,,,,,,,,,,,,,,,,,,,0.0,,,,,0.2279148808889995,0.0,485974658.6,3658.459193,,,,,,,,,,,,,,,,,,,,,,,,,,,,,,,,,,,,,,,,,,,,,,,,,,,,,,,,,,,,,,,,,,,82.1992917675545,,3.609999895,10.35477148,8.979999542,19.9,34.03,31.52307537819844,1.0181737198386267,2.224988131784088,1.8339273789513189,13.179500057000002,25.36544237769323,20.1632486025,40.29,61.78867442694469,52.62,12.01537922471362,18.7963519307,17.18000031,70.59999847,63.02905715042706,68.70333108,0.389999986,0.6611370211662241,0.610000014,32118.83131,6.300000191,24.04999924,15.34000015,74.05999756,51.45000076,62.72000122,31.2428323625,43.92,35.81,49.13,76.80325365722864,65.25,44.36140591068971,61.8444152135,66.53183455114198,53.52,38.55332673,57953.0,7.970000000000001,9.21,8.932186371302544,3.52,3.02,3.28,5.0,,,,,,,,,,,,,,,,,,,,,,,,,,,,,,,,,,,,,,,,,,,,,,,,,,,,,,,,,,,,,,,,,,,,,,,,,,,,,,,,,,,,,,,,,,,,,,,,,,,,,,,,,,,
ABW,2019,,-0.515238916,,3.081007183049745,,2.135318411109336,,,,,45.04865,2.0,4.0,4.749364424920185,0.0,54.4122502940068,131.3,25.0,5.0,2.0,175.36193579858823,80.0,2.0,0.5,1.928368193665041,1.0,498.1665907730744,6.0,4.0,2.7,2.542665899501344,2.4310227272727283,9.062318198799003,9.089441982035911,9.15594541426737,3.0,3.0,3.0,162.38752620890995,1.9000000000000057,1.3567743788091893,8.0,11.425451356522125,20.345,77.0,14.156304669749131,,,1077609.7489556682,111.28439030999634,,,4918916481.246943,48.14680047234376,48583963350.70359,41927191892.0,38.52125241,8626151733.006369,43.16398206,-19.96615905,85.32196763325,51344222.35731454,1964736655.7666671,-4.783681765,1.085623332,4306239928.0,6.072862014700001,23012399459.0,-0.839979536,16.12944113,3483556851.583236,0.295060652,55.06068537,,0.477356329,0.0009824700634687,11.002254404616822,,0.0008836589802707,0.0184489865862998,0.1298675099060582,0.0359132561098239,858333808.5,2704.2036275625,0.0021907637801474,-0.9550125860000002,0.0,0.0032360933741067,847661015.441,23069889180.866245,-0.217448488,74996677380.0,170315120066.72357,0.0,5145.541312902076,10170.15918,-1.3392531351999992,16300.42221,20805.34368,0.30122493,0.011028847,10581968820.0,10.316061619999996,16528074519.59538,51660206170.72367,200000000000.0,12070.0,20338.393416212188,,,,,,16.567790231089123,19.0,16.7,18.9,139.84123022537696,52.49651194129079,529.0,929.0,8.906129377,1069.0,4.905402022350001,441.05653202903176,79.7482416048344,636.4312499999999,0.975814944356196,0.9032291293622654,2.433139598948809,3.575499442836356,8.084804573387414,7.304768621720203,8.817979692154484,5.7,11.0425,8.3,4.688329236869375,87.7042219292232,90.00645887099013,92.04408242462094,21.16288909341804,,0.3650784807945907,0.1,0.4824557974570269,1.324819458783894,2.5,2.999905759162304,3.6000000000000005,,,1.389999986,8.877939586,7.289999961999999,25.5484177545,36.0156194,32.36892064129268,1.6777040538259351,3.605564635698368,3.102870513590932,7.610000133999999,18.53592870318637,14.5425001615,43.49,60.66466666666667,47.17,7.280000209999999,11.45328977190001,10.636794018500002,71.23999786,62.32416888057254,60.525998879,0.029999999,0.7482342129795977,0.029999999,30894.878996588235,6.33900015395,24.8889996545,16.31999969,72.69194066,46.11999893,58.56000137,31.579999999999995,42.88,36.24,50.54,76.62544645536252,66.17,43.711620824962274,63.24066274,66.31198180298331,54.78,38.55332673,219381.95,7.970000000000001,8.943129629629633,5.714976445454947,3.48,3.065012765957447,3.0986632047477745,5.000000000000001,91.32659466331522,,,,6.433218470912068,7.097698504044738,7.803012427534044,,,,,,,,,,,,,,,,,,,,,,,,,,,,,,,,,,,,,,,,,,,,,,,,,,,,,,,,,,,,,,,,,,,,,,,,,,,,40.41524372999999,,33574000000.0,,,,,,,,,,,,17144200000.000002,,,,,,7.44e-05,,,,
BHS,2019,,,,,68082449.38298903,2.2098652085481865,,,,,,,,,,,,,,,,,,,,,,,,,,,,,,,,,,,,,,,,,,,,,,,,,,,,,,,,,,,,,,,,,,,,,,,,,,,,,,,,,,,,,,,,,,,,,,,,,,,,,,,,,,,,,,,,,,,,,,,,,,,,,,,,,,,,,,,,,,,,,,,,,,,,,,,,,,,,,,,,,,,,,,,,,,,,,,,,,,,,,,,,,,,,,,,,,,,,,,,,,,,,,,,,,,,,,,,,,,,,,,,,,,,,,,,,,,,,,,,,,,,,,,,,,,,,,,,,,,,,,,,,,,,,,,,,,,,,,,,,,,,,,,,,,,,,,,,,,,,,,,,
BRB,2019,,,,,,,,,,,,,,,,,,,,,,,,,,,,,,,,,,,,,,,,,,,,,,,,,,,,,,,,,,,,,,53625153.54200402,15826194.71,,1.159411633,38297000.0,2.289572794,477873000.0,,12.88847321,3370665256.231036,,53.98502202,,,,,,,,,,,,,,,,,,,,,,,,,,,,,,,,,,,,,,,,,,,,,,,,,,,,,,,,,,,,,,,,,,,,,,,,,,,,,,82.67860848776131,,,,,,,,,,,,,,,,,,,,,,,,,,,,,,,,,,,,,,,,,,,,,,,,,,,5.0,,,,,,,,,,,,,,,,,,,,,,,,,,,,,,,,,,,,,,,,,,,,,,,,,,,,,,,,,,,,,,,,,,,,,,,,,,,,,,,,,,,,,,,,,,,,,,,,,,,,,,,,,,,
BLZ,2019,,,,,,,,,,0.075324135,,,,,,,,,,,,,,,,,,,,,,,,,,,,,,,,,,,,,,,,,,,,,,,,,,,,,,,,,,,,,,,,,,,,,,,,,,,,,,,,,,,,,,,,,,,,,,,,,,,,,,,,,,,,,,,,,,,,,,,,,,,,,,,,,,,,,,,,,,,,,,,,,,,,,,,,,,,,,,,,,,,,,,,,,,,,,,,,,,,,,,,,,,,,,,,,,,,,,,,,,,,,,,,,,,,,,,,,,,,,,,,,,,,,,,,,,,,,,,,,,,,,,,,,,,,,,,,,,,,,,,,,,,,,,,,,,,,,,,,,,,,,,,,,,,,,,,,,,,,
VGB,2019,,-0.047764823,,5.850431238645574,23792575.599861108,4.883523061,,,,0.5309005968750001,44.70443,3.0,0.0,0.0,0.0,43.72300469483569,209.40000000000003,50.0,20.0,12.0,482.401664198469,50.0,25.5,15.905000000000005,2.0928108361835003,1.0,547.7656681488056,15.0,4.0,7.954474431818181,7.751667808848522,7.759864777618365,14.081608550547468,14.080728006038736,13.98385950009363,4.0,4.0,4.0,141.95036698636463,4.5,2.0178718784136813,15.95238095,11.092984223659402,19.3,57.0,13.186274769441027,,,1055976.4298709536,116.25596756832503,,,4918916481.246939,35.72553306,2082644997.47316,1076343367.0,41.74799729,2579124393.581263,56.92226560000001,-21.11399983,95.7025164,36521780.53239431,15826194.71,-2.715362355119324,1.328104617,38051851.85,2.289572794,186453842.6,0.9563830439999998,15.466295729500002,3293941851.32815,2.482899343250001,53.44518641,3.817973151089831,0.612351619,0.0,11.088354349817818,,0.0008836589802707,0.0010798104849066,0.196789046280035,0.0,485974658.6,3272.203053770248,0.0023341333010538,0.1695559879999999,0.0,0.000611773942053,194579300.0575,946322950.9147706,2.849514441,2147665958.0,1977614594.1882548,0.0,4692.5956503607285,9350.492328,1.616169342,16101.65446,17050.29304,0.0,0.0,246581952.5,16.87206824,6033891008.841888,1069287408.671902,3773183576.0,9830.0,15230.0,,,,,,11.159150635504744,17.43742434,17.2,17.7,1.3709090909090909,32.75306656408506,4.0,6.0,9.215071855,14.000000000000002,3.909227141,317.9630659695188,78.59883878691284,7.308239478363959,1.1025406021390511,1.1029161169876225,2.934858097607353,4.461716772987812,11.068579983622076,10.17020782065515,12.47886495621969,6.800000000000001,16.16192832764505,8.8,7.041260136107087,86.54860890575652,89.99049097096923,92.14246716945637,19.34479559184425,,0.3616012301893865,0.1,0.4635001022937522,0.874656344410876,1.3,1.7337076658423836,5.1,80.4148451151176,,3.609999895,12.31000042,10.27999973,24.94835509,36.47,33.319642084711134,0.9735655234775074,1.7515378660806271,1.492470596014163,2.75999999,25.700686609498323,14.93999958,43.9655,63.08781842386449,52.62,10.12000012,16.32116637691667,14.17999981,51.31999969,61.13998020401663,57.36999893,0.029999999,0.8248263482704998,0.100000001,16906.42414,6.613236969536587,17.36000061,14.14000034,59.60825014199999,46.34000015,54.95000076,31.579999999999995,43.69803081516666,36.24,47.97,76.57829184968554,60.29,44.20855325374167,58.07109186,66.34,54.717000000000006,38.07354017563333,234477.10000000003,4.16,3.53,3.67,3.081807759839746,2.744008021932979,2.7037164893617027,5.0,50.0,13.5196,13.37657845661823,4.548,9.049353361410692,10.259256375090814,10.796137912281194,76.081,73.934530114,70.944,1.7784697786826615,71.944196,67.8603528,7.97815959,7.977641272999999,11261.000000000002,23.27658617,11897.0,23.7418671845,23175.0,23.73873275,8.085347483,7.553292304,7.335900389,7.397293041,6.545592130000001,6.458428848,31897.0,63.455128890000005,34930.0,64.77462666,66830.0,64.67197217,6.640181612,6.705603285,7.096313112,7.404837862000001,6.721653527,7.073632511789195,6.7900007721,6.645566372,5.829250042,5.75069895100777,5.64546074,5.643558539,5.020352157,4.97166049,4.323260088800001,4.154306082,3.393314414,3.3194512840000003,2.5229215048,2.277805341,4341.0,6.640327103,3280.0,5.815255363075912,7620.0,6.3682231055,1.78458822,1.474635166,1.140863873,0.95798132555,0.962027036,0.651348468,1.03,45.72884848,9.49689989445,34.67036909,,,47518.0,48.67353516,50025.600000000006,48.91486125,,,,,,,,48.25589067686897,0.0545259151347428,68000000.0,47.19229809,10.3053262,3.866133077662463,0.154686764,0.024571342,0.032939325,0.6847273886934705,0.04979821175,0.020974879,147781541.0,1.1115178424171548,38960674.4704571,70.79390202942133,0.658159226,0.049981851,0.6852384052000002,1.2826691510781252,0.05425924,0.1191822212942373,0.6010949378664595,0.001019696,454708681.7018472
CPV,2019,,,,,,,,,,,,,,,,,,,,,,,,,1.5348837209302324,,,,,,,,,,,,,,,,,,,,,,,,,,,,,,,,,,,,,,,,,,,,,,,,,,,,,,,,,,,,,,,,,,,,,,,,,,,,,,,,,,,,,,,,,,,,,,,,,,,,,,,,,,,,,,,,,,,,,,,,,,,,,,,,,,,,,,,,,,,,,,,,,,,,,,,,,,,,,,,,,,,,,,,,,,,,,,,,,38.79818481848186,,,,,,,,,,,,,,,,,,,,,,,,,,,,,,,,,,,,,,,,,,,,,,,,,,,,,,,,,,,,,,,,,,,,,,,,,,,,,,,,,,,,,,,,,,,,,,,,,,,,,,,,,,,
COM,2019,-1983147.75012413,-0.201983419,,,,,,,,0.68546664965,,,,,,,,,,,,,,,2.282303030368401,,,,,,,,,,,,,,,,,,,,,,,,,,,,,,,,,,,,,,,,,50941809.76600003,0.492892477,,,,,,,,,,,,,,,,,,,,,,,,,,,,,,,,,,,,,,,,,,,,,,,,,,,,,,,,,,,,,,,,,,,,,,,,,,,,,,,,,,,,46.0,,,,,,,,,,,,,,,,,,,,,,,,,,,,,,,,,,,,,,,,,,,,,,,,,,,28.33333333333333,,,,,,,,,,,,,,,,,,,,,,,,,,,,,,,,,,,,,,,,,,,,,,,,,,,,,,,,,,,,,,,,,,,,,,,,,,,,,,,,,,,,,,,,,,,,,,,,,,,,,,,0.324545702,,,,
CUB,2019,345071732.0,-0.005899737,-216636843.1,1.8457324739391447,676327504.8,4.87897619523551,,,,0.266012515,53.27453,3.897379406307978,6.0,23.105639386574385,3.495776403099454,65.82370556744327,100.0,35.0,11.240416663500008,1.7,123.0740019770357,37.0,2.5,1.6,1.88097149458345,1.9500000000000028,522.1598576215127,9.5,4.0,3.56497878892054,3.508860874068118,3.5317590390135685,7.786091439208864,7.828534259105037,7.761236111248669,3.0,3.0,3.0,177.7318602978778,10.278161764705883,1.8479876019881685,6.0,11.050478351069716,22.4,105.0,14.084857732418492,,,,,,,14809701192.14448,49.725562655500006,59661612757.58335,135000000000.00002,37.643702919000006,33729413634.008408,42.4815839,-18.19056436,85.31952686464126,1728507276.8022037,16375929120.000002,-6.692349500924464,3.388358384,9769481854.0,11.46636407,20245263191.0,-5.55512781,15.58580356,8782120421.294493,-0.825199989,48.42669267,,1.160296898,0.0135568850646415,10.55763179781428,,0.0065624440003469,0.445424742864766,0.1200855968866581,0.5477578256944904,14859791016.0,2558.266916975,0.0086473048959111,,0.011028847,0.0037889492942122,,,,116000000000.0,538000000000.0,0.014013971,,,,14099.48535,21533.94924,0.200103623,0.140914731,22650898689.0,-28.05642633,30863804442.49633,3219884847.0,919000000000.0,8769.074658,22080.0,,,,,,,,,,,,,,,,,,,,,,,,,,,,,,,,,,,,,,,,,,,,,,,,,,,,,,,,,,,,,,,,,,,,,30874.89277,,,,,,,,,,,,,,,,,,,,,,,,,,,,,,,,,,,,,,,,,,,,,,,,,,,,,,,,,,,,,,,,,,,,,,,,,,,,,,,,,,,,,,,,,,,,,,,,,,,,,,,,,,,,,,,,,,,,,,,,,,,,,,,,,,,,
CUW,2019,,,,,,,,,,,50.82456,3.0,5.289952630499999,1.0718634306935164,0.0,63.23523177450176,131.3,25.0,11.663800000000007,2.0,155.0679166666667,37.0,2.0,0.5,1.9318532333367189,1.0,488.72219849130994,6.0,4.0,1.7020757515797027,1.598588115794693,1.6771043444285023,8.577821176098338,8.60816668610151,8.560420013434438,3.0,3.0,3.0,167.5744820331184,4.812882425103646,1.646022957784415,8.0,10.756460231962269,20.38,88.95,14.27553136371299,,,,,,,4918916481.246941,53.96368052,1466156953.2479532,18383300000.0,35.35818825,7279418921.850878,44.55703289,-24.57418951,89.51064381672906,46858580.58761663,15826194.71,-6.70217962648932,1.40212428,180173756.7,5.373551394100001,211549296.3,-9.998565592,12.88629602,8510973086.652624,-4.702486454,54.0714232565,,0.347126626,0.0023338682242063,12.297629296098124,,,,0.1036052901016365,0.084980491259958,1834333849.0,3034.4720287250007,,,,,,946322950.9147712,,,,0.0,,15518.14633285553,,,,0.0,,242499182.6350002,5.558966416,,,,,,,,,,,13.06755408094079,15.4,11.6,15.3,16.190733464822983,34.261604395604444,121.95,183.0,5.165318472,314.0,3.516020383,331.2279267350771,87.54075076228574,169.35422338174206,0.465871198515582,0.7036366020201463,1.888036243888923,2.7103269712470084,6.080171279734947,5.509570949938016,6.614675130106848,6.785000000000002,13.4127375875,9.0,3.547443181818182,92.04572656415422,92.41339912678784,92.91025832454604,17.77323330159486,,0.3844532089847066,0.1556102810888377,0.5474455610498098,2.6522775138462653,5.6,4.1,3.6950000000000007,77.0,,0.340000004,2.849999905,2.079999924,22.91,32.1,29.94,1.8501979133042097,3.3032763036653727,2.7409300309552607,8.739999771,14.066744532544051,8.979999542,40.8,59.60237512333333,52.70301544599999,6.066170245369342,4.560000002,6.270000041,83.41000366,76.42538372129498,75.23000336,0.029999999,0.1876813513184025,0.029999999,32118.83131,7.041279385601707,27.989999770000004,18.44000053,81.221502689,55.99449958600002,61.11999893000001,28.07,40.8863725855091,35.81,52.81,76.7120912837595,67.796277585,45.04,63.24066274,63.733449555,56.89,39.25197594727874,57953.0,8.97,9.21,9.12,3.48,3.0580000000000003,3.28,,,,,,4.767275264084415,5.266004655099469,5.7335478832086775,80.201,78.42439024,76.3,,,,,,,,,,,,,,,,,,,,,,,,,,,,,,,,,,,,,,,,,,,,,,,,,,,,,,,,,,,,,,,,,,,,,,,,,,,,,,,,,,0.6087445005783455,,,,,,,,,,,,,,,
DMA,2019,,,,,,,,99.4417530456374,,,,,,,,,,,,,,,,,,,,,,,,,,,,,,,,,,,,,,,,,1055976.4298709536,92.85992138100796,,,4522101568.590284,45.552450202,770677238.35,,,,,,,,,,,,,,,,,,,,,,,,,,0.2040566381988439,,,,,,,,,,,,,,,,,,,,,-980889400.0,0.253823337,,,,,,,,,,,,,,,,,,,9.304941124,,5.855976428,,77.91041861,,,,,,,,,10.3,17.168177480916032,11.59,,,,,,,0.3582522742666481,0.1,0.4558694804087472,0.8237226744617913,0.0,0.7983280507131537,4.1,,,3.440000057,14.48712766,12.463499544,24.634321991,36.47,32.7338327955,1.5300003697827658,3.6042251253893394,2.969354343223692,12.60000038,30.09689150959168,22.52000046,35.79,58.6,47.17,10.04999989,22.80999982,20.72000003,52.63999939,60.35897139167931,57.28958238164286,0.090000004,1.2990429302465594,0.100000001,29275.56776,6.300000191,21.36000061,14.68999958,62.588495973000015,46.34000015,56.56999969,31.579999999999995,42.876413268250005,36.24,46.43,72.42718409184616,58.64,42.72278387961053,61.84805547,66.34,53.52,38.55332673,57953.0,4.16,4.489629787234046,4.375238297872341,2.817410348958429,1.8260000000000003,2.24,5.0,,24.0468,9.948782058727335,4.457,,,,72.873548476,70.77416006600001,66.927,2.011,73.2534788,59.6876152,8.4138310466,8.995372121,11280.0,25.75966311,12138.5,26.2645952,23860.0,25.91440126,8.686368776,8.859028335,8.117465212,8.407236959,6.545592130000001,6.458428848,31897.0,64.72929138,34930.0,64.87706615,66830.0,64.90704329,6.640181612,6.705603285,7.096313112,7.524062570142878,6.781781782,6.598787855398988,6.428432057,6.592157245050001,5.861043789,5.867567639201028,5.535306845,5.406746357,4.80836194,4.693310234,4.0858817,3.920928337,3.2958544029999994,3.10228642085,2.489492981,2.04691160265,3356.0,6.2953773295,2853.9999999999995,5.162487639861768,6209.0,5.624229594,1.7076831660000005,1.453233634,1.08247,0.772215663,0.771390798,0.5377917011000001,1.03,46.07960497,8.641732317,39.0573515314375,,,47518.0,48.67353516,50107.0,49.8307104840369,,,,,,,,,,,,,,,,,,,,,,,,,,,,,,,,
DOM,2019,,,,,,,,,,,,,,,,,,,,,,,,,,,,,,,,,,,,,,,,,,,,,,,,,,,,,,,,,,,,,,,,,,,,,,,,,,,,,,,,,,,,,,,,,,,,,,,,,,,,,,,,,,,,,,,,,,,,,,,,,,,,,,,,,,,,,,,,,,,,,,,,,,,,,,,,,,,,,,,,,,,,,,,,,,,,,,,,,,,,,,,,,,,,,,,,,,,,,,,,,,,,,,,,,,,,,,,,,,,,,,,,,,,,,,,,,,,,,,,,,,,,,,,,,,,,,,,,,,,,,,,,,,,,,,,,,,,,,,,,,,,,,,,,,,,,,,,,,,,,,,,,,,,,,
FJI,2019,,,,,,,,,,,,,,,,,,,,,,,,,,,,,,,,,,,,,,,,,,,,,,,,,1096052.741632549,106.83965463664404,,,,,,,,,,,,,,,,,,,,,,,,,,,,,,,,,,,,,,,,,,,,,,,,,,,,,,,,,,,8.959251148492278,,,,,,,,,,,,,,,,,,,,,,,,,,,,,,,,,,,,,,,,,,,,,,,,,,,,,,,,,,,,,,,,,,,,,,,,,,,,,,,,,,,,,,,,,,,,,,,,,,,,,,,,,,,,,,,,,,,,,,,,,,,,,,,,,,,,,,,,,,,,,,,,,,,,,,,,,,,,,,,,,,,,,,,,,,,,,,,,,,,,,,,,,,,,,,,,,,,,,,,,
PYF,2019,,-0.215647849,,8.17326490625,,2.351300850115289,,,,1.019540038145459,45.0251,2.0,0.0,0.0,0.0,46.85418461064223,209.40000000000003,50.0,28.0,24.0,408.8,57.5,30.0,23.650000000000016,2.1159396345628414,1.0,618.3690012923315,23.950000000000003,4.0,10.095878425205248,9.64264199655766,9.62460228155047,15.013696119208642,14.928279221819622,14.982709165828478,5.0,5.0,5.0,145.40308782183783,0.0,2.6857165068289595,18.0,12.8263074486296,30.58,107.0,13.552083335,,,1077609.7489556682,111.48955443854796,,,4918916481.246939,49.80347963,5954906946.434639,1375000000.0,43.6164118555,2579124393.581263,57.77955669,-33.68707781,108.51198510000002,57785878.84831862,129047610.40000002,-1.6860211652179713,1.159411633,309000000.0,2.289572794,1750100000.0,-0.762400483,12.88629602,3562450304.0285435,1.793976994,58.72446236,,0.697950445,0.0053027134586046,10.656187244174484,,3.669402126946547e-06,0.445424742864766,0.1227940115010223,0.4399282241060518,4951707559.3,2719.831694,0.0018366130968565,-0.996363591,0.0,0.0058552734807441,824718518.5,4606909378.159585,-1.453957997,15061164617.0,10914290350.78847,0.014013971,5371.350401546153,11882.19928373433,-1.60945212,16300.42221,21533.94924,0.0,0.00200907925,558990819.1,8.805213206,6363364159.87972,4810206056.187661,21486682810.0,15929.999999999998,20520.0,8.847849626508722,3.351410761154852,,,6.857142857142859,6.52173913,21.0,18.0,20.8,13.243643212700135,32.86594108849093,88.0,90.0,7.9406532,290.0,3.909227141,331.2279267350771,78.96265362870963,122.86382682541996,0.975814944356196,1.1342070561644615,2.935786320996112,4.4940638171000185,11.225835742090132,10.306770732134634,12.539408853038898,6.800000000000001,14.67998742375,8.8,7.2285771571372175,90.79242394050108,89.99049097096923,92.14246716945637,22.17303541798217,,0.3621206120235583,0.1,0.4755040089463921,0.8291183294663572,0.6,1.072792207792208,1.6,82.13828763724334,,,,,,,,,,,,,,,,,,,,,,,,,,30883.00496,,,,,,,,,,,,,,,,,,,,,,,,,22.0,139.94534148264205,,,,9.324213366067776,10.455366498133928,11.136428480833596,,,,,,,,,,,,,,,,,,,,,,,,,,,,,,,,,,,,,,,,,,,,,,,,,,,,,,,,,,,,,,,,,,,,,,,,,,,,53.55333362138142,,,,,,,,,,,,,,,,,,,,,,,,
GRD,2019,,,,,,,87.8362529705,95.32372284,,,,,,,,,,,,,,,,,2.0,,,,,,,,,,,,,,,,,,,,,,,,1055976.4298709536,84.22486857008326,,,4522101568.590284,45.76755709,1064600999.8967136,,,,,,,,,,,,,,,,,,,,,0.0,,,,,0.2822887466941245,0.0338037211865285,485974658.6,1009.04294,,,,,,,,,,,,,,,,,,-3465439415.0,-28.05642633,,,,,,,,,,,,,,,,,,,,,,,,,,,,,,,,,,,,,,,,,,,,,,,,,,2.890000105,12.98999977,9.970000267,25.58,36.47,35.519092299226415,1.94410218184384,4.180675706014473,3.372765788679885,14.956955020500002,28.150147515197656,26.21999931,43.98,58.6,54.53000000000001,10.12000012,21.48840465840686,21.97999916,62.92398724,61.10295252954944,60.58738882545958,0.389999986,0.9702469237270666,0.029999999,27656.883740000005,6.340000153,21.36000061,14.68999958,74.05999756,46.34000015,59.59999847,33.22,46.83428889052313,40.04,49.13,74.1155445148809,63.150000000000006,48.11980239418418,59.91020732,66.78,59.12,38.55332673,57953.0,7.970000000000001,6.520625000000002,7.15,3.430563677,3.1,3.131603475410979,5.0,,,,,,,,,,,,,,,,,,,,,,,,,,,,,,,,,,,,,,,,,,,,,,,,,,,,,,,,,,,,,,,,,,,,,,,,,,,,,,,,,,,,,,,,,,,,,,,,,,,,,,,,,,,
GUM,2019,145130887.57000017,-0.731904802,-46633226471.0,16.05436498,34726754.35526859,1.5047282873132917,,,,0.9164198365792852,58.96151,3.793622448979592,6.0,7.619293838317699,4.861468121668,64.96647587163896,143.2227273,43.9,5.950000000000003,2.0,116.53000000000006,66.6,7.5,1.7,1.8935295145381343,2.0,510.1950194308221,5.975000000000001,4.0,5.213444521847318,5.292788438202384,5.285769525152569,7.845965769009378,7.833021531428503,7.818092250108334,3.0,3.0,3.0,172.3124918227534,12.584923077,1.6480939424982293,9.909090909,10.519145162030403,22.4,123.99358948863636,13.68108183956411,,,1055976.4298709536,109.0137144083944,,,,,2112461394.7969944,,,,,,,51243095.84541858,106402712.7,-11.91381496,0.360359608,72443444.44,3.3570168290000035,477873000.0,-0.839979536,13.96031867,3517354408.8443966,-0.11675166,54.37057094950001,,0.697950445,0.0029126944202276,10.895045855192151,,0.0003002599154308,0.6824554615709973,0.1006616571564407,0.1156043497224918,16764904564.000006,4126.814803,0.0027570624916053,,0.000447852,0.0004119483090659,,,,4678563483.0,24992864332.40846,0.0,,,,36276.83324,38905.54786,0.36874401,0.0112698589999999,-3562248516.0,19.293737613500003,7848868172.834134,2140796576.4939284,63345307029.9,25910.0,37350.0,,2.8632572097973643,,,5.0,0.0,17.2,16.7,17.2,80.27750639563854,37.71325895730536,188.0,339.0,6.977217707,720.0,5.855976428,415.5448466943293,80.77890538375571,321.064781438155,0.5459041334476695,0.8665602343373504,2.1656925366192814,3.0517146311992307,7.461632919164633,6.88866746940704,8.117132278242496,8.0,17.181880878073468,10.0,4.36616566399928,90.6825413908501,92.08435387357837,93.0420760508938,18.851292302258106,,0.3557640980572097,0.1,0.4564432128203933,2.153728380688897,3.9,5.004802010343677,5.2,,,,,,,,,,,,,,,,,,,,,,,,,,,70046.69095,,,,,,,,,,,,,,,,,,,,,,,,,24.091625916870424,18.754650913689872,,,,6.057773813654235,6.601235484262729,7.206369680621556,,,,,,,,,,,,,,,,,,,,,,,,,,,,,,,,,,,,,,,,,,,,,,,,,,,,,,,,,,,,,,,,,,,,,,,,,,,,,0.0312499935797554,,,,,,,0.00593556,,,,,,,,,,,,,,,,
GNB,2019,,,,,,,,,,,,,,,,,,,,,,,,,2.0,,,,,,,,,,,,,,,,,,,,,,,,,,,,,,,,,,,,,,,,,51468181.82,1.68644829,,,,,,,,,,,,,,,,,,,,,,,,,,,,,,,,,,,,,,,,,,,,,,,,,,,,,,,,,,,,,,,,,,,,,,,,,,,,,,,,,,,,,,,,,,,,,,,,,,,,,,,,,,,,,,,,,,,,,,,,,,,,,,,,,,,,,,,,,,,,,,,,,,,,,,,,,,,,,,,,,,,,,,,,,,,,,,,,,,,,,,,,,,,,,,,,,,,,,,,,,,,,,,,,,,,,,,,,,,,,,,,,,,,,,,,,,,,,,,,,,,
GUY,2019,,,,,,,,,,,,,,,,,,,,,,,,,,,,,,,,,,,,,,,,,,,,,,,,,1077609.7489556682,63.46056813861494,,,5077952715.184179,43.61605388,3589961996.518067,255950000000.0,34.63616121,38278000015.53019,31.88334892,-6.372201005949996,65.13749271259177,,,,,,,,,,,,,,,,,,,,,,,,,,,,,,,,,,,,,,,,,3078656189.600001,7.2253590384500015,,,,,,,,,,,,,,,,,,,,,,,,,,,,,,,,,,,,,,,,,,,,,,,,,,,,,,,,,,,,,,,,,,,,,,,,,,,,,,,,,,,,,,,,,,,,,,,,,,,,,,,,,,,,,,,,,,,,,,,,,,,,,,,,,,,,,,,,,,,,,,,,,,,,,,,,,,,,,,,,,,,,,,,,,,,,,,,,,,,,,,,,,,,,,,,,,,,,,,,,,,,,,,
HTI,2019,-70950000.0,0.0,,,,,,,,,,,,,,,,,,,,,,,1.5,,,,,,,,,,,,,,,,,,,,,,,,,,,,,,,,,,,,,,,,,,,,,,,,,,,,,,,,,,,,,,,,,,,,,,,,,,,,,,,,,,,,,,,,,,,,,,,,,,,,,,,,,,,,,,,,,,,,,,,,,,,,,,,,,,,,,,,,,,,,,,,,,,,,,,,,,,,,,,,,,,,,,,,,,,,,,,,,,2893.029626316835,,,,,,,,,,,,,,,,,,,,,,,,,,,,,,,,,,,,,,,,,,,,,,,,,,,,,,,,,,,,,,,,,,,,,,,,,,,,,,,,,,,,,,,,,,,,,,,,,,,,,,,,,,,
JAM,2019,,,,,,,,,,,,,,,,,,,,,,,,,,,,,,,,,,,,,,,,,,,,,,,,,,,,,,,,,,,,,,,,,,,,,,,,,,,,,,,,,,,,,,,,,,,,,,,,,,,,,,,,,,,,,,,,,,,,,,,,,,,,,,,,,,,,,,,,,,,,,,,,,,,,,,,,,,,,,,,,,,,,,,,,,,,,,,,,,,,,,,,,,,,,,,,,,,,,,,,,,,149.28202507740625,,,,,,,,,,,,,,,,,,,,,,,,,,,,,,,,,,,,,,,,,,,,,,,,,,,,,,,,,,,,,,,,,,,,,,,,,,,,,,,,,,,,,,,,,,,,,,,,,,,,,,,,,,,
KIR,2019,,,,,,,,,,,,,,,,,,,,,,,,,2.0,,,,,,,,,,,,,,,,,,,,,,,,,,,,5077952715.184176,54.3380047,817000000.0,321405538.6,31.29208528300001,2167740744.110875,49.52586155,-33.7214718985,85.14882344,47848659.98775061,25021912.4,-1.908141455638701,3.073209976,2011300.0,0.520705019,19848600.0,-0.839979536,12.7171642265,3293941851.32815,1.392483669,52.02271626000001,,,,,,,,0.220723491346209,,,,,,,,,,,,,,,,,,,,,-3465439415.0,-1.7630933640000002,,,,,,,,,,,,,,,,,,,,,,,,,,,,,,,,,,,,,,,,,,,,,,,,,,9.779999733,29.739999770000004,28.5,25.15,44.45,41.45064313866686,0.3158318755291998,0.8514058963702129,0.7268638541420923,31.98999977,39.69943745867407,39.18999863,45.14,71.04,50.42,31.98999977,31.349999900000004,33.00849962100001,12.10999966,34.25644568023757,20.12999916,4.380000114,4.130000114,3.319999933,7005.810553,4.039999962,16.85000038,12.13000011,45.72999954,34.93000031,38.101501085,39.69,52.21,45.63,47.97,73.52190587151347,48.42,46.23,60.74103272,74.71,52.51,38.05041468074887,128492.0,1.6,1.42,1.5,0.62,0.44,0.6,25.42991666666667,32.50775862068966,,,,,,,,,,,,,,,,,,,,,,,,,,,,,,,,,,,,,,,,,,,,,,,,,,,,,,,,,,,,,,,,,,,,,,,,,,,,,,,,,,,,,,,,,,,,,,,0.0727301934761904,,,,,8.58e-05,0.1714534643294118,0.001868539,,0.00777429,,
MDV,2019,,,,,,,,,,,,,,,,,,,,,,,,,,,,,,,,,,,,,,,,,,,,,,,,,,,,,,,,,,,,,,,,,,,,,,,,,,,,,,,,,,,,,,,,,,,,,,,,,,,,,,,,,,,,,,,,,,,,,,,,,,,,,,,,,,,,,,,,,,,,,,,,,,,,,,,,,,,,,,,,,,,,,,,,,,,,,,,,,,,,,,,,,,,,,,,,,,,,,,,,,,7.925742574257427,,,,,,,,,,,,,,,,,,,,,,,,,,,,,,,,,,,,,,,,,,,,,,,,,,,,,,,,,,,,,,,,,,,,,,,,,,,,,,,,,,,,,,,,,,,,,,,,,,,,,,,,,,,
MHL,2019,-83210182.55,0.0,,,,,,,,0.594057302199535,,,,,,,,,,,,,,,,,,14.0,4.0,,,,,,,,,,,,,,,,,,,,1055976.4298709536,79.06671981028326,,,5077952715.184176,45.76755709,770677238.35,2422093036.0,35.35818825,5360837200.36048,57.929197479,-45.50588608,99.26226552970002,,,,,,,,,,,,,,0.697950445,0.0,9.729417168,,9.011932150227005e-05,0.1893051800321086,0.2485166536779967,0.0686206064572354,367587656.0,490.2323142,0.0019936723385348,,0.07246564845,0.0319018168462975,,,,,,0.0,,,,,,0.0,0.0723238467,-179000000.0,0.253823337,,,,,,,,,,,,,,,,,,,13.481988817,,4.273530502,,71.76144371034474,,,,,,,,,9.6,9.9,9.7,,,,,,,0.3470965227912757,0.1,0.4246859236721375,1.1,1.3,2.4,1.9,,,2.821500098800004,14.48712766,13.819999689999998,19.9,36.09,31.534958494664984,1.0192813466680668,2.280009633876568,1.850464027558627,14.936500216500004,30.04365279368757,23.88999939,35.79,58.6,45.54,10.04999989,15.409999849999998,17.97000027,51.31999969,59.681645257027945,57.36999893,0.680000007,1.4626882864158726,0.889999986,18066.17756,6.195851173292381,17.36000061,14.14000034,60.79999924,46.34000015,56.569698968500006,28.07,43.95,36.218500000000006,40.62,71.75807782535978,48.42,40.96668085106384,47.49168514,66.34,52.74999999999999,32.91691519,57953.0,6.489500000000003,4.69,4.49,2.072582042873141,1.59,2.24,25.52964049919485,,13.9984,11.839,5.17,,,,74.8,71.67790000000001,68.327,2.021,75.4002358295,61.1691082,9.740621611,9.97110214,12163.0,27.22484038,18694.5,28.97657357,35800.0,28.79781331,9.513169295,9.748028981,8.31836814835,8.617118421333334,7.505601848,7.841193201000001,31248.0,61.99981826,34368.0,62.07206679,61638.0,62.0361067,7.174263745,8.00599999,7.002355825,6.797230616,6.243894965,6.784940250999999,5.965627942,6.336343132,5.692552757,5.5733943161886526,4.769656378,4.499231403,4.023917567,3.998383282,3.457990305,3.204622102,2.531238843000001,2.464606554,1.735604631,1.8117142340000003,2599.0,4.645717146,1767.0,4.010197293051409,4801.0,4.36210898912713,1.165910134,1.03764603515,0.791044015,0.6109055661,0.689124544,0.445176831,1.03,51.78836368999999,6.794701237,44.12562582,,,53623.84,48.53858293,52286.0,49.16502279,,,,,,,,,,,,,,,,,,,,,,,,,,,,,,,,
MUS,2019,,,,,,,,,,,,,,,,,,,,,,,,,,,,,,,,,,,,,,,,,,,,,,,,,,,,,,,,,,,,,,,,,,,,,,,,,,,,,,,,,,,,,,,,,,,,,,,,,,,,,,,,,,,,,,,,,,,,,,,,,,,,,,,,,,,,,,,,,,,,,,,,,,,,,,,,,,,,,,,,,,,,,,,,,,,,,,,,,,,,,,,,,,,,,,,,,,,,,,,,,,,,,,,,,,,,,,,,,,,,,,,,,,,,,,,,,,,,,,,,,,,,,,,,,,,,,,,,,,,,,,,,,,,,,,,,,,,,,,,,,,,,,,,,,,,,,,,,,,,,,,,,,,,,,
FSM,2019,-894677167.8,-0.48565782,494331.8917666666,1.4220332334754668,,,,,,0.3005467485500002,,,,,,,,,,,,,,,,,,14.0,5.0,,,,,,,,,,,,,,,,,,,,1055976.4298709536,59.43307750000001,,,4522101568.590284,57.88900645594167,770677238.35,,,,,,,,,,,,,,,,,,,,0.745173608,0.0010109594244291,2.630421361,,3.669402126946547e-06,0.0851792513179892,0.2787628921256951,0.3273291900804154,367587656.0,612.1779842,0.00173304876168,,0.207892323,0.0,,,,,,0.0,,,,,,0.0,1.759995075,-980889400.0,7.128771245499999,,,,,,,,,,,,,,,,,,,,,,,,,,,,,,,,,,,,,,,,,,,,,,,,,,9.779999733,30.353127059999995,29.727499770000005,25.15,45.0871396135,41.600074964125,0.3125375090897193,0.942860616444392,0.7434389818118543,48.95000076,41.07431517958285,47.0431646515,45.96,71.16900677327872,59.586422766,46.64000034,41.13000083,36.95999956,12.10999966,34.60904033978633,25.61000061,3.8695001121000008,3.5026694401021623,2.49000001,7401.152313,7.570000172,17.44000053,14.047999903000004,45.72999954,34.93000031,37.56000137,39.75,52.21,45.63,50.17,75.22649249264137,64.51,46.23,60.72507553,74.71356407587369,60.40999999999999,38.48822256,128492.0,1.6,1.42,1.5,0.59,0.44,0.5,29.0,31.950000000000003,,,,,,,,,,,,,,,,,,,,,,,,,,,,,,,,,,,,,,,,,,,,,,,,,,,,,,,,,,,,,,,,,,,,,,,,,,,,,,,,,,,,,,,,,,,,,,,,,,,,,,,0.1781761482707528,,,
NRU,2019,-668490730.4,-0.757864262,-75226540.68,1.1651804302511972,20807408.074610364,1.619453619914468,,,,0.8550833412716191,65.414522081,3.0,5.940486875860417,9.522175128373794,6.199452721766545,65.4932805221931,211.1,50.0,6.0,3.0,182.81325,66.6,30.0,1.7,1.916050666418772,1.0,504.33933324674354,5.5,3.0,3.6167144982396624,3.639535878384132,3.6167144982396624,7.651628825053703,7.681185694091256,7.631866719093179,3.0,2.950000000000003,3.0,176.60045498584194,6.800000000000001,2.078106327535206,8.0,10.978354101969911,23.7,139.19210709683978,14.37263386666916,,,1055976.4298709536,107.41272678301785,13.0,5428.549339094916,4522101568.590284,51.22562853175,770677238.35,,,,,,,42620836.040543415,31226845.99,-6.888467036,2.3405174614,11279700.0,5.708069875,19848600.0,-5.55512781,13.96031867,3293941851.32815,0.080643034,53.96503554,1.6942609706666665,,0.0040709200723787,,,,,0.1236990683849549,0.5441798789667491,10990743651.0,3111.2797060833336,0.0011538845567118,,,,,,,,,,,,,,,,,-3562248516.0,8.805213206,,,,,,,,,,,,,,,,,,,6.977217707,,7.792480314,,79.29706359,,,,,,,,,7.000000000000001,13.6,10.985,,,,,,,0.2973724033752054,0.0765745856353591,0.3706064696861743,1.0,0.0,2.4,5.2,,,0.029999999,1.399999976,1.090000033,9.66,31.24,23.8496243031348,1.6525494660211244,2.426539479363917,2.0814952133845503,0.529999971,10.410882446491192,1.769999981,33.32,60.68,52.16248625250001,0.039999999,1.089999974,1.029999971,89.2991120045,80.56980192981112,83.73735640268109,0.02,0.1859791794568444,0.02,36881.467947000005,2.910000086,18.53999939000001,13.97350034400001,89.86000061,59.660001182,72.79000092,17.434,42.88,30.06,40.62,74.77119199498665,60.26,37.3665,49.9542663,65.57,57.55,20.14829967,51757.0,16.255885521885528,9.21,12.512754255319155,5.32875,1.16,2.8107428861554884,,24.95498479311008,7.651,6.8500000000000005,2.802,,,,79.898,77.657,74.4,1.6109026253704286,86.023912,78.224597,5.11099288,6.00169759,10232.0,16.72981512,10559.0,18.04572586,20794.0,17.3995641,5.164050334,5.916204488,5.535714505,6.344328977430355,5.883679019,6.486091073000001,33830.0,63.369985597,33284.375,63.91774545999999,64675.0,64.0421312,5.356637499,6.38320575,5.596355353,6.03371962,4.725284738,4.162642846,5.270159453,4.635441816,5.617101139,5.320308179112613,6.079803912,6.041767262,6.166333839,6.177980458,5.947787096,5.793353596,5.234623686000001,4.87383410025,3.507225841050001,3.871737852,4736.0,10.16987518,4056.0,9.83338275,8794.0,10.03501286,2.689331063,2.518066568,1.912173669,1.523817686,2.24156894,1.426908761,1.036,41.30238657,15.456844509999998,25.37987085,,,55972.0,49.3370668625,46851.0,45.94457329,,-5.033885477,,,,,451156.2847994029,,,,,,,,,,,,,,,,,,,,,,,,,
NCL,2019,,-0.515238916,,16.05970567,,4.477216375,,,,0.8741174727986077,50.82456,3.0,5.189957163550001,10.403015526768067,5.176066054343434,64.56194880752282,131.3,57.47000000000001,20.0,3.0,352.3930369750334,0.0,26.545000000000005,1.7,1.9735711473672768,1.0,505.2244756483412,5.5,3.0,5.602869591385737,5.749776127993094,5.645299479168751,8.40414274766869,8.457090837715725,8.328900149746802,3.0,3.0,3.0,176.60045498584194,6.800000000000001,2.078106327535206,8.0,11.016825056850667,20.5,106.66250000000002,14.501272948541937,,,1077609.7489556682,110.72260453760168,,,26407401175.053288,47.3211911,427625000000.0,1665137367.0,40.447828008,2716180063.773349,55.84918845,-28.90476814,96.04102754,104348726.7431622,11509667363.0,-0.820857605,1.159411633,42391598413.05002,6.072862014700001,102000000000.0,-0.839979536,18.54631783,44932522475.01082,1.27301708,53.96503554,,0.697950445,0.0064742818130737,10.504432032529484,,3.739190189328747e-06,0.8961306451447786,0.1434719479784698,0.4479495730905568,4745255351.0,2199.374181666667,0.0016379000870007,-0.996363591,0.0,0.0004792362503205,638000000.0,4680497856.438829,-3.4,331950000000.0,1270000000000.0,0.014013971,4167.730939,16100.052780000002,-2.418395612,22416.430706622526,27521.16677,1.443573297,0.002718763,146000000000.0,10.316061619999996,69635905980.62788,534543333333.3334,1290000000000.0,14990.0,27116.995862884163,,3.276988000533884,,,6.75,10.23225886454555,17.7,16.7,17.7,897.4821611956726,166.71664116947167,2408.0,2429.0,7.111620873000001,9982.0,5.944280241,2008.8839523890508,81.53583234269243,6520.389199255123,0.646096030317045,0.9153081520968174,2.5146516379844464,3.727183668547223,8.084804573387418,7.304768621720205,8.929117786951348,8.2,13.543342592592596,10.3,4.915975229569531,86.41131188335034,88.62915158770343,91.22024827586944,19.785510077908057,,0.3651450878947172,0.1952106436569333,0.476766457196025,2.481654008382733,3.2,5.147086416932389,8.9,,,,,,,,,,,,,,,,,,,,,,,,,,,32118.83131,,,,,,,,,,,,,,,,,,,,,,,,,21.95833333333333,49.58606321839083,,,,6.568192693771758,7.201732288890847,7.866552768532702,,,,,,,,,,,,,,,,,,,,,,,,,,,,,,,,,,,,,,,,,,,,,,,,,,,,,,,,,,,,,,,,,,,,,,,,,,,,53.1882461216065,,,,,,,,,,,,,,,,,,,,,,,,
MNP,2019,9796128062.350004,-0.354341625,-2812637363.0,3.405243146289601,26402591.84596029,3.999982682,,,,1.0478222741820769,50.82456,3.0,3.333333333,3.03718270143318,2.463920100636695,58.75855499891607,201.0,69.4125,28.0,24.0,417.3226126677167,50.0,25.5,24.0,2.3005002918200965,2.0,609.488349510498,17.0,5.0,24.175442892291663,24.1,24.3231932048782,16.965313634894816,17.002817300084246,17.13591039884714,6.615384615,6.615384615,6.285714286,178.76207256923556,5.6,4.008721178340583,15.9976190475,14.245816138007193,27.5,126.0,14.33454277505268,,,1055976.4298709536,109.73770538624478,,,,,1019605610.0589848,,,,,,,68993261.75207368,6070974942.0,-6.323107628,1.381773721,12091564.722750004,2.289572794,103222432.6,-17.41088342,12.88847321,3578355233.3014827,-4.702486454,53.98502202,3.993125914318908,0.8965677255500006,0.002978669799336,11.393162934569132,,0.0067983068509166,0.1045286785898646,0.1721186226311147,0.3569406428387783,6763694417.000001,2615.172607,0.0092554155075995,,0.0,2.8388937652742284e-06,,,,1164462644.0,179000000000.0,0.0,,,,18315.76772,15639.04784,0.0,0.0,-3465439415.0,10.316061619999996,25608285397.54741,992114330.6273592,919000000000.0,16146.3575175,14070.000000000002,9.13626755852843,3.389431253605535,5.0,5.0,5.566594202898545,13.856043352667264,20.8,18.0,20.685,8106.407142857143,5269.993259803922,18903.0,16037.0,8.973658908,74488.0,9.260797206,53624.71537941271,75.43302907596296,42814.0,0.9558135303995394,1.065329977823665,2.911320644740744,4.40703948115559,10.675448681848856,9.70542218519198,12.113982178207412,8.874899087,11.8,11.0,6.8673462238802445,84.05872427588095,85.70214351306251,87.82150150093791,21.94956058975043,3.5241666666666664,0.3058123456666667,0.1,0.397722462726933,1.6151335877862596,3.6750000000000016,3.177090165865611,12.8,,,0.920000017,7.230000019,6.190000057,7.259999999999999,33.98,28.680000000000003,0.899999976,1.6192881401493482,1.3184489852012766,7.610000133999999,15.95254429278305,10.82999992,28.660000000000004,61.398339407744885,45.54,5.960000157,7.520000100000001,6.599999994000001,71.20799789050001,70.18184914009899,71.45999908,0.219999999,0.3600353830546315,0.270000011,32118.83131,5.489999771,25.03000069,14.14000034,74.05999756,53.99000168,62.72000122,25.57,45.58672340425532,35.81,38.54,76.69342158262413,58.09000000000001,34.27,47.49168514,65.57,51.48,20.14829967,51757.0,8.97,6.1320000000000014,7.309999999999999,3.597111402049389,0.75,1.84,7.99628712871287,34.71669152353482,7.5776,8.030020325203255,4.457,8.888357155164405,9.953692688449848,10.796137912281194,80.482,78.398720728,75.421,1.7695860980513702,87.9065854,78.224597,6.3487327071,6.367713222600001,10232.0,19.34651215,10804.000000000002,20.12642353,20794.0,19.49358374,6.396002992050001,6.643728293,6.416320547,6.784998840949999,5.944551594,6.655677901,33830.0,60.44100228,34582.0,60.84822147,67000.0,60.63129913,5.774943052,6.82341803795,6.298688504,6.03371962,6.2412651525000005,4.162642846,5.803068001,4.635441816,5.627334852,5.237003058,6.025056415,5.903363390206224,5.662622734,5.267636956,5.542907955,5.183301077,4.230258431,3.702518424,3.038111218,2.821443655,4736.0,9.05053232,6326.0,8.106377941,8794.0,8.68067615,2.000827328,2.006761159,1.621438803,1.379368082,1.7323086080000003,1.034719653,1.03,43.6085181185,12.62550515,29.52629577559091,,,55969.375,49.33777324,46851.0,47.52752757159857,,,,,,,,,0.011952987,,60.59183847,2.643320876,3.3685396468166675,0.373828822,0.110992751,0.011952987,0.7674365387769516,0.032257493,0.000378164875,229828552.0,1.0225789012715978,,71.23672117,0.658159226,0.3765086535000001,0.000602478,0.6216731866967841,0.002747087,0.3120567165334471,0.4035374439742071,0.0,867054112.2223475
PLW,2019,-197074468.1,-0.515238916,,,,,,,,0.3021517404249976,,,,,,,,,,,,,,,,,,,,,,,,,,,,,,,,,,,,,,,1055976.4298709536,107.29290029051649,,,4918916481.24694,49.73416723783334,770677238.35,404000000.0,38.25310035,2167740744.110875,61.05024553599999,-47.67297556,104.0609137,42628118.53106411,14639765.52,-6.323107628,1.159411633,2011300.0,2.04004148,19848600.0,-17.41088342,13.96031867,3293941851.32815,-7.941988073,53.44518641,4.04673088890124,,0.0,,,,0.0,0.1423754210485272,0.0338037211865285,485974658.6,1009.04294,0.0011233065557039,,,,,,,,,0.0,,,,,,0.0,,-179000000.0,4.088341312,,,,,,,,,,,,,,,,,,,7.9406532,,7.534261061,,77.08512233294232,,,,,,,,,14.6,17.2,15.3,,,,,,,0.3171781435968019,0.0999999999999999,0.4123004934752912,0.9331654481451396,0.0,0.9468677494199538,5.2,,,3.609999895,10.35477148,9.970000267,18.78,35.45,30.14400524796688,0.899999976,1.429022303842447,1.320000052,2.75999999,24.48367368499688,4.269999981,28.660000000000004,61.83221578995672,45.9,8.030499918350001,14.42849996,14.17999981,51.31999969,62.56884544944536,60.52999878,0.029999999,0.8029085487775878,0.2235000038500003,32118.83131,5.489999771,19.39999962,14.14000034,69.12699379116668,43.61000061,56.48899974350001,27.25,43.76467139529433,35.81,38.54,76.31807293660935,58.09000000000001,38.2265,47.49168514,67.79521557367791,52.74999999999999,31.13845806044043,57953.0,13.39,5.65,7.309999999999999,3.640000000000001,2.56,3.01,27.82814895526972,28.174973614775723,8.249,,,,,,76.118,74.23585366000002,69.7,1.4,84.5991682,67.793002,5.11099288,5.129287311,10232.0,16.47689925,12670.066666666668,16.45336355,24545.0,14.71261177,5.271645255,3.80058184,5.262819201,5.60594068,4.87872181,5.19875319,33830.0,63.01252467,32359.125,60.84822147,67000.0,63.35573279,5.4815763416,5.93636243985,5.717053869500002,6.1402876956000005,4.725284738,4.162642846,5.270159453,5.368653773999999,5.627334852,5.237003058,5.75832914235,6.041767262,5.662622734,5.458476589,5.542907955,5.373907166,4.438857898,4.141296247,3.228275163,3.244798436,4341.0,10.0631239,3280.0,8.654261427041597,8794.0,9.677419355,2.1479949858000005,2.019902185,1.6211984835,1.30962585,1.93918623055,1.075049569,1.03,41.3595731,12.688778817,23.58081798,,,55576.0,49.2761748,46851.0,47.44896999,,,,,,,,,,,,,,,,,,,,,,,,,,,,,,,,
PNG,2019,,,,,,,,,,,,,,,,,,,,,,,,,,,,,,,,,,,,,,,,,,,,,,,,,2303826.0572675657,59.72479475290631,,,6543163765.268037,50.81087428000001,13040966142.85704,16120297375.550003,24.3102657,5705327870.437445,33.06858918,-14.3568411425,62.04928932735,643628334.331271,310284957.9,-7.306087936,1.853901268000001,1342382178.0,7.548607766,3170525020.0,4.6163884431,16.3125612,3624246744.455268,3.754430935,42.34012328,,,,,,,,,,,,,,,,,,,,,,,,,,,,,1139217006.0,3.930687650850005,,,,,,6.49225371120108,,,,,,,,,,,,,,,,,,,,,,,,,,,,,,,,,,,,,,,,,,,,,,,,,,,,,,,,,,,,,,,,,,,,,,,,,,,,,,,,,,,,,,,,,,,,,,,,,,,,,,,,,,,,,,,,,,,,,,,,,,,,,,,,,,,,,,,,,,,,,,,,,,,,,,,,,,,,,,,,,,,,,,,,,,,,,,,,,,,,,,,,0.001583011,,,,,,,,,,,,,,,,
PRI,2019,1263639.648,0.038891577,-2812637363.0,2.4036411378257267,112073982.115,2.6084607983916666,,,,0.5732030183833335,,,,,,,,,,,,,,,,,,,,,,,,,,,,,,,,,,,,,,,,,,,,,,72583928808.0,31.4066031,12052374724.210798,42.4815839,-34.73300586,78.30771669,,104857440.5,-11.91381496,,,,,-0.854759977,,8583552096.437166,-0.11675166,,,,7.676058272727282e-05,,,,,,0.362051446,8835891204.0,2171.994848616667,,,,,,,,,,,,,,,,,,,,,,,,,,,,,,11.504209974213609,17.3,16.7,17.2,18.833868714429453,34.50272988884286,123.0,183.0,5.915461772,340.0,3.686147408000001,336.58407142857186,85.78134163744002,175.5211334676113,0.6394547636917761,0.9875808753951588,2.7136890535721188,4.1147900673805,9.237293433324927,8.337604046739063,10.27203576440753,6.785000000000002,12.0,8.7,5.22937051559554,91.0462121499306,91.03325971761984,92.19480942376968,19.39215607827635,,0.3733417053218422,0.1411936334799745,0.5325658153067537,2.6138696612665684,4.7,4.65,3.1,,,,,,,,,,,,,,,,,,,,,,,,,,,,,,,,,,,,,,,,,,,,,,,,,,,,137.5909015104714,94.4628572144755,,,,7.065529888281669,7.653028405182312,8.502486541143547,,,,,,,,,,,,,,,,,,,,,,,,,,,,,,,,,,,,,,,,,,,,,,,,,,,,,,,,,,,,,,,,,,,,,,,,,,,,26.111381290610247,0.0019063075,335000000.0,16.69136241,1.730313605,0.730137268,0.066701656,0.110992751,0.000340159,0.7673632349719255,0.002356795,0.0,225458646.0,0.7720135037886219,88239297.04919547,56.37587130642614,0.99454816,0.003913601,0.000325247,1.0427027305305543,0.010867257,0.0367550569666666,1.0771640921834555,0.0,383152425.961376
KNA,2019,-7224458.64350447,-0.515238916,,,,,,,,,,,,,,,,,,,,,,,1.951580687830688,,,,,,,,,,,,,,,,,,,,,,,,1055976.4298709536,88.55129917446612,,,5077952715.184176,47.3211911,817000000.0,497000000.0,42.04737733,2552134557.408197,52.20991809,-19.96615905,104.0609137,,,,,,,,,,,,,,,0.0,,,,,0.2233767325790993,0.0,674065148.7,2034.739406,,,,,,,,,,,,,,,,,,-1834200000.0,10.316061619999996,,,,,,,,,,,,,,,,,,,9.215071855,,5.855976428,,78.94558843795073,,,,,,,,,12.675000000000008,17.5571567553469,13.865000000000002,,,,,,,0.3616012301893865,0.1114592300689016,0.4678881225826239,0.82370527306968,0.0,0.7,2.0,82.49591609786032,,3.609999895,14.4495307,11.97000027,22.93,36.16107751,31.87342251698219,1.0255098589795977,2.046725340623759,1.7881764850112598,12.39999962,26.544870636540924,14.93999958,43.98,61.84,47.17,11.83999966,17.3300004,14.17999981,51.31999969,61.061629023928425,57.36999893,0.090000004,0.9173258255147864,0.100000001,32118.83131,6.340000153,19.39999962,14.14000034,60.79999924,48.40000153,56.56999969,32.81,42.88,36.24,47.923,75.90963788985196,58.64,45.04,58.07109186,66.53391489361704,53.52,38.521033335000006,57953.0,3.86,3.53,3.67,3.2066163478074263,3.06,2.5552500000000005,,,10.9646,9.811,5.742,,,,75.69270482,72.913,69.7,1.954,71.944196,67.8603528,7.707795734549999,7.977641272999999,10520.0,23.27658617,11886.833333333334,23.72605547,23175.0,23.635757543428284,7.745018636999999,7.765830019,6.7760310310000005,7.397293041,6.417239624,6.458428848,31248.0,63.455128890000005,33449.675,64.77462666,64675.0,64.16136585,6.640181612,6.705603285,7.096313112,7.572707158000001,6.818850633,7.156730913,6.793654966,6.645566372,5.829250042,5.7131510995,5.696942161,5.671042833,5.020352157,4.856128284,4.354093949,4.217497011,3.599346957,3.3582344013000003,2.836000342,2.46966782635,4341.0,7.304034199,3280.0,6.232481432729476,7620.0,6.920771309000001,1.78458822,1.512946758,1.1664866,1.00973844,1.175967089,1.001180476,1.03,44.9224148265,9.974557609,34.15037296,,,49815.825,48.67353516,46851.0,48.24280492,,,,,,,,,,,,,,,,,,,,,,,,,,,,,,,,
LCA,2019,,,,,,,,,,,,,,,,,,,,,,,,,,,,,,,,,,,,,,,,,,,,,,,,,1055976.4298709536,62.23285105343684,,,5077952715.184176,43.4858146565,1506023875.711036,29400037921.500008,38.52125241,9272636587.305077,43.50799184,-18.19056436,88.7032498996601,,,,,,,,,,,,,,,,,,,,,,,,,,,,,,,,,,,,,,,,,4664054629.0,-28.05642633,,,,,,,,,,,,,,,,,,,,,,,,,,,,,,,,,,,,,,,,,,,,,,,,,,,,,,,,,,,,,,,,,,,,,,,,,,,,,,,,,,,,,,,,,,,,,,,,,,,5.0,,,,,,,,,,,,,,,,,,,,,,,,,,,,,,,,,,,,,,,,,,,,,,,,,,,,,,,,,,,,,,,,,,,,,,,,,,,,,,,,,,,,,,,,,,,,,,,,,,,,,,,0.002747087,,,,
VCT,2019,,,,,,,,,,,,,,,,,,,,,,,,,2.036509643151815,,,,,,,,,,,,,,,,,,,,,,,,,,,,4522101568.590284,44.959021149,770677238.35,321405538.6,42.04737733,1923629977.056369,55.84918845,-25.742772368999976,105.98158750792012,,,,,,,,,,,,,,,,,,,,,,,,,,,,,,,,,,,,,,,,,-179000000.0,0.253823337,,,,,,,,,,,,,,,,,,,,,,,,,,,,,,,,,,,,,,,,,,,,,,,,,,,,,,,,,,,,,,,,,,,,,,,,,,,,,,,,,,,,,,,,,,,,,,,,,,,5.0,,,,,,,,,,,,,,,,,,,,,,,,,,,,,,,,,,,,,,,,,,,,,,,,,,,,,,,,,,,,,,,,,,,,,,,,,,,,,,,,,,,,,,,,,,,,,,,,,,,,,,,,,,,
WSM,2019,,,,,,,,,,,,,,,,,,,,,,,,,,,,,,,,,,,,,,,,,,,,,,,,,1055976.4298709536,65.31183540275,,,4522101568.590284,55.7201672005,770677238.35,,,,,,,,,,,,,,,,,,,,,,,,,,,,,,,,,,,,,,,,,,,,,,,-3562248516.0,4.088341312,,,,,,,,,,,,,,,,,,,,,,,,,,,,,,,,,,,,,,,,,,,,,,,,,,,,,,,,,,,,,,,,,,,,,,,,,,,,,,,,,,,,,,,,,,,,,,,,,,,31.816681442190827,32.0,,,,,,,,,,,,,,,,,,,,,,,,,,,,,,,,,,,,,,,,,,,,,,,,,,,,,,,,,,,,,,,,,,,,,,,,,,,,,,,,,,,,,,,,,,2.52e-05,,,,,,,,,,,,0.00938732485,,,,
STP,2019,,,,,,,,,,0.95782432705,,,,,,,,,,,,,,,1.8000000000000005,,,,,,,,,,,,,,,,,,,,,,,,,,,,4918916481.24694,42.24910051,817000000.0,16549259441.0,35.82148265,6895344358.65541,48.0154135305,-21.11399983,89.41064766891651,,,,,,,,,,,,,,,,,,,,,,,,,,,,,,,,,,,,,,,,,-349970057.1,-0.60053086,,,,,,,,,,,,,,,,,,,,,,,,,,,,,,,,,,,,,,,,,,,,,,,,,,,,,,,,,,,,,,,,,,,,,,,,,,,,,,,,,,,,,,,,,,,,,,,,,,,42.0,,,,,,,,,,,,,,,,,,,,,,,,,,,,,,,,,,,,,,,,,,,,,,,,,,,,,,,,,,,,,,,,,,,,,,,,,,,,,,,,,,23177.49981950001,,,,,,,,,,,,,,,,,,,,,,0.5500952752960669,,,
SYC,2019,,,,,,,,,,,,,,,,,,,,,,,,,,,,,,,,,,,,,,,,,,,,,,,,,,,,,,,,,,,,,,,,,,,,,,,,,,,,,,,,,0.1653598367561778,,,,,,,,,,,,,,,,,,,,,,,,,,,,,,,,,,,,,,,,,,,,,,,,,,,,,,,,,,,,,,,,,,,,,,,,3.609999895,10.35477148,8.779999733,17.22,31.6,27.39310620944509,1.0875253488238874,2.551804129735735,2.1319090390469824,10.68999958,24.46894128845658,20.01000023,40.31,60.47114005443162,47.12,10.1760900552813,18.7716520808,17.18000031,70.59999847,62.41711141989192,62.4864988335,1.149999976,0.7888608440030056,0.909000024,32118.83131,6.195638643442547,24.04999924,16.18000031,74.05999756,49.11587652400001,62.72000122,27.94259718850001,38.75102929902166,32.79221179,52.81,73.69011518597678,62.51,45.37,63.24066274,64.017729652375,51.66,38.55332673,57953.0,19.24449972878227,11.72975690134587,13.2,6.537229621520439,3.366000000000001,5.062570774759233,41.86986552567238,,,,,,,,,,,,,,,,,,,,,,,,,,,,,,,,,,,,,,,,,,,,,,,,,,,,,,,,,,,,,,,,,,,,,,,,,,,,,,,,,,,,,,,,,,,,,,,,,,,,,,,,,,,
SGP,2019,,,,,,,,,,,,,,,,,,,,,,,,,,,,,,,,,,,,,,,,,,,,,,,,,,,,,,,,,,,,,,,,,,,,,-1.943825806,,,,,,,,,,,,,,,,,,,,,,,,,,,,,,,,,,,,,,,,,,,,,,,,,,,,,,,,,,,,,,,,,,,,,,,,,,,,,,,,,,,,,,,,,,,,,,,,,,,,,,,,,,,,,,,,,,,,,,,,,,,,,,,,,,,,,220.1431129476584,,,,,,,,,,,,,,,,,,,,,,,,,,,,,,,,,,,,,,,,,,,,,,,,,,,,,,,,,,,,,,,,,,,,,,,,,,,,,-5.033885477,,,,,,,,,,,,,,,,,,,,,,,,,,,,,,
SXM,2019,,-0.731904802,,1.8457324739391447,,2.1991251191447603,,,,0.8143620828933245,56.26791000000001,3.0,5.181818182,4.876233465940775,2.4106254565680056,60.09595814571421,201.0,47.50000000000001,20.0,12.0,413.1617836787236,66.6,25.5,24.0,2.138533970349635,2.0,561.5775531829652,16.950000000000003,4.0,18.24460565054909,19.094114445066506,18.262209829182503,15.738808393651912,15.84711717031248,15.603846151530922,5.0,5.0,5.0,176.48814356630612,4.5,3.104364920051785,9.0,13.286783599330102,23.7,122.98048885077186,14.277573820017896,,,1055976.4298709536,108.07929268936478,,,43572955025.64635,39.24806222,1240000000000.0,410000000000.0,34.00759666,66990528241.68158,40.45892225,-15.14571329,78.30771669,106693927.05099054,18190431107.0,-6.323107628,1.085623332,99423631512.15,5.241701371,285000000000.0,-1.108553883,13.96031867,1100659090909.0916,0.295060652,55.2218154,1.6155989569999998,0.727748119,0.0015674884235294,11.9940400233073,,0.0067983068509166,0.0345571725047151,0.1622960853086459,0.2071519920530116,1405157758.100001,2615.172607,0.006381195001881,-1.336533061,0.0,0.0044922279833294,427425039.7,704000000000.0,-1.67975617,379000000000.0,1610000000000.0,0.0,10983.22465,16447.31093,-2.5117825817499964,34763.7150703125,26235.554550000004,0.0,0.0112698589999999,285000000000.0,10.316061619999996,92090459325.7893,764000000000.0,1690000000000.0,19130.0,24470.0,,,,,,19.826681327553512,15.3,11.6,15.1,7541.555,5269.993259803922,18903.0,19765.0,10.33977341,74488.0,9.514064698,53624.71537941271,73.0792011452568,42814.0,0.7878438207950825,0.9334508820390028,2.5146516379844464,3.57549944283636,8.201111356453163,7.304768621720207,9.141770174362415,8.874899087,11.8,11.0,5.032583289701255,84.28964687352564,86.46790959721852,88.10907369625001,17.418488982263842,,0.283534990387906,0.1,0.3190665174413539,1.1,3.7,2.4,12.8,,,0.920000017,6.289999962,4.71999979,7.259999999999999,33.69,28.680000000000003,1.9064541014827112,3.955491261745431,3.3366870329495404,8.079999924,15.993838386203334,10.82999992,28.660000000000004,60.68,45.54,6.03125003255,7.919999837999999,6.599999994000001,65.16999817,70.57819726759341,72.75225086625,0.24849999995,0.3516191584573236,0.270000011,32118.83131,7.34031393122799,20.57999992,15.34000015,75.36000061,51.52000046,63.18999863,26.79,43.96649361702128,35.81,38.54,77.0608224058533,58.64,34.27,47.49168514,65.19366015827244,51.48,20.14829967,309040.0,8.97,7.84,7.309999999999999,3.48,0.83,1.84,,28.34650733977802,8.249,6.65,3.9,6.746600523823598,7.201732288890847,7.943460649520856,79.857,77.15,74.085392192,1.6922052932000002,86.023912,73.2050398,5.187319885,5.911267841950001,14246.0,16.46947214,54305.05714285716,17.77321448,106783.23717336032,17.3995641,5.164050334,5.743008847,5.1660948588,5.606316958375,4.836805018,5.090921821,115416.55000000005,63.033720290000005,315135.2238794837,65.20831023,274358.0,64.43431473700001,5.447639009,5.8531900398,5.723406423000001,6.378293632,5.697370357,6.126512371366441,5.285306563,5.427908729,5.617101139,5.879377180092368,6.079803912,6.096051684925314,6.166333839,6.177980458,5.471347,5.373907166,5.15009506,4.87383410025,4.3318473984,3.662843059000001,11909.999999999998,11.89377494,11228.0,9.83338275,27031.0,10.67811572,2.911890662,2.474978061,1.950395335,1.523817686,2.340095285,1.484363888,1.04,41.30238657,15.978230331,25.17488397,,,319508.34285714285,49.402890801498415,179060.7000000001,47.52770633,,-5.033885477,,,,,,23.025878562500008,,591000000.0,,,,,,,0.102300083,,,,,70494892.91598026,,,,,,,,,,
SLB,2019,,,,,,,,,,,,,,,,,,,,,,,,,,,,,,,,,,,,,,,,,,,,,,,,,,,,,4522101568.590284,42.22689413,,,,,,,,91817050.98,25021912.4,-2.668312994477989,7.054016984,25277518.25,2.765488598,103222432.6,-4.226938462,8.853911472,3293941851.32815,-0.11675166,43.11186661,,,,,,,,,,,,,,,,,,,,,,,,,,,,,,,,,,,,6.000000000000001,,,,,,,,,,,,,,,,,,,,,,,,,,,,,,,,,,,,,,,,,,,,,,,,,,,,,,,,,,,,,,,,,,,,,,,,,,,,,,,,,,,,,,,,,,,,,29.0,,,,,,,,,,,,,,,,,,,,,,,,,,,,,,,,,,,,,,,,,,,,,,,,,,,,,,,,,,,,,,,,,,,,,,,,,,,,,,,,,,,,,,,,,,,,,,,,,,,,,,,,,,,
SUR,2019,,,,,,,,,,0.9354333567780496,,,,,,,,,,,,,,,,,,,,,,,,,,,,,,,,,,,,,,,,,,,,,2046459152.6809115,,,,,,,,,,,,,,,,,,,,,,,,,,,,,,,,,,,,,,,,,,,,,,,-1834200000.0,13.412228759999998,,,,,,,,,,,,,,,,,,,,,,,,,,,,,,,,,,,,,,,,,,,,,,,,,,,,,,,,,,,,,,,,,,,,,,,,,,,,,,,,,,,,,,,,,,,,,,,,,,,,,,,,,,,,,,,,,,,,,,,,,,,,,,,,,,,,,,,,,,,,,,,,,,,,,,,,,,,,,,,,,,,,,,,,,,,,,,,,,,,,,463586.3434636766,,,,,,,,,,,,,,,,,,,,,,,,,
TLS,2019,,,,,,,,,,,,,,,,,,,,,,,,,1.809550264550265,,,23.0,5.0,,,,,,,,,,,,,,,,,,,,,,,,,,,,,,,,,,,,,,,,,,,,,,,,,,,,,,,,,,,,,,,,,,,,,,,,,,,,,,,,,,,,,,,,,,,,,,,,,,,,,,,,,,,,,,,,,,,,,,,,,,,,,,,,,,,,,,,,,,,,,,,,,,,,,,,,,,,,,,,,,,,,,,,,,,,,,274.12158965344054,,,,,,,,,,,,,,,,,,,,,,,,,,,,,,,,,,,,,,,,,,,,,,,,,,,,,,,,,,,,,,,,,,,,,,,,,,,,,,,,,,,,,,,,,,,,,,,,,,,,,,,,,,,
TON,2019,,,,,,,,,,-1.881100224,,,,,,,,,,,,,,,,,,,,,,,,,,,,,,,,,,,,,,,,,,,4522101568.590284,55.69535607505952,770677238.35,,,,,,,47848659.98775061,,,4.632906038,2011300.0,3.718067429,19848600.0,,14.728166956000004,,,53.98502202,,,,,,,,,,,,,,,,,,,,,,,,,,,,,-980889400.0,-0.78639839,,,,,,,,,,,,,,,,,,,,,,,,,,,,,,,,,,,,,,,,,,,,,,,,,,,,,,,,,,,,,,,,,,,,,,,,,,,,,,,,,,,,,,,,,,,,,,,,,,,26.23964521452145,,,,,,,,,,,,,,,,,,,,,,,,,,,,,,,,,,,,,,,,,,,,,,,,,,,,,,,,,,,,,,,,,,,,,,,,,,,,,,,,,,,,,,,,,,,,,,,,,,,,,0.009988256,,7.44e-05,,,,
TTO,2019,,,,,,,,,,,,,,,,,,,,,,,,,,,,,,,,,,,,,,,,,,,,,,,,,,,,,7812161639.895768,39.24806222,16877244012.727678,280000000000.0,29.63052719,40490704405.81573,29.350696780000003,-4.420277927,58.668333678875,,,,,,,,,,,,,,,,,,,,,,,,,,,,,,,,,,,,,,,,,12258744775.800009,10.311791006499998,,,,,,,,,,,,,,,,,,,,,,,,,,,,,,,,,,,,,,,,,,,,,,,,,,,,,,,,,,,,,,,,,,,,,,,,,,,,,,,,,,,,,,,,,,,,,,,,,,,,,,,,,,,,,,,,,,,,,,,,,,,,,,,,,,,,,,,,,,,,,,,,,,,,,,,,,,,,,,,,,,,,,,,,,,,,,,,,,,,,,,,,,,,,,,,,,,,,,,,,,,,,,,
TUV,2019,,,,,,,,,,-1.881100224,46.73879500000001,3.0,4.8944153953,1.2478731986056135,0.0,52.34942323457593,201.0,44.750000000000014,19.90000000000001,24.0,371.4156025419537,92.375,25.5,24.5,2.154826057368717,1.0,513.2720344260758,15.0,4.0,5.9290656272136175,5.869057406589734,5.8834335126856,11.507116361313562,11.778116055480888,11.472044122293338,4.0,4.0,4.0,163.39194588096333,4.390000000000006,1.7421839955222602,8.0,13.279275724947585,20.5,86.0,13.97523255399526,,,1055976.4298709536,95.00405315688228,,,5077952715.184176,57.05467451829166,817000000.0,2092249933.0,39.91851267,5141146847.100073,52.209631125,-25.32465103,92.67100212921314,42628501.82003889,25021912.4,-3.314092873149994,2.121596985,11279700.0,5.241701371,19848600.0,7.537911326,11.86664607,3293941851.32815,0.9950856,42.34012328,3.7031451459836497,,0.001752671553422,,,,,0.1589140764554948,0.084980491259958,491952640.8000001,1813.3781244625,0.0011538845567118,,,,,,,,,,,,,,,,,-994536963.6999992,-0.78639839,,,,,,,,,,,,,,,,,,,7.085531171,,7.534261061,,75.43403801,,,,,,,,,13.6,13.79,11.0,,,,,,,0.2967346387828735,0.0999999999999999,0.3536134039202762,1.0,0.0,0.761982963549921,7.4,,,0.330000013,2.700000048,1.870000005,13.7255,30.433000000000003,23.54450939849624,0.899999976,1.562613378357291,1.320000052,2.299999952,10.656338307977386,4.619999886,36.19,53.61,47.12,3.290000021,3.160000114,2.889999894,87.011000828,78.89643902251824,80.5,0.02949999905,0.1874066861315769,0.029999999,18825.214792,3.539999962,26.72999954,16.63999939,86.26999664,61.81000137,63.9810016645,22.28,42.53855788675,32.7541012005,46.4,69.80767440001195,60.26,41.95,55.52420067550001,60.8,54.24,33.88900473316277,51757.0,22.52848607242341,19.28,19.89436585365853,5.894725040034492,4.35,6.1255,25.52964049919485,22.746368133298624,13.5196,10.48615,1.244,,,,79.314,77.287,74.1,1.4,84.5991682,72.558761,4.767940397,5.268026751,10520.0,15.85060025,15503.080000000004,16.601776,32892.823333333334,16.238445196833336,5.163414621849999,5.451522129,5.861613628,6.017207178135778,5.734411753,6.373303116000001,35008.0,63.96773766999999,46085.40000000001,63.91774545999999,67000.0,64.33693949,5.356637499,6.378395952,5.596355353,6.326247936,4.727298763,5.20984081,5.702336458999999,5.368653773999999,6.082829683,5.857484144916667,6.079803912,6.183424321,6.253227514,6.33139867705,5.471347,5.373907166,5.280572752,4.889977744,4.446314256,3.871737852,4736.0,13.46213391,4056.0,10.4987312,10673.100000000006,11.99872723,3.380176808,2.842452079,2.107829637,1.5252699089999997,2.619752268,1.494327489,1.03,41.3595731,16.96132609,23.58081798,,,70393.725,49.70027266999999,52206.55,45.94457329,,,,,,,114438.79687016497,,,,,,,,,0.00135956,0.2237492488708745,,,,,,,,,,,,,,,
VIR,2019,21923140000.0,0.679095781,-2812637363.0,1.4393930082371875,55303958.99305329,1.805068337431486,,,,0.5010116681083333,58.39641682,3.0,5.0,0.0,1.1821779744346126,65.19996195899333,85.0,25.0,3.475000000000002,1.5,0.0,0.0,0.0,0.5,1.8597254536753551,1.0,479.1552156862747,5.5,4.0,2.3660702772402487,2.2,2.116162629884345,7.962204421790465,7.999080315719663,7.943892970942068,3.0,3.0,3.0,166.65511271490897,7.941487474154803,1.4,8.0,9.284974228497417,20.5,97.0,13.85966376727782,,,1077609.7489556682,109.17353125439357,,,145644483314.33923,39.24806222,2810000000000.0,1400000000000.0,43.69899262,978908078708.7926,50.82854767,-14.60857156,107.35909020135966,121243219.5,21913048824.0,-3.229377292,0.597990986,267000000000.0,2.289572794,465000000000.0,0.267281777,13.96031867,2142916666666.667,2.179532395,51.80691111,,0.558456195,0.0048367599286399,12.4151526486008,,0.0012541764490494,0.0017818167613111,0.0968014907374007,0.4602456991418776,11902307290.0,8219.47033145,0.003588506295332,-0.996363591,0.004223281,0.0013639937011494,638000000.0,3940000000000.0,-3.4,1900000000000.0,4460000000000.0,0.0,9912.281809,27421.02871,-3.968758741,36276.83324,37100.36296,0.0,0.001200948,1050000000000.0,10.316061619999996,3560150000000.0,3430000000000.0,4770000000000.0,22060.0,24470.0,3.80923076923077,2.763621569042466,,,5.363636363636364,12.996139009664406,15.4,11.6,15.3,371.6220836738031,82.1712503870066,1749.0000000000002,2026.0,4.968023006,3982.0,3.686147408000001,962.4322863267791,86.91877133783618,2564.8375,0.3946381253722218,0.6113029628515251,1.5956614374215357,2.393777977405733,4.912116354598362,4.460404760950077,5.517755406269161,7.1,11.424077498214285,9.6,2.894302059198992,87.63063711002229,90.42340029267322,91.95412006055578,17.76675489391471,,0.3944186455674224,0.1784177597114285,0.5609108021716933,3.3787993726211267,6.6000000000000005,7.197342671879014,3.1,82.5265479071928,7.871643102248807,,,,,,,,,,,,,,,,,,,,,,,,,79735.1136605,,,,,,,,,,,,,,,,,,,,,,,,,25.52455716586152,26.234292353366023,,,,4.15043314763616,4.584058717926126,4.984990896108414,,,,,,,,,,,,,,,,,,,,,,,,,,,,,,,,,,,,,,,,,,,,,,,,,,,,,,,,,,,,,,,,,,,,,,,,,,,,28.06257846137423,0.1327062107752988,635000000.0,59.139198462,9.279095364,3.315956031,0.8537272740000001,0.091820997,0.032939325,0.6292877692030051,0.05332705175,0.00126062995,147781541.0,1.327782895887205,73374365.51410168,47.12659195,0.99454816,0.2093986802500001,0.008979406,0.9312969955674392,0.0496325936,0.2326077540256674,0.7122787328174017,0.0,68582202849.7818
VUT,2019,,,,,,,,,,,,,,,,,,,,,,,,,,,,,,,,,,,,,,,,,,,,,,,,,,,,,4522101568.590284,50.81087428000001,,,,,,,,59403055.66715656,25021912.4,-0.9617718428901124,1.271718563,25277518.25,3.966972889,19848600.0,-0.530026466,8.853911472,3293941851.32815,1.072596195,43.11186661,,,,,,,,,,,,,,,,,,,,,,,,,,,,,,,,,,,,6.41963190184049,,,,,,,,,,,,,,,,,,,,,,,,,,,,,,,,,,,,,,,,,,,,,,,,,,,,,,,,,,,,,,,,,,,,,,,,,,,,,,,,,,,,,,,,,,,,,44.0,30.25862068965517,,,,,,,,,,,,,,,,,,,,,,,,,,,,,,,,,,,,,,,,,,,,,,,,,,,,,,,,,,,,,,,,,,,,,,,,,,,,,,,,,,,,,,,,,,,,,,,,,,,,,,,,,,
AIA,2019,4462481182.0,0.037354226,2305099812.0,3.2481317756207666,9583011767.0,3.416584718,67.46836324,87.86187744,68.35665131,1.091848027,58.167773684500006,4.392644920824411,4.758865248,7.725016099069007,2.620055188441981,65.76975961451882,382.3413793,100.0,49.39850746,37.65769231,357.8244474508599,98.76538462,56.09230769,36.0,2.1296028582612543,4.653846154,566.5199075669027,37.676656408,5.4,18.64758351437705,18.64753829089803,18.587414939414344,16.066241933252805,16.279467680689383,16.02042747078235,6.628272251,6.707905759,6.597958115,178.83013826464213,9.106567275420298,3.5984703165148697,23.12184211,13.162699140740138,37.14666667,140.58606907090729,14.438335788459266,55.99705397436556,47.79375,202009290.0,84.28907044597838,13047.0,256.34279565499173,606247488540.8711,40.94849624,1920000000000.0,491100000000.0001,35.82148265,427970761347.6555,39.08296961,-13.01798493,77.91529344,82656772848.0,21913048824.0,-6.888467036,1.884542463,267000000000.0,6.072862014700001,465000000000.0,-0.839979536,18.539444073,925966666666.6672,0.221307283,52.07965253,2.6377128465084625,1.024977694,0.0315275896732594,9.313531190650696,7175040.110428964,0.0180296228277664,0.3378572168747725,0.2340200881333333,0.8490077028284231,283600000000.00006,1307.428967003567,0.01576656068949,-0.2290845345317069,0.067808495,0.0504647889928067,1120000000000.0,2770000000000.0,1.69442381,3250000000000.0,3780000000000.0,0.015830792,1558.492669225,11072.85466,0.208845929,17630.40814,20586.64375,0.200103623,0.6537046040000002,478000000000.0,15.157796429999998,1722415714285.7136,2286000000000.001,3390000000000.0,11250.0,16344.059157050957,7.288218623481783,2.952625414754156,5.0,5.0,5.69224515322076,8.211070066337818,26.340000000000003,21.8,25.8,19930.0,15396.142857142857,26232.0,22977.0,18.62232215,176259.0,6.996173584999999,172681.0,66.43681232334178,96760.0,2.4366911714823214,2.2292257682865726,4.371099570344958,5.753238884622619,23.76501985721927,21.2,26.68593753612422,16.04717723,21.0063273935,17.9,12.291235875540956,75.0,75.0,72.0,28.621141449806814,2.4,0.4662929447933966,0.2171319230423777,0.5776187566274547,1.1,4.9,2.9,12.7,55.09601133391456,53.68916510896962,13.60999966,17.66090939,19.148670466500004,26.11157733,38.0378310085,34.45423489922217,0.805292295998502,1.840120926616157,1.4141400899100718,25.44000053,30.94779540919296,23.88999939,44.68271641,63.4,53.9585,23.63000011,19.84000039,22.1319991505,19.05999947,42.71975087778064,27.75,2.859999895,2.589135797480786,2.119999886,39552.91382,7.862749874125001,17.64856037,13.439999580000002,54.08074980175,42.11788762050001,48.6164215875,32.74469554,42.44,38.84,49.91093026,72.96199974775828,60.54,45.38453478496113,64.3374812,67.85834712025,57.86,37.87198463134914,1405185.0,5.91313239501067,4.6885,4.49,2.7555,2.05,2.24,10287.0,12039.0,12.5211,17.397,5.075,17.813147291984787,19.89868100427858,22.10100261221144,73.41760509,70.778,67.941,1.876,72.503053,62.1685926,9.219711214,9.622979426,1004833.0,26.67865196,2042817.2359631169,27.932050990000004,4000922.4454918057,27.31192257,8.933923467,9.3617946055,8.525017276,8.648691824,7.55727157755,8.10531797,2267524.0,61.99981826,2428365.8000000003,63.184336746000014,6846423.0,62.54434157,7.56053444,7.709985107900001,7.606165333,7.910650089000001,7.150474776,6.821833664306251,6.587811835,6.520386926,5.477270162,5.502437593693824,4.809054399,4.680804369,4.3361279,3.7264598960000006,3.549749789,3.226797958,2.934146055,2.468810248,2.344677045,1.81116078245,242684.95000000004,5.781278787650001,152375.0,4.217038092,466413.0,4.7167994084,1.335976688,1.065628348,0.913216903,0.619255137,0.721171552,0.457235591,1.031,52.40087936999999,7.056643567,41.8629422,0.625695405,21013052.841361247,3661981.4,48.0298343,5557596.0,48.51245953,36697963.0,-0.6328833754,37.76156056795627,1.48443982,102806950.0,59.15728367,6353000.0,40.41687876845,0.984092382675,255000000000.0,33.03977854,21.89795841,14.189571312257147,1.453496455,1.089295685,1.140423704,1.4426291031299268,0.616290702,0.3951660355809925,3628575650.0,2.962420754576455,304000000000.0,52.863822801583325,19.1331774,4.964497054,1.047448076,0.9636353649163886,0.67255989095,2.3755061471761096,2.010071147347838,0.155617544,49429258578.64323
COK,2019,4462481182.0,0.037354226,2305099812.0,3.2481317756207666,9583011767.0,3.416584718,67.46836324,87.86187744,68.35665131,1.091848027,58.167773684500006,4.392644920824411,4.758865248,7.725016099069007,2.620055188441981,65.76975961451882,382.3413793,100.0,49.39850746,37.65769231,357.8244474508599,98.76538462,56.09230769,36.0,2.1296028582612543,4.653846154,566.5199075669027,37.676656408,5.4,18.64758351437705,18.64753829089803,18.587414939414344,16.066241933252805,16.279467680689383,16.02042747078235,6.628272251,6.707905759,6.597958115,178.83013826464213,9.106567275420298,3.5984703165148697,23.12184211,13.162699140740138,37.14666667,140.58606907090729,14.438335788459266,55.99705397436556,47.79375,202009290.0,84.28907044597838,13047.0,256.34279565499173,606247488540.8711,40.94849624,1920000000000.0,491100000000.0001,35.82148265,427970761347.6555,39.08296961,-13.01798493,77.91529344,82656772848.0,21913048824.0,-6.888467036,1.884542463,267000000000.0,6.072862014700001,465000000000.0,-0.839979536,18.539444073,925966666666.6672,0.221307283,52.07965253,2.6377128465084625,1.024977694,0.0315275896732594,9.313531190650696,7175040.110428964,0.0180296228277664,0.3378572168747725,0.2340200881333333,0.8490077028284231,283600000000.00006,1307.428967003567,0.01576656068949,-0.2290845345317069,0.067808495,0.0504647889928067,1120000000000.0,2770000000000.0,1.69442381,3250000000000.0,3780000000000.0,0.015830792,1558.492669225,11072.85466,0.208845929,17630.40814,20586.64375,0.200103623,0.6537046040000002,478000000000.0,15.157796429999998,1722415714285.7136,2286000000000.001,3390000000000.0,11250.0,16344.059157050957,7.288218623481783,2.952625414754156,5.0,5.0,5.69224515322076,8.211070066337818,26.340000000000003,21.8,25.8,19930.0,15396.142857142857,26232.0,22977.0,18.62232215,176259.0,6.996173584999999,172681.0,66.43681232334178,96760.0,2.4366911714823214,2.2292257682865726,4.371099570344958,5.753238884622619,23.76501985721927,21.2,26.68593753612422,16.04717723,21.0063273935,17.9,12.291235875540956,75.0,75.0,72.0,28.621141449806814,2.4,0.4662929447933966,0.2171319230423777,0.5776187566274547,1.1,4.9,2.9,12.7,55.09601133391456,53.68916510896962,13.60999966,17.66090939,19.148670466500004,26.11157733,38.0378310085,34.45423489922217,0.805292295998502,1.840120926616157,1.4141400899100718,25.44000053,30.94779540919296,23.88999939,44.68271641,63.4,53.9585,23.63000011,19.84000039,22.1319991505,19.05999947,42.71975087778064,27.75,2.859999895,2.589135797480786,2.119999886,39552.91382,7.862749874125001,17.64856037,13.439999580000002,54.08074980175,42.11788762050001,48.6164215875,32.74469554,42.44,38.84,49.91093026,72.96199974775828,60.54,45.38453478496113,64.3374812,67.85834712025,57.86,37.87198463134914,1405185.0,5.91313239501067,4.6885,4.49,2.7555,2.05,2.24,10287.0,12039.0,12.5211,17.397,5.075,17.813147291984787,19.89868100427858,22.10100261221144,73.41760509,70.778,67.941,1.876,72.503053,62.1685926,9.219711214,9.622979426,1004833.0,26.67865196,2042817.2359631169,27.932050990000004,4000922.4454918057,27.31192257,8.933923467,9.3617946055,8.525017276,8.648691824,7.55727157755,8.10531797,2267524.0,61.99981826,2428365.8000000003,63.184336746000014,6846423.0,62.54434157,7.56053444,7.709985107900001,7.606165333,7.910650089000001,7.150474776,6.821833664306251,6.587811835,6.520386926,5.477270162,5.502437593693824,4.809054399,4.680804369,4.3361279,3.7264598960000006,3.549749789,3.226797958,2.934146055,2.468810248,2.344677045,1.81116078245,242684.95000000004,5.781278787650001,152375.0,4.217038092,466413.0,4.7167994084,1.335976688,1.065628348,0.913216903,0.619255137,0.721171552,0.457235591,1.031,52.40087936999999,7.056643567,41.8629422,0.625695405,21013052.841361247,3661981.4,48.0298343,5557596.0,48.51245953,36697963.0,-0.6328833754,37.76156056795627,1.48443982,102806950.0,59.15728367,6353000.0,40.41687876845,0.984092382675,255000000000.0,33.03977854,21.89795841,14.189571312257147,1.453496455,1.089295685,1.140423704,1.4426291031299268,0.616290702,0.3951660355809925,3628575650.0,2.962420754576455,304000000000.0,52.863822801583325,19.1331774,4.964497054,1.047448076,0.9636353649163886,0.67255989095,2.3755061471761096,2.010071147347838,0.155617544,49429258578.64323
MSR,2019,4462481182.0,0.037354226,2305099812.0,3.2481317756207666,9583011767.0,3.416584718,67.46836324,87.86187744,68.35665131,1.091848027,58.167773684500006,4.392644920824411,4.758865248,7.725016099069007,2.620055188441981,65.76975961451882,382.3413793,100.0,49.39850746,37.65769231,357.8244474508599,98.76538462,56.09230769,36.0,2.1296028582612543,4.653846154,566.5199075669027,37.676656408,5.4,18.64758351437705,18.64753829089803,18.587414939414344,16.066241933252805,16.279467680689383,16.02042747078235,6.628272251,6.707905759,6.597958115,178.83013826464213,9.106567275420298,3.5984703165148697,23.12184211,13.162699140740138,37.14666667,140.58606907090729,14.438335788459266,55.99705397436556,47.79375,202009290.0,84.28907044597838,13047.0,256.34279565499173,606247488540.8711,40.94849624,1920000000000.0,491100000000.0001,35.82148265,427970761347.6555,39.08296961,-13.01798493,77.91529344,82656772848.0,21913048824.0,-6.888467036,1.884542463,267000000000.0,6.072862014700001,465000000000.0,-0.839979536,18.539444073,925966666666.6672,0.221307283,52.07965253,2.6377128465084625,1.024977694,0.0315275896732594,9.313531190650696,7175040.110428964,0.0180296228277664,0.3378572168747725,0.2340200881333333,0.8490077028284231,283600000000.00006,1307.428967003567,0.01576656068949,-0.2290845345317069,0.067808495,0.0504647889928067,1120000000000.0,2770000000000.0,1.69442381,3250000000000.0,3780000000000.0,0.015830792,1558.492669225,11072.85466,0.208845929,17630.40814,20586.64375,0.200103623,0.6537046040000002,478000000000.0,15.157796429999998,1722415714285.7136,2286000000000.001,3390000000000.0,11250.0,16344.059157050957,7.288218623481783,2.952625414754156,5.0,5.0,5.69224515322076,8.211070066337818,26.340000000000003,21.8,25.8,19930.0,15396.142857142857,26232.0,22977.0,18.62232215,176259.0,6.996173584999999,172681.0,66.43681232334178,96760.0,2.4366911714823214,2.2292257682865726,4.371099570344958,5.753238884622619,23.76501985721927,21.2,26.68593753612422,16.04717723,21.0063273935,17.9,12.291235875540956,75.0,75.0,72.0,28.621141449806814,2.4,0.4662929447933966,0.2171319230423777,0.5776187566274547,1.1,4.9,2.9,12.7,55.09601133391456,53.68916510896962,13.60999966,17.66090939,19.148670466500004,26.11157733,38.0378310085,34.45423489922217,0.805292295998502,1.840120926616157,1.4141400899100718,25.44000053,30.94779540919296,23.88999939,44.68271641,63.4,53.9585,23.63000011,19.84000039,22.1319991505,19.05999947,42.71975087778064,27.75,2.859999895,2.589135797480786,2.119999886,39552.91382,7.862749874125001,17.64856037,13.439999580000002,54.08074980175,42.11788762050001,48.6164215875,32.74469554,42.44,38.84,49.91093026,72.96199974775828,60.54,45.38453478496113,64.3374812,67.85834712025,57.86,37.87198463134914,1405185.0,5.91313239501067,4.6885,4.49,2.7555,2.05,2.24,10287.0,12039.0,12.5211,17.397,5.075,17.813147291984787,19.89868100427858,22.10100261221144,73.41760509,70.778,67.941,1.876,72.503053,62.1685926,9.219711214,9.622979426,1004833.0,26.67865196,2042817.2359631169,27.932050990000004,4000922.4454918057,27.31192257,8.933923467,9.3617946055,8.525017276,8.648691824,7.55727157755,8.10531797,2267524.0,61.99981826,2428365.8000000003,63.184336746000014,6846423.0,62.54434157,7.56053444,7.709985107900001,7.606165333,7.910650089000001,7.150474776,6.821833664306251,6.587811835,6.520386926,5.477270162,5.502437593693824,4.809054399,4.680804369,4.3361279,3.7264598960000006,3.549749789,3.226797958,2.934146055,2.468810248,2.344677045,1.81116078245,242684.95000000004,5.781278787650001,152375.0,4.217038092,466413.0,4.7167994084,1.335976688,1.065628348,0.913216903,0.619255137,0.721171552,0.457235591,1.031,52.40087936999999,7.056643567,41.8629422,0.625695405,21013052.841361247,3661981.4,48.0298343,5557596.0,48.51245953,36697963.0,-0.6328833754,37.76156056795627,1.48443982,102806950.0,59.15728367,6353000.0,40.41687876845,0.984092382675,255000000000.0,33.03977854,21.89795841,14.189571312257147,1.453496455,1.089295685,1.140423704,1.4426291031299268,0.616290702,0.3951660355809925,3628575650.0,2.962420754576455,304000000000.0,52.863822801583325,19.1331774,4.964497054,1.047448076,0.9636353649163886,0.67255989095,2.3755061471761096,2.010071147347838,0.155617544,49429258578.64323
NIU,2019,4462481182.0,0.037354226,2305099812.0,3.2481317756207666,9583011767.0,3.416584718,67.46836324,87.86187744,68.35665131,1.091848027,58.167773684500006,4.392644920824411,4.758865248,7.725016099069007,2.620055188441981,65.76975961451882,382.3413793,100.0,49.39850746,37.65769231,357.8244474508599,98.76538462,56.09230769,36.0,2.1296028582612543,4.653846154,566.5199075669027,37.676656408,5.4,18.64758351437705,18.64753829089803,18.587414939414344,16.066241933252805,16.279467680689383,16.02042747078235,6.628272251,6.707905759,6.597958115,178.83013826464213,9.106567275420298,3.5984703165148697,23.12184211,13.162699140740138,37.14666667,140.58606907090729,14.438335788459266,55.99705397436556,47.79375,202009290.0,84.28907044597838,13047.0,256.34279565499173,606247488540.8711,40.94849624,1920000000000.0,491100000000.0001,35.82148265,427970761347.6555,39.08296961,-13.01798493,77.91529344,82656772848.0,21913048824.0,-6.888467036,1.884542463,267000000000.0,6.072862014700001,465000000000.0,-0.839979536,18.539444073,925966666666.6672,0.221307283,52.07965253,2.6377128465084625,1.024977694,0.0315275896732594,9.313531190650696,7175040.110428964,0.0180296228277664,0.3378572168747725,0.2340200881333333,0.8490077028284231,283600000000.00006,1307.428967003567,0.01576656068949,-0.2290845345317069,0.067808495,0.0504647889928067,1120000000000.0,2770000000000.0,1.69442381,3250000000000.0,3780000000000.0,0.015830792,1558.492669225,11072.85466,0.208845929,17630.40814,20586.64375,0.200103623,0.6537046040000002,478000000000.0,15.157796429999998,1722415714285.7136,2286000000000.001,3390000000000.0,11250.0,16344.059157050957,7.288218623481783,2.952625414754156,5.0,5.0,5.69224515322076,8.211070066337818,26.340000000000003,21.8,25.8,19930.0,15396.142857142857,26232.0,22977.0,18.62232215,176259.0,6.996173584999999,172681.0,66.43681232334178,96760.0,2.4366911714823214,2.2292257682865726,4.371099570344958,5.753238884622619,23.76501985721927,21.2,26.68593753612422,16.04717723,21.0063273935,17.9,12.291235875540956,75.0,75.0,72.0,28.621141449806814,2.4,0.4662929447933966,0.2171319230423777,0.5776187566274547,1.1,4.9,2.9,12.7,55.09601133391456,53.68916510896962,13.60999966,17.66090939,19.148670466500004,26.11157733,38.0378310085,34.45423489922217,0.805292295998502,1.840120926616157,1.4141400899100718,25.44000053,30.94779540919296,23.88999939,44.68271641,63.4,53.9585,23.63000011,19.84000039,22.1319991505,19.05999947,42.71975087778064,27.75,2.859999895,2.589135797480786,2.119999886,39552.91382,7.862749874125001,17.64856037,13.439999580000002,54.08074980175,42.11788762050001,48.6164215875,32.74469554,42.44,38.84,49.91093026,72.96199974775828,60.54,45.38453478496113,64.3374812,67.85834712025,57.86,37.87198463134914,1405185.0,5.91313239501067,4.6885,4.49,2.7555,2.05,2.24,10287.0,12039.0,12.5211,17.397,5.075,17.813147291984787,19.89868100427858,22.10100261221144,73.41760509,70.778,67.941,1.876,72.503053,62.1685926,9.219711214,9.622979426,1004833.0,26.67865196,2042817.2359631169,27.932050990000004,4000922.4454918057,27.31192257,8.933923467,9.3617946055,8.525017276,8.648691824,7.55727157755,8.10531797,2267524.0,61.99981826,2428365.8000000003,63.184336746000014,6846423.0,62.54434157,7.56053444,7.709985107900001,7.606165333,7.910650089000001,7.150474776,6.821833664306251,6.587811835,6.520386926,5.477270162,5.502437593693824,4.809054399,4.680804369,4.3361279,3.7264598960000006,3.549749789,3.226797958,2.934146055,2.468810248,2.344677045,1.81116078245,242684.95000000004,5.781278787650001,152375.0,4.217038092,466413.0,4.7167994084,1.335976688,1.065628348,0.913216903,0.619255137,0.721171552,0.457235591,1.031,52.40087936999999,7.056643567,41.8629422,0.625695405,21013052.841361247,3661981.4,48.0298343,5557596.0,48.51245953,36697963.0,-0.6328833754,37.76156056795627,1.48443982,102806950.0,59.15728367,6353000.0,40.41687876845,0.984092382675,255000000000.0,33.03977854,21.89795841,14.189571312257147,1.453496455,1.089295685,1.140423704,1.4426291031299268,0.616290702,0.3951660355809925,3628575650.0,2.962420754576455,304000000000.0,52.863822801583325,19.1331774,4.964497054,1.047448076,0.9636353649163886,0.67255989095,2.3755061471761096,2.010071147347838,0.155617544,49429258578.64323
