,hdr-103706,hdr-24206,hdr-183506,hdr-101606,hdr-177006,hdr-169806,hdr-63106,hdr-175906,hdr-49006,hdr-61006,hdr-64306,hdr-21806,hdr-101406,hdr-133206,hdr-24106,hdr-112606,hdr-183706,hdr-99106,hdr-164406,hdr-118006,hdr-132706,hdr-73506,hdr-89006,hdr-63306,hdr-196106,hdr-111106,hdr-24006,hdr-43606,hdr-63406,hdr-175106,hdr-44206,hdr-57806,hdr-38606,hdr-38506,hdr-174606,hdr-180706,hdr-52606,hdr-46006,hdr-38406,hdr-170006,hdr-136906,hdr-101706,hdr-97306,hdr-182106,hdr-175206,hdr-193006,hdr-111306,hdr-47906,hdr-181606,hdr-123506,hdr-147206,hdr-195906,hdr-135006,hdr-52306,hdr-103006,hdr-186706,hdr-142506,hdr-181806,hdr-148206,hdr-138806,hdr-181706,hdr-175706,hdr-153706,hdr-57206,hdr-133006,hdr-117906,hdr-58006,hdr-122006,hdr-147906,hdr-46106,hdr-185106,hdr-23806,hdr-182806,hdr-184006,hdr-101806,hdr-176806,hdr-110806,hdr-179706,hdr-68606,hdr-48806,hdr-150606,hdr-169706,hdr-123306,hdr-123406,hdr-71506,hdr-179406,hdr-148306,hdr-175606,hdr-123606,hdr-36806,hdr-132806,hdr-23906,hdr-174306,hdr-120606,hdr-43006,hdr-196006,hdr-121106,hdr-195706,hdr-174206,hdr-182206,hdr-53506,hdr-69706,hdr-117806,hdr-57506,hdr-194506,hdr-178306,hdr-110906,hdr-128106,hdr-181206,hdr-121206,hdr-45106,hdr-185006,hdr-65606,hdr-195206,hdr-150706,hdr-64406,hdr-97106,hdr-137006,hdr-57906,hdr-195606,hdr-174506,hdr-31706,hdr-112506,hdr-177706,hdr-128306,hdr-184306,hdr-101006,hdr-176906,hdr-102006,hdr-185306,hdr-71406,hdr-140606,hdr-103206,hdr-137506,hdr-178106,hdr-71606,hdr-149206,hdr-185406,hdr-103606,hdr-175506,hdr-69206,hdr-46206,hdr-183906,hdr-185206,hdr-63206,hdr-137906,hdr-194906,hdr-100806,Country Code,year
4,,12.357473376623371,74.84931290322585,25.838670518867914,686.12,3.488068777777777,,16.23401833333333,1.059048010752689,39.5392195054945,,6.267627777777768,109.30865079365076,,11.885306277056277,8.499377419354836,70.40009354838708,,18.293055158730148,55.55360789473684,,33.03067161290321,,,,,77.37307328767128,,87.59265346534652,62.80701055555553,,,27.68764210526313,42.44625526315787,10.713129032258044,57.21865266666669,,,0.1399676842105263,,0.8593309293193718,47.545247368421045,13.300399999999994,84.62551391304343,104.12637419354829,67.54345483870964,,35.12859892473118,0.9401485810810812,28351.560124074054,68.41505080645157,,25.698943225806445,0.5428774193548397,,0.5351083333333333,16.16352105263158,,73.51765425925926,0.7025371,,92.45562,42.58016499999999,,139.59409685863875,98.67825526315788,3.923602592592592,,33.189608518518526,25.297986818181823,658.819508064516,96.35640880952378,103.139075,44.0474951612903,,660.65,18.36907634408601,22.66662727272727,0.6446096675126903,90.02193129629634,32.243561111111106,3.1090985925925887,,,,88.32688157894736,67.58655759259261,33.60841111111111,35798.36222407406,,,112.18059684684684,102.06925238095228,,43.273920185185176,,,,27.30543515625,,,,41.59182631578948,,,36.95616852791876,44.75764777777778,111.84346551724136,,,,107.26,38.98522135135136,130.029025,81.21387777777778,,107.23481333333332,0.8356565235602096,,,80.77991935483871,,16.707635483870956,,,,11.771105263157889,650.4300000000001,4927.537684210527,130.992,0.6961665292682933,25.106945,,,90.35449999999994,0.6946838333333333,7.355114344262297,120.62094594594592,,81.91413749999998,,,68.29786597222223,827.9049575268815,,0.9927477696335072,,,ATG,2014
15,0.831877577259475,13.152473376623371,69.74531290322582,24.945670518867917,683.6800000000001,3.7583687777777777,4.813467258064514,17.642018333333333,1.0815480107526882,37.8782195054945,24.276906756756752,6.160627777777767,108.53665079365084,209.28462234432223,11.662306277056278,8.882377419354837,83.34109354838706,17.38797659574467,23.871055158730147,43.944607894736855,0.4588279032258059,33.413671612903215,266.8420483870966,113.3874282051282,64.43381874999997,5810.230238170345,89.45707328767125,80.4614226006192,83.64265346534651,61.14801055555554,8.511938243243241,158.35451792114696,27.08464210526313,41.59425526315787,10.881129032258045,56.77515266666668,14.755790567484656,193.9321472727273,0.1378076842105263,0.7676812012012013,0.8724209293193714,46.11624736842104,12.822399999999996,92.89551391304344,103.08237419354828,54.94845483870965,9.034606802721074,37.49359892473119,0.930558581081081,34362.51012407406,72.50405080645157,19.746731439393933,24.60294322580645,0.5358774193548397,11.454253008595987,0.5739083333333332,15.236521052631584,12.051544087837836,75.56965425925931,0.7350071000000006,125.16701682098764,96.79362000000006,46.24216499999999,26.071011561561555,140.58409685863873,100.29425526315792,3.997602592592593,19.881764516129017,35.04760851851854,28.41598681818182,665.9195080645154,107.7554088095238,95.499075,44.2854951612903,20.37298661016948,656.35,19.17707634408601,18.81662727272727,0.6297996675126905,93.03093129629636,29.065561111111105,3.230898592592589,16.82748950000001,15.58891349999999,0.9052188661016952,104.42988157894732,71.93655759259252,33.81641111111112,37765.382224074056,81.63703596774197,0.4089980645161289,117.79959684684688,100.5352523809523,82.42175258064516,42.40992018518517,161.5958559659091,80.01728596774191,30259.882425675663,27.40043515625,274.2991546546546,20.572072891566258,15.086520891364898,47.74282631578948,19.874571471471484,61.38755374999987,36.26016852791878,44.79064777777776,116.28346551724135,109.31755429447853,36.44322645161291,56.21089527027028,83.75,41.27922135135135,118.079025,82.07087777777777,13.54963378378378,89.90681333333332,0.8375365235602092,155.40613261648744,10.382559009009006,84.49991935483871,52.01420904109587,22.355635483870955,109.02530327868853,751.9871971830985,9.612135897435897,11.639105263157887,650.4300000000001,4161.127684210526,122.03199999999998,0.7319665292682928,21.894945,0.9574134714285714,0.8852008483965018,94.00749999999994,0.7634938333333328,7.007114344262296,124.34094594594592,0.9044502554054056,85.26913749999997,79.15398228571429,23.60133838383838,68.38786597222224,837.6869575268819,109.86131367924528,1.0047577696335075,43798.851366666655,89.37745482625482,ABW,2014
26,,,68.32731290322582,24.71667051886791,688.56,,,19.01101833333333,1.0828480107526892,,,6.329627777777768,107.83865079365076,,,8.133377419354836,82.87609354838705,17.35297659574467,,52.82760789473684,,30.168671612903204,,,,,,,71.71265346534652,,,,28.16164210526313,42.50625526315788,10.848129032258043,54.8900526666667,14.350190567484658,,0.1426276842105263,,0.887320929319372,45.41924736842104,,96.14451391304344,103.34637419354831,64.34345483870968,,33.035598924731204,0.9343385810810808,,29.801050806451563,,23.78294322580645,0.6628774193548399,,0.6201083333333332,16.39852105263158,,,0.7487371000000006,,97.54862000000006,,,,99.62425526315788,,,,34.36998681818184,566.5695080645162,,88.979075,43.94849516129031,,673.55,20.138076344086016,18.44362727272727,,,,,16.2504895,15.354913499999991,,110.75588157894737,,33.57941111111111,,,,,105.29625238095228,,,,,,33.72343515624999,,,,39.08282631578948,,,,,114.80346551724138,,,,96.63,,132.909025,,,115.02981333333332,0.8496765235602092,,,75.49991935483871,,18.76663548387096,106.03530327868852,,10.006135897435897,12.717105263157888,646.29,4153.397684210527,131.882,0.7488665292682932,,,,98.16449999999992,0.8164738333333323,6.712114344262297,124.37094594594592,,79.57313749999997,,,,770.3799575268812,,0.9915177696335072,,,BHS,2014
37,0.8495075772594751,12.266473376623376,67.56131290322584,25.808670518867917,683.6800000000001,3.732968777777777,5.232467258064514,18.28201833333333,1.0848480107526883,44.16821950549449,23.45690675675675,6.347627777777768,108.8766507936508,209.4116223443222,12.466306277056278,9.783377419354837,80.77409354838706,17.51897659574467,27.934055158730143,50.04060789473684,0.5898279032258059,31.48767161290322,271.5220483870966,114.6674282051282,70.76081874999997,6111.790238170344,104.42607328767129,87.56542260061917,105.01265346534652,61.36701055555555,8.470938243243243,126.64451792114696,29.001642105263127,42.198255263157854,10.650129032258045,55.731952666666686,13.951390567484657,171.96614727272726,0.1454576842105263,0.7541712012012012,0.8876209293193718,46.47524736842104,13.365399999999994,87.60651391304343,104.45437419354832,50.326454838709694,14.42560680272108,37.00759892473121,0.9253985810810812,34389.36012407405,51.69405080645157,21.10773143939393,25.39894322580645,0.5168774193548397,11.437253008595988,0.5743083333333333,14.775521052631584,12.64454408783784,77.87565425925929,0.7208171000000004,124.56301682098768,103.42662000000004,41.63216499999999,24.97901156156156,140.73409685863874,104.17425526315787,4.136602592592593,18.246764516129023,34.27660851851853,27.84198681818182,620.2375080645159,114.3434088095238,117.999075,64.40649516129028,17.62698661016948,669.25,18.58407634408601,17.25362727272727,0.6376396675126903,89.36993129629634,25.453561111111107,3.1080985925925897,17.424489500000007,15.3059135,0.8564388661016951,109.03888157894733,70.26055759259253,30.46341111111111,45000.39222407407,74.18603596774196,0.419998064516129,102.00659684684685,105.3672523809523,84.15675258064512,39.429920185185175,160.68385596590912,81.1802859677419,31272.232425675666,30.42043515625,266.7321546546546,20.246072891566264,15.482520891364905,40.41382631578948,23.611571471471475,63.677553749999866,35.27016852791876,46.2386477777778,113.06346551724135,109.34155429447848,37.08222645161291,53.17689527027027,93.98,42.55322135135136,152.619025,85.95887777777776,11.95963378378378,105.70481333333332,0.8520865235602091,224.66613261648743,11.380559009009,78.7399193548387,43.92520904109588,26.944635483870957,108.48530327868852,769.7971971830984,9.471135897435897,11.596105263157888,635.94,4213.247684210526,131.322,0.7735465292682928,22.855945,0.9179234714285716,0.8895308483965018,100.80849999999992,0.7398338333333331,7.053114344262296,123.72094594594594,0.8840802554054054,83.29913749999997,78.33198228571429,23.761338383838385,69.56786597222218,815.3719575268819,116.18131367924528,1.0008977696335075,40305.881366666654,66.04545482625481,BMU,2014
48,,,70.53031290322583,36.13067051886792,695.88,,,22.169018333333334,1.0717480107526898,,,6.471627777777767,105.98865079365078,,,9.491377419354832,78.96709354838706,22.419976595744675,,42.90660789473685,,29.97867161290322,,,57.43381874999999,,,,,,,,27.78664210526313,40.99025526315786,11.059129032258046,51.38295266666668,14.914790567484657,,0.1391676842105263,,,45.94124736842105,,99.83651391304343,106.47737419354834,57.32745483870968,,33.81459892473117,0.8931085810810813,,,,27.09494322580645,,,,16.072521052631583,,,0.7327271000000004,,,44.91016499999999,,,101.18025526315785,3.790602592592591,,,16.52998681818182,659.0375080645158,,,64.20949516129032,,656.35,44.41307634408601,,,,,,,,,64.37188157894734,,31.332411111111107,,,,,,,,119.88685596590908,,,36.23943515624999,,,,47.57582631578947,,,,,101.09346551724136,,,,86.41000000000001,,,,,174.33881333333332,,,,99.9299193548387,,23.96963548387096,,583.6971971830985,8.489135897435895,11.697105263157887,627.6600000000001,5193.957684210527,134.642,0.6626365292682921,,,,111.73049999999998,0.788093833333333,,122.91094594594594,,77.92613750000001,,,,729.3079575268815,,,,,BHR,2014
59,,,70.61531290322583,,683.6800000000001,,,18.70401833333333,1.0693480107526898,,,6.511627777777767,,,,7.921377419354837,78.2930935483871,17.599976595744675,,41.39160789473685,,31.06767161290323,,,,,,,113.94265346534652,,,,27.32064210526313,40.936255263157854,10.610129032258046,53.38655266666669,,,0.1390576842105263,,,46.69324736842102,,93.99051391304344,101.81537419354828,52.67845483870968,,40.81359892473121,0.9619685810810812,,64.43505080645157,,24.833943225806458,0.61487741935484,,0.5978083333333334,14.471521052631584,,,0.7279971000000003,,92.58662,,,,104.70025526315789,,,,23.270986818181825,626.1615080645159,,106.409075,48.88449516129029,,652.05,17.498076344086016,26.24862727272726,,,,,,,,94.66088157894734,,33.710411111111114,,,,,107.34225238095227,,,,,,40.14743515625,,,,36.38282631578949,,,,,115.45346551724136,,,,94.92000000000002,,114.869025,,,117.69681333333332,,,,76.0399193548387,,16.697635483870958,110.04530327868852,,,12.19610526315789,654.5699999999999,4146.127684210526,107.142,,,,,92.39349999999996,0.7010138333333334,,123.01094594594592,,90.77613749999996,,,,822.1789575268821,,,,,BRB,2014
70,,,67.57831290322585,,676.36,,,18.32001833333333,1.0654480107526891,,,6.062627777777768,101.9296507936508,,,9.670377419354836,86.35109354838701,,,66.48360789473683,,,,,,,,,,,,,33.02364210526312,43.89225526315793,12.639129032258046,53.2232526666667,,,0.1612476842105263,,,,,,103.61137419354831,69.71745483870968,,26.123598924731187,0.9844185810810812,,81.78605080645157,,,0.4978774193548397,,0.4329083333333334,20.652521052631577,,,,,,,,,72.53725526315785,,,,,743.7685080645156,,85.509075,64.4804951612903,,632.7,20.51207634408601,,,,,,,,,,,34.01841111111112,,,,,93.40725238095236,,,,,,,,,,39.17482631578949,,,,,119.49346551724138,103.60055429447851,,,118.58,,96.969025,,,89.79581333333331,,,,128.36991935483871,,25.432635483870957,,,8.188135897435895,12.191105263157889,619.38,4468.857684210527,131.702,,,,,99.02549999999994,,,117.62094594594592,,79.81013749999997,,,,989.8369575268816,,,,,BLZ,2014
81,0.8205075772594753,12.960473376623382,69.62531290322583,25.829670518867918,678.8,3.4769687777777767,4.868467258064514,17.008018333333332,1.0769480107526888,45.47821950549449,22.15690675675675,6.106627777777767,109.0056507936508,241.5876223443223,11.328306277056276,10.498377419354837,80.90909354838709,17.495976595744672,22.531055158730148,46.645607894736855,0.4458279032258059,32.94967161290322,277.5220483870966,115.1174282051282,55.08381874999999,5365.650238170345,88.41907328767127,73.7404226006192,82.17265346534651,56.414010555555535,9.33293824324324,155.79451792114696,27.21564210526313,42.02025526315786,11.032129032258045,51.98685266666668,19.944890567484656,181.55814727272727,0.1383576842105263,0.7870912012012011,0.8861109293193714,46.06124736842105,13.032399999999994,84.85851391304342,102.08637419354832,60.67345483870966,14.81660680272108,36.9725989247312,0.9215685810810812,34807.57012407406,39.884050806451576,21.679731439393937,24.970943225806447,0.5168774193548397,11.25925300859598,0.5873083333333331,15.652521052631585,11.341544087837836,77.50665425925929,0.7094371000000004,125.66201682098765,95.89562000000006,41.62016499999999,26.857011561561563,140.05409685863873,105.5892552631579,4.199602592592593,18.025764516129023,34.24560851851852,27.130986818181825,668.8675080645161,114.16440880952376,103.369075,42.7654951612903,20.28298661016948,654.2,17.077076344086016,18.064627272727268,0.6221796675126904,92.48593129629631,29.956561111111107,3.2058985925925896,16.167489500000002,15.7959135,0.8442788661016951,102.93988157894734,72.12755759259257,33.24141111111112,38710.29222407406,82.51503596774198,0.424998064516129,92.93159684684682,104.0282523809523,82.06175258064515,41.15692018518517,170.65285596590914,79.83028596774187,37871.33242567566,27.377435156249994,271.2351546546546,21.600072891566256,14.864520891364895,42.42082631578948,22.03157147147148,61.68755374999986,40.40616852791877,50.72764777777778,114.18346551724136,109.47455429447848,36.2042264516129,62.998895270270296,98.51,39.71322135135135,113.429025,82.99687777777781,12.449633783783778,90.48981333333332,0.8447365235602093,225.40613261648744,10.916559009009005,85.5099193548387,44.54220904109589,26.42463548387096,104.92530327868852,804.2271971830985,9.703135897435896,11.78210526315789,646.29,5012.287684210527,114.03199999999998,0.6979165292682931,23.356945000000003,0.9229634714285716,0.8841508483965016,90.87949999999998,0.7382538333333332,7.269114344262294,124.69094594594594,0.8914402554054053,82.1211375,79.80098228571428,24.23133838383838,72.72486597222219,820.4079575268818,119.56131367924527,1.0015977696335074,44552.241366666654,89.45545482625482,VGB,2014
92,,,64.28731290322582,,676.36,,,16.64501833333333,1.0620480107526888,,,6.850627777777767,97.5696507936508,,,14.112377419354845,82.91609354838705,,,66.25860789473684,,,,,56.61981874999998,,56.00307328767122,,,,,,34.402642105263126,44.71325526315791,13.856129032258044,50.57165266666667,,,0.1542976842105263,,,,,,102.14537419354826,73.25345483870969,,28.063598924731178,0.974128581081082,,,,,0.5528774193548398,,0.4892083333333333,27.16852105263159,,,,,82.31762,,,,74.87125526315785,,,,,688.3615080645159,76.02540880952381,84.969075,65.32349516129032,,637.0,12.437076344086016,,0.6572996675126901,,,,,,,80.12988157894732,,37.49341111111112,,,,79.78559684684684,94.66925238095234,,,134.58685596590908,,,,,,,41.184826315789465,,,,,106.81346551724135,,,,79.71000000000001,,105.329025,,,95.99681333333332,,,,123.0699193548387,,37.339635483870936,,547.3671971830985,8.841135897435896,14.014105263157887,631.8,4395.157684210527,57.532,,,,,99.06649999999992,,,107.27094594594594,,70.68713749999999,,,,856.7819575268816,,,,,CPV,2014
103,0.8292475772594752,12.252473376623378,69.42431290322581,25.644670518867912,686.12,3.804868777777776,4.971467258064514,18.460018333333327,1.0866480107526884,46.9582195054945,22.846906756756752,6.175627777777767,108.52565079365075,241.72362234432228,11.875306277056277,9.286377419354835,81.23809354838704,16.89597659574467,20.910055158730145,50.10360789473684,0.4488279032258059,31.33767161290323,273.75204838709664,113.8174282051282,58.94581874999997,6557.220238170345,102.0970732876713,85.36542260061918,93.37265346534652,58.47201055555554,9.560938243243244,151.76451792114696,27.374642105263128,42.29325526315786,10.731129032258046,53.69915266666668,14.173390567484658,190.9981472727272,0.1394876842105263,0.7684612012012012,0.8847409293193715,47.34624736842106,14.529399999999994,84.44851391304343,103.88137419354833,53.24945483870967,9.696606802721076,38.2345989247312,0.9114185810810814,35799.39012407405,-40.56394919354841,20.869731439393934,24.095943225806444,0.4908774193548397,11.31425300859598,0.5736083333333333,15.095521052631582,12.397544087837836,78.2046542592593,0.6928471,125.04501682098768,96.87562000000004,41.69816499999999,27.644011561561555,115.19409685863874,98.62125526315788,4.095602592592592,18.259764516129017,34.418608518518525,24.998986818181827,675.1345080645158,117.77840880952375,112.51907500000002,43.41249516129031,21.97498661016948,664.95,23.38307634408602,18.492627272727265,0.6344996675126904,88.20493129629638,25.322561111111103,3.192198592592589,16.979489500000007,15.370913499999997,0.8583188661016958,108.82388157894736,73.88155759259256,33.234411111111115,41208.91222407405,72.01403596774195,0.438998064516129,101.36359684684682,101.85625238095233,81.72875258064518,42.31592018518516,157.7928559659091,80.04828596774192,37828.48242567566,31.475435156249997,274.0481546546546,19.31407289156626,15.434520891364896,41.45082631578947,21.685571471471484,64.50055374999985,43.14016852791877,47.26664777777778,118.01346551724136,109.50055429447843,36.7542264516129,61.90089527027031,97.54,42.57822135135135,137.199025,82.4618777777778,13.65963378378378,95.91681333333332,0.8460565235602097,225.00613261648743,11.115559009009,83.3899193548387,45.5632090410959,20.959635483870954,109.64530327868852,754.3071971830984,9.656135897435895,11.640105263157889,644.22,4296.287684210527,128.232,0.7301465292682929,21.568945,0.9298934714285714,0.9005808483965015,103.49149999999992,0.7949638333333326,7.245114344262298,124.99094594594594,0.8777402554054053,83.8571375,79.15398228571425,24.131338383838383,73.8908659722222,810.5649575268818,117.22131367924528,1.0017877696335076,44719.601366666655,87.0064548262548,CYM,2014
114,,,62.45031290322581,,678.8,,,18.809018333333327,1.0785480107526866,33.0492195054945,,8.412627777777764,76.85365079365079,,,12.877377419354833,82.54309354838708,,,81.99760789473689,,,,,46.67681874999997,,58.00807328767124,,,,,,69.32164210526318,51.98925526315789,45.47612903225803,57.526952666666695,,,0.3335176842105262,,,,,,97.81637419354831,,34.68560680272108,22.20559892473119,0.9331185810810813,,,,,0.5258774193548398,,0.530908333333333,35.07652105263157,,,,,,,,,67.45525526315787,,,,38.2989868181818,805.3815080645156,69.81940880952381,65.749075,,,632.7,11.907076344086018,21.868627272727267,0.7341996675126905,,,,,,,,,43.51441111111109,,,,97.82559684684682,72.35425238095236,,,120.77485596590913,,,,,,,50.26082631578944,,,,,112.27346551724138,85.55755429447845,,,81.99000000000001,,104.249025,,,92.83581333333332,,,,213.22991935483876,,30.54763548387094,86.40530327868852,,,27.23410526315788,623.52,5313.637684210527,51.94199999999999,,,,,96.90049999999994,,,45.49094594594594,,55.460137500000016,,33.27133838383838,,923.1559575268818,,,,,COM,2014
125,,,67.44831290322583,,678.8,,,15.617018333333338,1.0834480107526885,,,8.008627777777765,107.16965079365076,,,11.34537741935484,79.82309354838708,,29.108055158730146,58.959607894736834,,34.64967161290322,,,,,,,,,,,27.72464210526313,42.789255263157855,11.109129032258044,45.67135266666671,27.06619056748466,,0.1400676842105263,,,46.87124736842104,,169.18351391304338,,54.2054548387097,13.48460680272108,42.73059892473121,0.8726185810810808,,80.87505080645157,,25.03094322580645,,,,17.04952105263158,,,0.7414371000000004,,88.76762000000005,,,,59.48425526315782,,,,,593.483508064516,,112.079075,61.75649516129029,,656.35,19.13907634408601,23.699627272727252,,,,,,,,95.6118815789473,,,,,,,,,,,,,39.96543515625,,14.44507289156626,,48.60182631578948,,208.8845537499999,,,102.91346551724138,,,,84.04,,,,,96.87181333333332,,,,87.6399193548387,,31.89863548387094,,748.8871971830985,9.938135897435895,11.69910526315789,625.5899999999999,4223.967684210526,72.502,,,,,90.42949999999992,0.737123833333333,10.717114344262288,108.45094594594592,,,,,,681.7189575268823,,,40134.711366666656,,CUB,2014
136,0.8292475772594756,12.867473376623378,68.18531290322584,25.53467051886792,686.12,3.456268777777777,4.905467258064514,17.77801833333333,1.071648010752689,50.21521950549451,25.83690675675675,6.366627777777768,109.03765079365078,208.93662234432225,11.596306277056282,8.950377419354837,81.2160935483871,17.324976595744673,23.201055158730146,46.13660789473685,0.4748279032258059,33.33567161290322,274.31204838709664,111.9574282051282,56.965818749999976,5751.410238170344,97.60607328767132,83.80542260061918,90.72265346534653,57.64801055555554,8.568938243243242,163.75451792114694,28.322642105263128,41.69125526315786,10.898129032258046,57.38995266666669,16.884690567484657,191.7511472727272,0.1432876842105263,0.7715712012012013,0.8802509293193712,47.25624736842103,13.826399999999994,90.28651391304342,102.88337419354828,55.77945483870968,10.47960680272108,38.74459892473119,0.9410885810810814,32975.88012407406,49.80505080645155,21.12973143939393,25.27694322580645,0.4828774193548397,11.521253008595988,0.5671083333333333,15.75152105263158,12.23554408783784,76.41765425925928,0.7354471000000005,125.20901682098769,94.11462,45.650165,24.09701156156156,128.83409685863873,98.96925526315788,4.099602592592593,18.10376451612902,37.83160851851853,28.818986818181823,660.1795080645155,118.90440880952374,101.159075,43.1904951612903,20.31298661016948,664.95,14.956076344086014,18.081627272727268,0.6372696675126903,91.66193129629634,27.314561111111104,3.1937985925925885,16.807489500000003,14.911913499999995,0.8524088661016954,101.56688157894736,72.15655759259255,33.566411111111115,36090.33222407406,79.49803596774194,0.4089980645161289,113.75659684684682,95.26625238095238,84.03875258064511,41.57692018518517,161.8118559659091,79.01428596774194,30539.472425675664,29.671435156249995,272.45015465465457,23.30807289156625,15.03152089136491,47.959826315789485,19.92557147147148,63.29255374999986,34.770168527918784,45.12864777777777,116.07346551724136,109.34955429447852,34.99322645161291,50.5068952702703,89.79,43.17422135135135,133.84902499999998,83.79087777777781,13.339633783783778,93.23181333333332,0.8488965235602096,147.93613261648744,11.048559009009004,83.46991935483871,53.03220904109586,24.26763548387096,108.45530327868852,779.0571971830984,9.055135897435896,11.73810526315789,644.22,4927.257684210526,125.31199999999998,0.7418865292682929,24.772945000000007,0.9195834714285716,0.8890208483965022,100.08549999999993,0.7769638333333326,7.268114344262295,122.79094594594594,0.9006102554054054,83.54513749999998,78.69098228571428,23.90133838383838,72.68186597222221,852.5519575268822,116.26131367924528,0.9991877696335076,45923.05136666665,86.98145482625483,CUW,2014
147,,11.14647337662338,72.64031290322582,29.21967051886792,681.24,3.6421687777777776,4.640467258064514,17.36201833333334,1.0649480107526883,,,6.209627777777768,107.3826507936508,,11.712306277056271,9.221377419354836,89.51709354838704,,25.746055158730147,58.14060789473683,0.4458279032258059,35.730671612903215,294.4020483870966,,,,78.99807328767125,,73.87265346534652,64.42001055555555,,174.39451792114696,27.708642105263127,42.849255263157865,11.124129032258043,48.57635266666668,,,0.1398076842105263,,0.8040909293193714,48.79624736842108,,93.66351391304345,104.43237419354828,50.84945483870969,,31.12059892473118,0.9113985810810812,29483.75012407406,-40.04594919354837,,26.71494322580645,0.5288774193548398,,0.4966083333333334,17.531521052631582,,75.67165425925924,0.6377971000000001,,90.19962000000004,51.31516499999999,,,92.8352552631579,3.993602592592592,19.856764516129022,39.22060851851853,,698.8125080645157,87.04240880952376,91.439075,46.95249516129029,20.317986610169484,645.6,24.15807634408601,20.63362727272726,0.6554096675126905,91.05193129629632,33.582561111111104,3.0973985925925884,15.651489500000002,14.995913499999997,0.8431388661016954,98.29988157894734,64.90155759259257,33.95141111111111,38656.86222407406,87.17003596774195,0.5189980645161288,93.51559684684678,101.37625238095232,81.14375258064517,53.22392018518518,,80.0162859677419,,,,,,45.46282631578947,,,38.37916852791877,56.494647777777786,115.08346551724138,,41.28222645161289,,83.12,39.40322135135136,117.169025,80.61487777777778,,98.81281333333332,0.8113565235602094,235.21613261648744,,87.1699193548387,,22.04463548387096,,,10.887135897435895,11.903105263157888,638.01,4183.237684210527,123.832,0.7074165292682927,26.99894500000001,,,95.37649999999994,0.6903338333333333,6.370114344262291,120.14094594594594,,85.9251375,,,68.65886597222223,850.3449575268821,,0.999177769633508,,,DMA,2014
158,,,67.23931290322581,,671.48,,,17.794018333333327,1.0765480107526877,,,7.206627777777767,,,,10.786377419354832,82.47109354838705,,,,,,,,,,,,,,,,,,12.763129032258044,47.67035266666667,,,,,,,,,,,,29.13659892473118,0.8946385810810809,,,,,0.5898774193548398,,,,,,,,,,,,,,,,,613.8505080645161,,83.079075,,,632.7,15.044076344086015,26.697627272727267,,,,,,,,,,,,,,,,,,,,,,,,,,,,,,109.22346551724138,,,,85.35000000000001,,104.189025,,,104.27381333333334,,,,107.9299193548387,,32.41163548387097,,,9.327135897435896,,611.1,,84.62199999999999,,,,,101.42749999999997,,8.327114344262295,105.03094594594594,,,,,,782.8659575268821,,,,,DOM,2014
169,,,65.14231290322581,,681.24,,,16.638018333333328,1.0843480107526893,,,6.253627777777767,104.3616507936508,209.87762234432228,,9.501377419354837,80.86909354838707,,22.180055158730145,69.62460789473684,,,,110.3074282051282,,,,,68.37265346534652,,,,34.70664210526313,44.8012552631579,14.332129032258042,52.26515266666667,,,0.1696576842105263,,0.7697309293193719,,,80.90451391304343,103.81837419354828,79.89045483870969,,29.5645989247312,0.9075785810810812,,-9.202949193548449,,,0.5168774193548398,,0.4129083333333334,24.54452105263158,,,,,67.09162000000002,,,113.35409685863874,79.07425526315784,3.9676025925925926,,,26.865986818181824,816.8515080645152,,91.439075,62.8064951612903,,649.9,6.428076344086012,18.770627272727264,,,,,15.075489500000002,14.8249135,,93.13488157894732,,37.12541111111112,,,,,98.31325238095232,,,,,,,,,,41.56982631578947,,,39.50316852791876,,117.04346551724136,,,,83.33000000000001,40.14722135135135,99.969025,,,97.60481333333333,0.80878652356021,,,156.79991935483872,,25.695635483870948,99.86530327868851,,9.221135897435897,12.278105263157888,627.6600000000001,4506.047684210526,103.052,,,,,96.88749999999992,,6.241114344262291,114.72094594594594,,72.4051375,,34.22133838383838,,1140.093957526882,121.75131367924529,0.9923077696335076,,,FJI,2014
180,,11.30247337662338,72.1353129032258,29.860670518867916,681.24,3.4388687777777767,,19.669018333333334,1.0745480107526868,,,6.232627777777767,,,11.12130627705627,8.019377419354836,86.81909354838709,,22.725055158730147,55.78760789473685,,33.83567161290321,,,54.977818749999976,,98.9410732876712,,129.8126534653465,63.89901055555555,,,28.030642105263126,43.36025526315787,11.058129032258044,45.10395266666666,,,0.1414376842105263,,0.8673309293193716,44.40224736842105,12.919399999999994,95.8565139130434,104.71737419354824,50.45045483870968,,33.43059892473117,0.9388285810810812,30334.450124074057,115.05405080645158,,25.633943225806448,0.5498774193548397,,0.5134083333333334,16.98952105263158,,76.89565425925926,0.6680870999999999,,88.55362000000007,44.17316499999999,,,86.60125526315787,3.873602592592592,,30.326608518518512,25.644986818181817,697.9575080645157,71.8834088095238,,51.698495161290296,,654.2,14.317076344086011,21.771627272727265,0.6160796675126906,91.03693129629632,31.7935611111111,2.9712985925925888,,,,80.60288157894733,67.18255759259256,34.54641111111113,33955.43222407406,,,105.79359684684678,106.90225238095232,,46.59292018518519,153.09885596590908,,,,,,,41.15182631578948,,,34.223168527918766,52.40664777777777,112.82346551724136,,,,103.78,39.30522135135134,128.369025,83.78187777777778,,,0.8259165235602093,,,89.1799193548387,,19.13863548387096,,,10.023135897435896,11.91410526315789,644.22,4222.697684210527,124.142,0.6960665292682929,29.182944999999997,,,94.74149999999992,0.6629138333333332,6.118114344262293,120.66094594594594,,86.22313749999999,,,69.9748659722222,879.0969575268817,,1.0155577696335076,,,GRD,2014
191,,8.709473376623375,55.48231290322581,,676.36,,,19.318018333333328,1.0673480107526885,,,8.748627777777767,,,5.814306277056279,12.925377419354838,91.94209354838708,,,75.38360789473693,,,,76.4274282051282,47.72181874999998,,48.09707328767122,,56.59265346534652,,,,79.65464210526314,54.909255263157874,45.17612903225807,60.3224526666667,,,0.3821576842105265,,0.6611709293193719,,,,,108.5674548387097,,21.0525989247312,0.9823685810810816,,39.77105080645156,,,0.5678774193548399,,0.4241083333333334,34.85552105263157,,,,,48.03661999999999,,,70.87409685863874,56.20725526315783,,,,39.766986818181806,848.1805080645156,68.65040880952381,85.529075,91.1734951612903,,630.55,14.825076344086014,17.537627272727267,0.6622896675126906,,,,12.086489500000008,13.888913499999996,,75.79688157894732,,,,,,73.55859684684684,55.506252380952354,,,119.3948559659091,,,,,,,49.68682631578946,,,,,95.58346551724138,,,,80.76,,96.959025,,,88.4278133333333,0.6620165235602096,,,235.96991935483868,,24.563635483870947,90.14530327868852,,8.333135897435897,38.93910526315792,640.0799999999999,6309.927684210526,60.082,,,,,96.17449999999994,,4.899114344262295,42.59094594594594,,,,47.05133838383839,,872.9609575268827,127.29131367924528,0.9078177696335078,,,GNB,2014
202,,,56.96731290322582,,678.8,,,15.811018333333331,1.0850480107526868,,,6.7376277777777664,,,,21.152377419354835,93.46009354838708,,,74.09060789473685,,,,106.4174282051282,,,,,60.27265346534652,,,,44.46064210526313,46.83725526315792,16.682129032258054,65.54005266666674,,,0.2014876842105263,,,,,,,74.65045483870969,,28.14559892473118,0.979008581081081,,55.01505080645156,,,0.4918774193548398,,0.4752083333333333,26.86852105263158,,,,,63.08062000000002,,,124.93409685863872,65.71625526315783,,,,23.80898681818181,939.9805080645164,,97.759075,65.3854951612903,,645.6,7.244076344086011,,,,,,,,,87.82588157894733,,,,,,,65.14225238095239,,,,,,,,,,45.93482631578947,,,,,107.16346551724138,,,,80.08000000000001,,103.529025,,,82.3418133333333,,,,156.83991935483868,,58.65863548387095,97.22530327868851,567.0071971830985,7.498135897435897,11.966105263157887,627.6600000000001,4667.237684210527,115.06199999999998,,,,,97.75849999999994,,,104.15094594594594,,,,33.06133838383838,,1025.4609575268817,112.31131367924527,,,,GUY,2014
213,,,60.68331290322581,,676.36,,,17.53201833333333,1.079748010752687,,,18.350627777777778,71.98165079365072,,,13.15737741935483,82.24909354838704,,,83.27860789473688,,,,78.3374282051282,48.669818749999976,,,,70.89265346534651,,,,67.93564210526318,52.5702552631579,32.222129032258046,55.28055266666668,,,0.3252976842105262,,,,,,97.75737419354836,108.7874548387097,14.76960680272108,25.2385989247312,0.9295985810810816,,46.09705080645156,,,0.5348774193548398,,,35.995521052631574,,,,,,,,76.14409685863873,52.47725526315785,,,,39.02798681818181,864.6745080645164,,74.359075,92.16349516129036,,634.85,12.829076344086015,21.515627272727265,,,,,,,,65.29088157894735,,46.62441111111111,,,,,,,,125.09985596590911,,,,,,,43.63282631578944,,,,,78.45346551724137,54.21655429447852,,,96.77,,95.729025,,,92.1098133333333,,,,215.1399193548387,,32.69763548387095,99.23530327868852,,9.600135897435896,32.32610526315789,629.73,7694.297684210527,57.232,,,,,97.31549999999991,,,55.59094594594594,,65.3181375,,34.57133838383838,,976.8469575268816,125.09131367924527,,,,HTI,2014
224,,,66.55631290322582,,676.36,,,17.665018333333332,1.0805480107526868,,,7.351627777777767,,,,8.43937741935484,82.44209354838705,,,,,,,,,,,,73.70265346534651,,,,,,12.110129032258044,53.70555266666669,,,,,,,,85.76151391304342,102.82137419354832,69.30945483870967,,31.459598924731186,0.9137185810810812,,51.78405080645156,,,0.5908774193548398,,,,,,,,,,,,,,,,22.491986818181825,637.969508064516,,91.899075,58.695495161290296,,634.85,13.442076344086017,,,,,,,,,86.96188157894736,,34.12941111111111,,,,,,,,,,,,,,,,,,,,102.29346551724136,106.9735542944785,,,96.55,,96.579025,,,92.01981333333332,,,,100.3699193548387,,22.691635483870964,,,8.369135897435894,,648.36,,119.082,,,,,97.02749999999992,,,102.66094594594594,,84.63913749999999,,,,713.2969575268816,107.79131367924528,,,,JAM,2014
235,,10.977473376623378,54.40431290322581,,681.24,4.134168777777775,,17.509018333333323,1.0919480107526869,32.58521950549451,,6.542627777777767,95.13565079365075,,8.027306277056278,11.944377419354836,90.6180935483871,,23.085055158730142,80.11760789473688,,,,91.6574282051282,47.67881874999998,,81.00507328767124,,61.48265346534652,62.554010555555536,,,54.59064210526314,47.26725526315791,24.652129032258053,56.20965266666669,,,0.2915676842105262,,0.7445309293193718,,,115.74551391304342,96.53637419354834,89.3374548387097,,25.00559892473118,0.9596885810810812,23250.17012407406,-11.393949193548366,,,0.5078774193548397,,0.518608333333333,35.87952105263159,,73.14365425925926,,,71.47362000000001,77.72616500000001,,88.81409685863873,70.42025526315786,4.176602592592592,,30.475608518518523,29.15798681818181,843.5655080645158,80.64640880952379,77.579075,65.30949516129029,,645.6,11.067076344086017,17.63862727272727,0.6965396675126903,94.86393129629631,56.58456111111112,3.5636985925925893,,,,90.05088157894738,75.16055759259255,39.257411111111125,24151.94222407406,,,104.7675968468469,76.08225238095238,,80.41692018518516,117.78885596590912,,,25.56443515625,,,,42.261826315789456,,,,39.67064777777777,93.69346551724138,98.61055429447852,,,81.75,,90.589025,60.75687777777773,,92.35881333333332,0.7117265235602098,,,197.46991935483868,,39.08563548387096,104.08530327868851,,7.888135897435896,20.02610526315789,627.6600000000001,5281.197684210527,83.672,,16.980945000000002,,,99.95049999999996,,8.220114344262294,49.33094594594594,,71.29713749999998,,,67.42886597222224,1120.949957526882,,0.955877769633508,,,KIR,2014
246,,,51.98231290322578,,693.44,,,16.563018333333325,1.0958480107526871,27.394219505494505,,6.143627777777767,,,,9.082377419354838,94.04109354838708,,28.798055158730143,50.71460789473686,,,,110.6774282051282,,,,,,,,,31.37464210526312,42.50525526315787,11.004129032258044,54.16915266666668,,,0.1449276842105263,,,,,103.69451391304342,104.82437419354832,67.02145483870966,,31.86659892473117,0.9352285810810812,,-17.39894919354839,,,0.6558774193548399,,0.4179083333333333,21.06552105263158,,,,,73.82961999999998,,,133.95409685863874,97.14725526315786,3.9796025925925926,,,24.797986818181823,665.407508064516,,88.13907499999999,62.21249516129029,,643.45,30.817076344086026,20.63062727272727,,,,,,,,75.1378815789473,,39.99741111111111,,,,,100.2262523809523,,,,,,,,,,42.304826315789455,,,48.69316852791875,,102.41346551724138,,,,80.78,36.34522135135135,107.689025,,,104.97181333333332,,,,90.51991935483868,,23.09663548387096,,,7.338135897435897,11.66710526315789,625.5899999999999,4417.417684210526,104.222,,,,,96.76949999999994,,,123.78094594594594,,68.21813750000001,,,,759.2989575268816,119.73131367924528,,,,MDV,2014
257,0.7817675772594751,,55.7023129032258,31.810670518867912,683.6800000000001,3.483268777777777,4.635467258064514,20.204018333333327,1.0925480107526866,43.3662195054945,,6.039627777777767,103.0076507936508,,,10.291377419354834,89.64609354838709,,17.768055158730146,79.65960789473688,0.4458279032258059,34.751671612903216,333.04204838709666,84.0174282051282,47.62481874999997,,,,63.26265346534652,63.940010555555546,,184.73451792114696,45.26664210526313,45.28325526315791,18.650129032258043,49.97645266666669,,,0.2222376842105263,,0.7603709293193719,46.47024736842104,18.325399999999995,115.58651391304343,99.1193741935483,80.3404548387097,,24.678598924731205,0.9832385810810812,25079.980124074056,37.21605080645154,,31.51494322580644,0.5778774193548397,,0.4073083333333335,28.85252105263158,,72.06565425925922,0.5882470999999997,,89.23662000000004,61.12816499999998,,99.53409685863876,68.62525526315785,3.908602592592593,14.113764516129027,32.202608518518524,33.588986818181816,803.9075080645159,,71.279075,67.06849516129031,29.914986610169485,643.45,10.82607634408602,19.07862727272727,0.6307096675126902,88.84193129629635,48.97656111111111,3.6584985925925895,13.374489500000005,13.506913499999998,0.7255988661016951,92.04088157894736,69.39855759259257,36.565411111111125,24367.79222407406,57.89303596774195,0.437998064516129,,78.16625238095236,76.53775258064518,78.00592018518518,106.6748559659091,74.06628596774189,,26.92243515625,,,13.662520891364906,48.83382631578945,,,,38.91464777777777,99.05346551724138,102.10655429447849,64.47422645161288,,82.94,,90.02902499999999,57.31487777777778,,94.70481333333332,0.7068165235602093,261.92613261648745,,167.8599193548387,,28.72663548387095,101.02530327868853,,9.851135897435896,15.023105263157888,625.5899999999999,5551.747684210526,66.612,0.6039965292682924,18.143944999999995,,0.7710908483965015,101.74549999999994,0.5427138333333332,8.209114344262296,71.02094594594594,,70.52613749999999,,33.231338383838384,64.96086597222224,985.3499575268818,103.63131367924528,0.9487477696335076,,,MHL,2014
268,,,66.01231290322582,,683.6800000000001,,,19.980018333333323,1.06894801075269,,,6.640627777777768,,,,10.70837741935484,89.27809354838706,,,46.63060789473684,,,,,,,,,,,,,29.334642105263125,42.36425526315789,10.949129032258046,56.53375266666667,,,0.1434376842105263,,,,,84.06251391304343,103.95637419354829,,,37.25259892473119,0.8524785810810813,,,,,0.6268774193548399,,,17.81852105263158,,,,,,,,,89.43725526315785,,,,,604.3025080645159,,109.579075,,,634.85,15.102076344086012,,,,,,,,,,,,,,,,,,,,,,,,,,46.44582631578948,,,,,116.45346551724136,,,,90.88,,131.909025,,,99.51681333333332,,,,80.4599193548387,,28.26163548387096,,,,11.72810526315789,633.87,4149.007684210526,,,,,,93.84849999999992,,,,,,,,,859.7559575268818,,,,,MUS,2014
279,0.7409475772594752,12.486473376623389,53.3323129032258,36.62167051886792,681.24,3.806468777777777,4.641467258064514,17.804018333333328,1.0909480107526863,32.2362195054945,32.11690675675675,6.925627777777767,101.13765079365076,225.0126223443222,11.110306277056276,11.213377419354837,88.89709354838703,36.54897659574466,25.012055158730146,79.97960789473689,0.4378279032258059,38.00367161290321,315.75204838709664,95.3174282051282,50.468818749999976,4558.310238170345,82.65007328767122,52.62442260061919,73.19265346534652,61.489010555555545,8.465938243243242,177.17451792114696,48.86564210526313,45.70225526315792,19.598129032258043,57.21035266666669,23.689590567484657,88.19514727272721,0.2622376842105263,1.0150412012012011,0.7372609293193715,50.37824736842108,20.770399999999995,140.31551391304345,94.33937419354837,81.2804548387097,16.838606802721078,25.273598924731186,0.962198581081082,23139.370124074056,48.44805080645156,20.245731439393936,29.083943225806443,0.5488774193548398,12.061253008595989,0.4137083333333334,28.207521052631584,19.877544087837844,71.62465425925926,0.5773071,108.9340168209876,76.12161999999998,64.312165,42.18201156156155,112.85409685863874,67.06425526315786,3.921602592592593,14.495764516129023,33.41460851851852,36.683986818181815,819.527508064516,111.85840880952388,70.36907500000001,60.029495161290285,30.83098661016949,637.0,11.75607634408602,18.35962727272727,0.6855396675126901,89.05393129629631,51.95056111111112,3.69779859259259,13.991489500000004,14.0859135,0.6752588661016948,84.96788157894736,71.76555759259257,36.95541111111113,23271.01222407406,72.93903596774194,0.435998064516129,118.9745968468469,82.40425238095236,76.95475258064518,83.02892018518516,121.5198559659091,72.35228596774195,20338.612425675663,24.74143515625,541.2261546546546,14.08707289156626,13.165520891364904,44.09382631578946,43.99057147147147,56.00855374999987,34.82316852791877,34.694647777777774,100.33346551724138,100.78455429447854,66.1822264516129,27.38889527027029,81.53,42.83522135135135,95.189025,60.90287777777775,13.789633783783778,94.18381333333332,0.7113765235602095,277.97613261648746,7.8125590090090045,170.1899193548387,26.96720904109589,26.38163548387096,99.52530327868853,410.2871971830984,9.440135897435896,16.31010526315789,627.6600000000001,5271.677684210526,82.572,0.5023765292682927,18.497945,0.8386034714285715,0.7287308483965016,99.04949999999994,0.5757138333333335,8.21811434426229,76.46094594594594,0.7533302554054057,71.90113749999999,77.27798228571429,30.64133838383838,69.17986597222222,960.659957526882,110.47131367924528,0.939917769633508,23223.47136666665,99.27845482625486,FSM,2014
290,0.7975375772594752,11.60447337662338,54.2203129032258,29.832670518867918,681.24,3.664968777777777,4.635467258064514,19.91101833333333,1.089948010752687,37.59121950549451,,6.081627777777768,102.47365079365072,,11.547306277056276,9.223377419354836,85.87709354838708,,16.950055158730148,69.94760789473683,0.4458279032258059,43.15367161290323,361.25204838709664,,,4590.140238170345,94.48907328767126,,68.45265346534651,64.39501055555556,,171.98451792114696,45.78164210526313,44.73125526315791,17.36112903225804,50.95725266666668,,,0.2275276842105263,,0.7499609293193719,45.644247368421055,15.261399999999991,111.39951391304344,100.9173741935483,83.73845483870967,,24.61259892473121,0.9564085810810818,30603.60012407406,4.97205080645162,17.828731439393934,29.20594322580644,0.5568774193548398,8.423253008595983,0.4128083333333335,28.98052105263158,,71.45965425925928,0.5974971000000002,110.66101682098764,86.73262000000003,56.88616499999998,,117.35409685863874,70.13725526315784,3.928602592592593,13.310764516129025,30.694608518518525,28.90998681818182,786.8995080645157,111.39340880952383,78.859075,64.9464951612903,28.72898661016949,643.45,13.498076344086016,25.866627272727257,0.6822696675126902,89.3319312962963,40.95056111111112,3.74839859259259,,,0.7239888661016954,111.33888157894737,65.66455759259259,39.21341111111112,39763.07222407406,73.31603596774194,0.4899980645161289,109.81459684684694,84.88525238095238,73.42175258064512,76.97492018518514,,78.73728596774191,,27.08643515625,,,,48.57382631578945,,,39.185168527918776,34.77664777777778,112.17346551724135,102.13155429447856,68.21822645161288,,83.12,43.92722135135134,108.349025,71.85687777777774,,93.85681333333332,0.7306565235602098,251.96613261648744,,161.3599193548387,,27.243635483870957,102.60530327868852,,9.175135897435895,15.45210526315789,627.6600000000001,4890.457684210527,79.012,0.6643865292682928,17.593945,0.8411734714285717,0.7564708483965017,100.64949999999996,0.647633833333333,8.111114344262297,75.54094594594594,,73.3761375,77.7619822857143,,64.85486597222224,971.042957526882,,0.9729277696335076,,,NRU,2014
301,,11.738473376623377,69.4783129032258,,671.48,3.543468777777777,4.640467258064514,17.681018333333334,1.0765480107526884,35.906219505494505,,6.354627777777767,108.26165079365084,,10.996306277056274,9.628377419354836,86.6480935483871,,25.00605515873015,58.42160789473684,0.504827903225806,35.07567161290322,334.74204838709665,,52.26881874999998,,,63.34842260061919,89.11265346534651,54.60601055555552,,161.51451792114696,29.84664210526312,43.470255263157895,15.287129032258044,55.710852666666696,,,0.1461976842105262,,0.7844009293193721,,13.068399999999992,85.32551391304342,101.27937419354828,61.86045483870966,,27.31659892473118,0.9347285810810816,27071.99012407406,48.90205080645158,,27.29794322580644,0.5148774193548398,,0.4102083333333334,19.54452105263158,,74.04965425925926,0.6772871000000003,,95.83162000000002,65.32316499999999,,,84.17025526315787,3.621602592592591,14.397764516129024,35.83660851851852,25.010986818181816,746.8915080645156,131.54340880952395,77.519075,60.03349516129029,23.123986610169496,652.05,17.236076344086015,19.333627272727263,0.6701396675126905,89.96293129629628,36.76156111111111,3.660298592592589,,,0.7849888661016948,,68.90055759259256,34.41941111111112,32673.23222407406,81.51103596774192,0.4099980645161289,,93.79425238095234,79.41975258064517,42.79492018518518,129.15585596590913,79.69828596774192,,27.35343515625,,,,47.16482631578944,,,,41.406647777777785,114.35346551724136,,41.971226451612885,,84.18,,98.859025,74.16887777777775,,95.62081333333332,0.7782665235602096,240.93613261648744,,139.0699193548387,,26.29463548387096,106.52530327868853,,9.418135897435896,11.755105263157889,638.01,4285.727684210527,112.082,,18.265945,,,97.49049999999994,,7.101114344262294,101.53094594594594,,75.0241375,,29.621338383838385,68.02086597222223,915.1139575268816,,0.9936277696335076,,,PLW,2014
312,,,54.5963129032258,,676.36,,,19.097018333333327,1.105248010752687,35.364219505494496,,7.3626277777777664,70.93465079365076,192.43462234432224,,10.966377419354838,89.48909354838707,,27.668055158730148,88.78260789473694,,44.99567161290322,,63.8774282051282,,,,,67.10265346534652,,,,68.60464210526312,51.37525526315788,26.834129032258037,57.8984526666667,,,0.3384476842105263,,0.678900929319372,50.49924736842107,,,94.3883741935484,99.51445483870975,,24.03159892473119,0.9427285810810816,,49.78105080645157,,41.19894322580646,0.4798774193548398,,0.3212083333333334,36.555521052631576,,,0.4236171000000002,,64.90462,,,88.01409685863874,44.75025526315787,,,,34.52498681818182,798.2015080645158,,74.329075,81.88049516129033,,649.9,16.164076344086016,22.92962727272725,,,,,11.729489500000003,13.746913499999998,,79.97988157894727,,37.09341111111112,,,,,72.12525238095239,,,,,,,,,,48.49082631578944,,,32.13516852791878,,72.85346551724137,64.13855429447852,,,84.52000000000001,42.58222135135135,107.549025,,,94.22281333333332,0.6094065235602094,,,199.27991935483868,,25.75363548387097,100.76530327868852,,,32.75510526315789,621.45,7565.077684210526,79.192,,,,,98.73349999999994,0.5039238333333333,5.016114344262295,78.48094594594593,,64.55913749999998,,40.54133838383839,,978.5719575268818,119.35131367924528,0.907847769633508,,,PNG,2014
323,,11.839473376623385,63.50431290322581,23.650670518867905,683.6800000000001,,,17.99101833333333,1.099848010752687,35.08021950549451,,6.344627777777768,105.84365079365078,,12.665306277056285,9.434377419354837,83.16309354838708,,28.026055158730152,53.18960789473684,,42.9106716129032,,,,,,,66.62265346534652,,,,38.771642105263126,42.90825526315788,12.315129032258046,56.183852666666695,,,0.1688776842105263,,0.763680929319372,49.00924736842104,,91.18951391304344,,55.66445483870966,,23.568598924731184,0.9752885810810816,,21.272050806451624,,27.31394322580644,0.6318774193548399,,0.4220083333333334,20.521521052631577,,,0.6362271000000003,,82.16062000000001,47.406165,,,65.67025526315786,4.0456025925925925,,,,655.8155080645162,,,51.94449516129029,,645.6,4.816076344086032,20.106627272727263,,,,,,,,93.86288157894732,,,,,,,87.88725238095236,,,,,,,,,,45.287826315789474,,,42.26116852791876,,107.36346551724137,,,,92.54,42.78822135135135,,,,95.69281333333332,0.8052665235602094,,,134.4399193548387,,25.175635483870952,,,,18.85710526315789,633.87,4427.367684210527,63.172,0.702796529268293,,,,100.98749999999994,0.6819638333333329,7.752114344262296,59.02094594594594,,,,34.99133838383838,,944.322957526882,,0.9677177696335072,,,WSM,2014
334,,,59.47331290322582,,681.24,,,19.950018333333333,1.0647480107526883,32.4852195054945,,6.359627777777767,98.72065079365083,218.1736223443221,,10.057377419354838,79.9920935483871,,22.156055158730144,75.84260789473686,,,,,56.64081874999998,4537.040238170344,,,,,,,59.39064210526314,47.51725526315792,20.29912903225804,57.104252666666696,,,0.2888776842105262,,,,,,,80.67345483870967,,21.066598924731164,0.990558581081082,,-63.538949193548405,,,0.5038774193548398,,0.4197083333333333,31.605521052631573,,,,,65.64562000000001,81.74616499999998,,,62.37125526315785,3.710602592592591,,,28.028986818181806,789.7525080645162,,86.219075,73.92249516129034,,630.55,11.393076344086015,19.29162727272727,,,,,,,,74.69188157894735,,,,,,,75.11525238095237,,,119.97385596590912,,,,,,,49.35982631578945,,,39.78216852791877,,117.93346551724136,,,,84.33000000000001,40.11122135135135,98.229025,,,83.32781333333331,,,,170.65991935483868,,24.19363548387096,,,8.160135897435895,18.47610526315789,629.73,4712.627684210526,73.392,,,,,98.13049999999993,,,69.60094594594594,,,,,,852.7659575268814,,,,,STP,2014
345,,12.574473376623375,62.80031290322579,27.54767051886792,678.8,3.8948687777777766,,17.898018333333333,1.0811480107526892,,,6.107627777777767,105.69165079365068,,11.497306277056277,9.156377419354836,85.82509354838703,,26.96705515873015,49.69260789473685,,35.73267161290321,,,,,87.29207328767126,,,57.14501055555553,,,27.59464210526313,41.68925526315786,10.842129032258043,53.92165266666668,,,0.1402676842105263,,0.8281109293193711,47.21624736842105,,87.12451391304343,104.65137419354828,52.87945483870967,,35.36659892473121,0.9107185810810816,25235.230124074056,,,27.119943225806445,0.6468774193548399,,0.5495083333333334,15.685521052631584,,77.62465425925927,0.7061771000000006,,95.92262000000002,53.036165,,,102.67425526315787,4.024602592592593,,31.931608518518527,20.63098681818182,675.5175080645159,106.2674088095238,105.459075,42.9424951612903,,634.85,14.229076344086018,,0.6528596675126903,93.43893129629636,33.051561111111106,3.591898592592588,,,,,69.49255759259256,34.77241111111112,34641.80222407406,,,106.79059684684688,101.42325238095228,,39.60492018518518,,,,30.97343515625,,,,49.21582631578946,,,,33.35064777777778,118.27346551724138,108.92955429447848,,,79.7,50.49122135135136,107.279025,79.34887777777774,,100.01381333333332,0.8341865235602096,,,91.18991935483872,,27.26663548387096,,,8.059135897435896,11.634105263157888,633.87,4167.667684210526,127.082,0.6979065292682927,21.484945,,,90.90349999999997,0.7500838333333335,,124.84094594594592,,76.16213749999997,,,67.66786597222226,933.718957526882,,0.9919077696335072,,,SYC,2014
356,,,63.350312903225785,29.66967051886791,752.0,,,27.60001833333331,1.0939480107526862,,,7.105627777777767,,,,12.189377419354832,85.78309354838709,18.465976595744674,,42.81060789473685,,29.102671612903222,,122.5274282051282,71.46781874999996,,,,122.06265346534651,,,,30.489642105263123,41.20525526315786,10.958129032258045,68.08715266666673,16.747790567484657,,0.1483076842105262,,,46.14524736842104,,112.39251391304344,106.18637419354836,52.1114548387097,,41.89459892473117,0.9283585810810816,,80.55305080645157,,22.22394322580643,,,,15.656521052631582,,,0.8555771000000014,,,,,125.17409685863872,93.76525526315784,,,,18.422986818181812,493.904508064516,,,43.22949516129031,,690.75,31.95407634408601,14.618627272727265,,,,,,,,,,32.9834111111111,,,,,,,,137.71985596590912,,,42.73443515625,,,,37.99582631578947,,,,,105.21346551724136,,,,101.52,,,,,151.99081333333322,,,,70.8199193548387,,25.91463548387097,110.92530327868852,,11.180135897435896,12.826105263157888,695.97,4689.947684210527,122.652,0.8043365292682931,,,,121.71250000000006,0.899593833333333,5.535114344262295,117.75094594594594,,84.19613750000002,,22.841338383838384,,518.2749575268818,114.45131367924527,,,,SGP,2014
367,0.8019575772594751,12.29347337662338,68.77831290322582,24.42567051886792,683.6800000000001,3.666668777777776,4.703467258064514,18.053018333333327,1.0751480107526892,47.4472195054945,21.35690675675675,6.224627777777767,109.10365079365076,199.38862234432236,10.889306277056274,9.114377419354836,81.08809354838708,17.469976595744672,18.951055158730146,47.56260789473684,0.4418279032258059,34.46767161290322,280.50204838709664,113.5074282051282,51.48481874999998,4847.720238170345,96.52907328767132,80.92442260061921,84.04265346534652,59.893010555555534,8.235938243243242,155.81451792114694,27.258642105263128,41.86225526315786,11.156129032258043,55.916452666666686,15.110090567484656,202.1441472727272,0.1388376842105263,0.7029612012012011,0.8520009293193715,44.60924736842105,12.850399999999992,92.17651391304344,103.66837419354832,59.28345483870969,10.30260680272108,36.077598924731205,0.9734785810810812,32501.400124074054,55.32305080645156,21.835731439393932,25.914943225806454,0.5048774193548398,10.959253008595988,0.5743083333333333,15.593521052631584,15.188544087837837,77.60465425925929,0.7144271000000003,124.87501682098768,93.69262000000006,46.47916499999999,27.322011561561556,133.97409685863877,99.25525526315788,4.141602592592593,18.314764516129024,37.61460851851853,29.66898681818183,693.2495080645158,118.95840880952376,99.379075,43.26449516129029,19.893986610169485,662.8,18.29007634408601,18.35462727272727,0.6486296675126904,92.42293129629635,27.578561111111103,3.2214985925925887,15.486489500000005,14.79091349999999,0.8426688661016952,98.98788157894737,74.39155759259252,33.25041111111112,35101.62222407406,88.44603596774195,0.4719980645161289,111.5455968468468,99.58125238095232,81.40875258064517,41.29992018518517,153.6058559659091,78.73928596774195,31906.55242567566,28.025435156249998,277.8401546546546,21.857072891566258,15.059520891364905,46.65782631578947,21.41357147147149,58.86755374999987,36.98316852791877,45.724647777777776,113.81346551724135,109.37255429447848,39.2142264516129,51.94589527027027,86.16000000000001,42.13622135135135,127.919025,81.31187777777774,12.05963378378378,89.6918133333333,0.8388965235602092,173.57613261648746,10.253559009009006,85.01991935483869,43.561209041095886,36.92663548387097,98.90530327868852,763.9771971830985,9.880135897435895,11.633105263157889,656.64,4150.117684210527,129.052,0.7419665292682929,21.803945,0.9224034714285716,0.8792208483965022,97.55449999999992,0.7103938333333331,7.416114344262295,124.97094594594594,0.8491402554054053,84.86813749999999,79.10698228571428,24.72133838383838,71.15786597222225,848.2689575268822,115.32131367924528,1.003767769633508,42481.95136666665,92.57245482625484,SXM,2014
378,,9.601473376623373,52.0963129032258,,681.24,,,18.52701833333333,1.0956480107526858,31.101219505494505,,6.468627777777767,73.80165079365077,,6.454306277056277,10.659377419354833,81.46209354838706,,23.954055158730142,77.8886078947369,,,,72.7874282051282,48.26281874999998,,55.57207328767123,,57.63265346534652,,,,60.19064210526315,50.50625526315789,21.64712903225805,54.139152666666696,,,0.2933276842105262,,0.6888709293193715,,,,96.9823741935483,85.89745483870969,,22.28159892473117,0.942158581081082,,13.517050806451586,,,0.4808774193548397,,0.4101083333333335,31.79252105263157,,,,,71.20061999999999,,,,57.86125526315786,3.984602592592593,,,,833.1105080645159,81.50340880952378,73.789075,70.91249516129034,,637.0,13.816076344086014,20.190627272727266,0.6993596675126903,,,,,,,65.82788157894731,,45.77141111111108,,,,91.64959684684683,72.60325238095237,,,113.8348559659091,,,,,,,42.99582631578946,,,38.045168527918776,,92.89346551724137,92.01055429447842,,,81.19,47.02522135135135,103.239025,,,86.31681333333331,0.6828465235602094,,,186.60991935483872,,24.89063548387095,97.53530327868852,,,25.573105263157885,648.36,4638.737684210527,83.192,,,,,98.97249999999994,,8.097114344262287,40.16094594594594,,69.7261375,,,,960.3239575268824,,0.9297277696335078,,,SLB,2014
389,,12.56347337662338,72.07331290322584,25.81967051886792,681.24,3.931168777777777,4.6844672580645135,18.220018333333336,1.071848010752689,57.70121950549451,,6.212627777777768,109.1256507936508,,11.368306277056275,8.809377419354837,88.47109354838707,17.931976595744672,21.513055158730147,45.530607894736846,0.4378279032258059,32.51967161290321,277.68204838709664,,56.672818749999976,,81.02207328767125,,,62.79801055555553,,151.49451792114695,27.37364210526313,41.848255263157874,12.658129032258044,54.927152666666686,,,0.1390476842105263,,0.8477509293193717,44.95724736842105,13.007399999999992,94.34651391304342,102.76137419354828,62.74145483870967,,34.44359892473118,0.938578581081081,27476.58012407406,,22.79073143939393,25.64094322580644,0.5238774193548397,,0.6113083333333332,16.78252105263158,,76.16965425925927,0.7052871000000003,,85.49762000000004,42.84116499999999,,,107.6282552631579,4.063602592592592,18.484764516129022,30.63860851851852,,655.4285080645157,89.73040880952377,94.449075,46.19449516129031,20.031986610169483,645.6,15.671076344086014,21.60062727272726,0.6425396675126904,92.66793129629636,30.1445611111111,3.406498592592589,,,0.8268788661016949,98.06188157894736,66.85455759259257,33.85641111111112,37464.15222407406,80.82203596774195,0.4089980645161289,109.93559684684682,108.8672523809523,81.29075258064513,45.58292018518519,157.6218559659091,79.0262859677419,,31.76843515625,,,,43.39982631578947,,,,45.61064777777777,112.36346551724137,,40.36322645161289,,108.37,,112.209025,85.30987777777776,,118.20281333333337,0.8371865235602093,218.44613261648743,,87.8199193548387,,22.33763548387096,,,,11.813105263157889,650.4300000000001,4146.867684210527,117.632,0.7213665292682931,25.124945000000004,,,92.11549999999994,0.710983833333333,6.194114344262294,125.62094594594592,,83.11713750000001,,,69.22786597222223,881.6009575268814,,0.9945977696335075,,,KNA,2014
400,,11.563473376623378,71.04731290322584,34.86667051886793,676.36,,,17.70901833333333,1.0597480107526889,53.500219505494506,,6.443627777777768,108.9406507936508,178.6376223443222,11.043306277056276,8.225377419354835,87.89909354838707,,23.912055158730148,59.09660789473684,,34.922671612903216,,,60.541818749999976,,85.92707328767128,,,,,,27.778642105263128,43.14325526315787,11.310129032258043,48.23975266666668,,,0.1405176842105263,,0.8084209293193716,49.46624736842108,,90.51651391304344,104.32637419354828,71.45645483870966,,33.309598924731176,0.9349885810810812,,9.638050806451645,20.261731439393937,26.96894322580645,0.5868774193548398,,0.4680083333333333,17.91852105263158,,,0.6652371,,87.96562000000004,43.64816499999999,,,90.78625526315788,4.006602592592592,,,,700.7155080645157,80.19540880952381,99.239075,42.87249516129029,,637.0,12.424076344086016,21.247627272727257,0.6701096675126903,,,,,,,93.29688157894734,,35.63041111111112,,,,96.0205968468468,99.52925238095231,,,143.4698559659091,,,,,,,39.07282631578947,,,42.87416852791878,,113.37346551724136,,,,90.89,37.98822135135134,110.759025,,,87.91681333333331,0.7995965235602098,,,87.27991935483871,,20.03663548387096,,,12.614135897435894,11.75110526315789,648.36,4178.597684210527,131.442,0.6276565292682929,,,,93.90049999999994,0.726533833333333,7.687114344262297,125.70094594594592,,86.7721375,,,,908.822957526882,,0.9999477696335082,,,VCT,2014
411,,,66.64931290322583,,681.24,,,16.561018333333333,1.0627480107526888,,,6.265627777777768,108.2656507936508,184.78462234432223,,8.645377419354835,80.79609354838706,,23.00005515873015,54.82260789473684,,,,,,,,,,,,,27.47664210526313,42.58625526315786,10.943129032258046,51.26105266666668,,,0.1389776842105263,,,,,89.01251391304342,104.17737419354826,47.14445483870968,,34.76859892473121,0.9811685810810812,,,19.553731439393932,,0.5058774193548397,,0.5784083333333334,16.89352105263158,,,,,87.31662000000003,43.28816499999999,,,107.15825526315788,4.067602592592593,,,23.23598681818181,646.5615080645161,,99.919075,49.27149516129028,,643.45,17.689076344086015,22.874627272727267,,,,,,,,70.72288157894735,,33.50441111111112,,,,,99.8042523809523,,,,,,,,,,37.54782631578948,,,34.42216852791877,,115.43346551724136,,,,91.54,37.99622135135134,132.069025,,,88.65881333333331,,,,82.0099193548387,,25.68563548387096,107.76530327868852,,10.7781358974359,11.82810526315789,652.5,4691.977684210527,133.012,,,,,92.06649999999992,,,125.40094594594594,,83.78813749999999,,,,824.8929575268817,118.55131367924528,,,,LCA,2014
422,,,63.90531290322584,,676.36,,,17.224018333333333,1.0975480107526874,,,6.9876277777777664,103.53165079365068,207.2746223443223,,17.169377419354824,82.07809354838709,,29.923055158730143,68.05260789473688,,,,,,,,,67.33265346534651,,,,29.609642105263124,43.01425526315791,13.115129032258045,61.66825266666671,,,0.1467476842105263,,,,,,98.45937419354829,64.52445483870967,,30.321598924731195,1.0706585810810814,,-6.269949193548399,,,0.4968774193548397,,,21.09252105263158,,,,,86.19362000000001,,,,59.88425526315787,,,,,690.6245080645162,,79.159075,68.40849516129028,,652.05,15.162076344086016,19.712627272727268,,,,,,,,,,36.09941111111112,,,,,,,,,,,29.70843515625,,,,56.4748263157895,,,47.790168527918766,,93.82346551724136,102.26055429447852,,,83.09,47.51222135135136,103.239025,,,97.92181333333332,,,,104.1099193548387,,54.33663548387093,,518.0471971830984,8.164135897435896,11.814105263157888,623.52,4267.727684210527,129.552,,,,,95.19749999999992,,7.438114344262293,121.69094594594594,,77.35113749999996,,,,916.7949575268814,,,,,SUR,2014
433,,,52.5913129032258,,678.8,,,20.14801833333333,1.076148010752687,30.63921950549451,,6.658627777777768,75.86265079365081,,,12.085377419354836,82.11709354838709,,8.79905515873015,73.91460789473686,,,,,51.73881874999998,,57.64007328767125,,58.242653465346514,,,,66.62364210526319,51.42925526315789,22.826129032258045,57.8624526666667,,,0.3244676842105263,,,,37.69939999999998,,95.0963741935482,83.43245483870965,,22.184598924731198,0.9778085810810816,,-50.09694919354834,,,0.5658774193548399,,0.3884083333333333,37.81452105263158,,,,,71.63561999999996,,,,61.15125526315785,3.805602592592592,,,,767.0725080645163,50.10340880952381,86.229075,68.00549516129028,,643.45,12.367076344086014,,0.6869896675126905,,,,,,,71.68488157894735,,42.13341111111112,,,,108.39359684684682,80.86725238095235,,,149.2208559659091,,,,,,,45.86782631578945,,,,,96.43346551724136,73.71355429447848,,,82.79,,99.509025,,,93.31981333333331,,,,186.91991935483875,,24.794635483870955,105.29530327868852,353.39719718309846,,21.73610526315789,633.87,7173.207684210527,63.812,,,,,98.03449999999994,,,61.15094594594594,,62.27713749999999,,36.70133838383838,,859.1759575268815,,,,,TLS,2014
444,,,65.63831290322582,,686.12,,,20.09101833333333,1.06944801075269,,,6.271627777777768,107.88965079365072,197.2256223443223,,11.455377419354834,81.6840935483871,16.694976595744674,31.861055158730142,49.72460789473685,,,,114.6774282051282,,,,,85.27265346534651,,,,27.318642105263127,41.85025526315786,10.844129032258046,57.8630526666667,,,0.1384776842105263,,,,,138.02151391304346,104.02537419354842,69.33645483870968,,36.60159892473124,0.9380185810810812,,68.26005080645157,,,,,,16.79352105263158,,,,,95.98161999999996,,,126.99409685863873,93.22025526315784,3.862602592592592,,,26.264986818181825,704.0695080645155,,102.029075,67.10549516129025,,652.05,17.735076344086014,31.44562727272726,,,,,,,,,,34.1604111111111,,,,,,,,,,,37.46343515625,,,,47.71082631578948,,,37.17716852791878,,115.23346551724136,,,,81.33000000000001,39.736221351351375,109.579025,,,107.88081333333332,,,,85.0099193548387,,33.247635483870965,108.63530327868853,,8.078135897435896,11.623105263157887,640.0799999999999,4198.757684210526,116.482,,,,,93.35950000000004,,6.638114344262293,120.53094594594594,,82.58513750000004,,27.451338383838383,,892.1259575268817,115.50131367924529,,,,TTO,2014
455,,,59.86931290322581,26.94967051886791,686.12,,,17.76501833333333,1.0833480107526867,30.4902195054945,,5.983627777777767,108.09765079365064,,,9.885377419354835,81.6100935483871,,26.56405515873016,63.50960789473683,,38.14467161290322,,,,,,,76.58265346534651,,,,36.744642105263125,44.0912552631579,13.286129032258044,52.05535266666668,,,0.1759176842105263,,,49.55324736842104,,114.56151391304346,104.34937419354831,69.87145483870964,16.28760680272108,24.420598924731213,0.953338581081081,,2.6960508064516238,,27.81894322580644,0.4958774193548398,,0.5167083333333331,23.701521052631577,,,0.6383371000000002,,81.05262000000003,64.66516499999997,,,71.74325526315783,3.974602592592592,,,28.115986818181817,683.4715080645158,,76.759075,75.64249516129031,,639.15,2.342076344086008,21.671627272727264,,,,,,,,94.59188157894737,,35.90241111111112,,,,,76.64125238095235,,,,,,,,,,52.584826315789456,,,47.441168527918784,,114.12346551724136,103.36255429447851,,,83.82000000000001,43.106221351351365,98.919025,,,103.21581333333332,,,,142.79991935483872,,24.116635483870965,103.86530327868851,,,13.714105263157888,623.52,4337.667684210526,70.392,0.7210965292682925,,,,100.27549999999994,0.6986638333333329,6.845114344262291,68.53094594594594,,70.08013749999996,,,,994.570957526882,,,,,TON,2014
466,0.7915775772594751,11.809473376623384,61.47931290322581,,681.24,3.4868687777777767,4.630467258064514,19.17001833333333,1.092448010752687,45.539219505494486,,5.948627777777768,107.31365079365072,225.77662234432225,8.860306277056274,11.04637741935484,89.6250935483871,,25.635055158730157,74.36160789473686,0.4458279032258059,42.12967161290321,327.7220483870966,,48.410818749999976,,88.96007328767124,,71.34265346534652,63.31201055555556,,182.52451792114692,44.71364210526313,44.640255263157904,16.04412903225804,51.13295266666668,,,0.2344576842105263,,0.7627609293193716,51.226247368421085,14.098399999999994,131.06251391304346,102.1293741935483,79.59745483870968,23.29160680272108,24.7865989247312,0.9152385810810812,24285.92012407406,30.83705080645156,,31.275943225806444,0.5438774193548397,11.245253008595991,0.4064083333333334,25.770521052631587,,72.61065425925925,0.6208771000000002,,93.14262000000004,74.29316499999999,,,66.90425526315785,3.914602592592592,14.669764516129025,35.36560851851852,,784.7645080645154,125.38540880952384,74.529075,61.90849516129029,30.698986610169484,639.15,10.964076344086012,17.805627272727264,0.6652996675126901,87.24893129629633,45.6705611111111,3.7408985925925897,14.193489499999997,13.706913499999995,0.7053988661016952,96.44588157894736,74.11255759259255,34.07741111111111,27373.072224074054,65.52003596774193,0.4099980645161289,115.59459684684688,75.63125238095235,78.65475258064515,70.20992018518521,116.8608559659091,76.81128596774191,,27.74543515625,,,,49.04482631578946,,,39.68116852791877,31.413647777777783,110.73346551724136,104.48855429447852,67.6642264516129,,81.97,41.33822135135135,,62.04187777777774,,97.18481333333332,0.7476265235602096,261.49613261648744,,155.92991935483872,,31.88763548387095,96.99530327868852,,9.067135897435897,13.707105263157889,625.5899999999999,4662.107684210527,76.46199999999999,0.6454665292682926,19.770945,0.8202034714285713,0.7954408483965016,96.78949999999996,0.6026638333333337,8.138114344262295,71.97094594594594,,72.49413750000001,78.2589822857143,26.991338383838382,68.71886597222225,984.1029575268816,,0.9804677696335076,,,TUV,2014
477,0.8043275772594749,12.184473376623377,72.39331290322583,28.991670518867927,678.8,3.441368777777777,4.798467258064514,18.24101833333333,1.073348010752689,53.99121950549451,22.42690675675675,6.108627777777768,109.2596507936508,191.88162234432232,10.863306277056274,8.659377419354836,80.38809354838708,17.430976595744674,21.78505515873015,52.10860789473684,0.4458279032258059,31.61167161290323,279.66204838709666,104.6274282051282,55.38081874999998,4770.910238170344,95.9190732876713,78.61042260061919,92.67265346534651,62.28701055555553,8.140938243243243,164.85451792114696,27.295642105263127,42.52125526315786,11.178129032258044,54.30645266666669,13.716790567484658,166.06414727272724,0.1380776842105263,0.7626312012012013,0.8573109293193715,46.53424736842106,12.962399999999992,94.48651391304344,102.48637419354831,64.21645483870967,6.672606802721075,34.422598924731176,0.9090785810810812,31104.74012407406,-62.02294919354847,20.32273143939393,25.799943225806445,0.4858774193548397,10.138253008595992,0.6021083333333331,15.595521052631582,11.94354408783784,78.68765425925925,0.6834571000000003,123.67001682098764,89.29362000000006,47.45316499999999,30.96301156156156,141.88409685863874,101.3872552631579,3.918602592592592,17.86776451612902,43.62860851851852,26.97698681818182,673.6295080645159,102.5954088095238,97.579075,43.0734951612903,19.519986610169475,654.2,16.260076344086016,18.246627272727267,0.6586096675126902,94.42593129629633,28.373561111111105,3.232298592592589,15.5534895,14.901913499999994,0.8279188661016947,113.77288157894736,75.76055759259253,33.64141111111111,35238.15222407406,85.14403596774196,0.4089980645161289,109.3065968468468,101.1412523809523,82.69875258064512,41.86992018518518,138.2018559659091,79.42528596774193,34161.182425675666,30.22143515625,265.6601546546546,22.971072891566266,15.0325208913649,44.15282631578948,23.89657147147149,56.63055374999987,47.63316852791876,47.712647777777775,117.40346551724136,109.42355429447852,37.08322645161292,60.8268952702703,85.65,40.17322135135135,123.899025,81.51987777777778,11.49963378378378,91.79081333333332,0.818546523560209,179.63613261648743,11.023559009009002,83.4199193548387,42.723209041095885,31.65163548387096,101.88530327868853,740.8671971830984,9.780135897435894,11.634105263157888,644.22,4154.147684210527,123.972,0.7246365292682928,24.33494500000001,0.9033534714285714,0.8700408483965018,99.62449999999993,0.7160638333333331,7.528114344262295,125.05094594594594,0.8511302554054053,82.02813749999999,79.02598228571428,26.53133838383838,70.26186597222221,839.6099575268821,117.71131367924528,1.0030377696335078,41402.811366666654,88.32145482625484,TCA,2014
488,,9.555473376623372,57.567312903225805,,676.36,,,19.75701833333333,1.0915480107526858,31.584219505494502,,6.063627777777767,,,7.133306277056278,10.092377419354833,82.61209354838707,,,74.56160789473687,,,,77.0574282051282,45.75981874999998,,55.659073287671234,,62.26265346534652,,,,50.05964210526315,47.26825526315792,21.470129032258043,57.35345266666669,,,0.2600476842105263,,0.7517809293193716,,,,92.55337419354836,80.17045483870967,,23.43659892473118,0.9535785810810812,,-72.4849491935484,,,0.5538774193548398,,0.3976083333333334,33.63652105263157,,,,,71.50362000000001,70.79416499999996,,133.00409685863875,65.30825526315785,3.871602592592592,,,33.88798681818183,788.998508064517,61.59540880952381,,67.6904951612903,,637.0,15.434076344086016,20.628627272727268,0.7139296675126905,,,,,,,65.19888157894731,,40.00741111111111,,,,91.79259684684686,72.66825238095237,,,114.1308559659091,,,,,,,41.75882631578946,,,,,106.95346551724136,97.10755429447843,,,80.37,,99.409025,,,95.81081333333331,0.7038965235602097,,,180.0599193548387,,24.12663548387096,93.38530327868853,,,28.04410526315789,640.0799999999999,5600.097684210527,89.84199999999998,,,,,98.58149999999996,,,48.14094594594594,,74.96113749999999,,33.19133838383838,,993.2409575268824,126.50131367924529,0.947537769633508,,,VUT,2014
499,0.7872175772594752,12.793473376623382,68.28831290322583,26.491670518867917,681.24,3.4948687777777767,4.843467258064514,18.02901833333333,1.0794480107526885,40.6952195054945,21.64690675675675,6.111627777777767,109.07665079365076,207.99262234432229,11.485306277056274,8.896377419354836,80.9770935483871,17.44897659574467,22.164055158730147,44.45960789473685,0.4458279032258059,32.834671612903215,283.4620483870966,111.2374282051282,58.971818749999976,5206.970238170345,81.48007328767126,73.20442260061917,86.77265346534651,58.26401055555554,9.342938243243244,161.77451792114695,27.18764210526313,41.80325526315787,11.021129032258044,52.92995266666668,15.039990567484656,188.2301472727272,0.1383176842105263,0.7927512012012008,0.8774009293193712,46.64824736842105,12.850399999999992,88.96951391304343,101.69037419354832,60.77045483870967,13.42660680272108,37.2485989247312,0.8871585810810811,34064.720124074054,40.43405080645158,22.632731439393936,25.81294322580645,0.4998774193548396,10.65625300859599,0.5793083333333332,15.453521052631585,13.27754408783784,78.15965425925926,0.7320971000000004,125.61001682098764,97.88562000000005,43.24216499999999,29.23701156156157,133.15409685863872,108.96025526315788,4.156602592592593,17.912764516129023,34.49760851851852,29.49598681818182,666.3515080645158,107.7834088095238,96.899075,41.027495161290304,19.283986610169485,652.05,19.01207634408601,18.311627272727268,0.6251696675126903,93.66293129629634,29.7915611111111,3.386398592592589,15.4964895,14.793913499999997,0.8435888661016953,111.00888157894737,72.06855759259255,32.95641111111111,40907.31222407406,83.28903596774194,0.426998064516129,93.78659684684682,100.7502523809523,81.87075258064516,41.46092018518517,156.5318559659091,79.55828596774188,36986.61242567566,27.65643515625,271.9701546546546,21.182072891566257,14.86952089136491,43.53382631578947,20.533571471471475,62.13755374999987,42.36416852791878,46.23064777777779,116.52346551724138,109.37655429447848,36.461226451612895,56.98189527027028,93.32,40.13122135135136,123.539025,82.8798777777778,12.20963378378378,90.23581333333333,0.8467165235602094,225.43613261648744,11.250559009009002,84.1599193548387,42.48420904109588,24.90463548387096,107.42530327868852,792.5971971830984,9.781135897435895,11.675105263157889,654.5699999999999,5193.727684210527,123.052,0.7260865292682929,23.676945000000003,0.9184234714285716,0.881080848396502,97.88949999999994,0.7594638333333328,7.2831143442622945,124.28094594594594,0.8878202554054053,82.3701375,79.82098228571431,24.46133838383838,70.8458659722222,853.2619575268817,115.85131367924528,1.0024777696335077,43023.80136666665,73.73645482625483,AIA,2014
510,0.8489675772594748,11.776473376623375,67.38931290322583,27.37167051886792,678.8,3.763668777777777,4.810467258064514,17.67201833333333,1.0801480107526888,39.2152195054945,21.18690675675675,6.399627777777767,107.30165079365074,212.71762234432225,10.95630627705627,9.058377419354835,79.89109354838706,17.798976595744673,27.92005515873015,49.72960789473686,0.5768279032258059,33.935671612903214,272.5820483870966,109.6374282051282,65.21581874999997,5760.660238170344,99.54907328767126,67.56542260061919,83.93265346534652,57.00501055555553,8.587938243243242,167.27451792114695,27.68664210526313,42.33425526315787,10.909129032258043,58.47635266666668,16.35229056748466,184.2891472727273,0.1405776842105263,0.7835312012012011,0.8158309293193715,45.34624736842105,13.002399999999994,80.42351391304342,103.18037419354827,64.92745483870968,11.550606802721076,35.115598924731216,0.9320985810810812,28832.860124074057,54.42005080645156,17.736731439393935,24.87894322580645,0.5238774193548397,10.232253008595984,0.5099083333333334,17.76252105263158,14.250544087837838,73.09765425925927,0.7034171000000002,122.4280168209876,97.39362000000006,47.25416499999999,30.24701156156155,144.49409685863873,91.30625526315788,4.308602592592593,16.83576451612902,36.73360851851852,26.27798681818182,635.8485080645161,99.02340880952384,91.669075,60.13349516129027,19.827986610169475,647.75,15.389076344086016,21.415627272727264,0.6733996675126903,91.81593129629636,30.618561111111102,3.266398592592588,16.3534895,15.156913499999993,0.8318288661016949,108.90188157894735,71.19455759259255,32.00141111111111,37334.532224074064,88.64303596774195,0.420998064516129,92.25959684684688,99.73925238095234,81.00275258064518,40.90392018518517,154.49685596590908,77.5382859677419,29653.562425675664,27.17343515625,273.2961546546546,19.19807289156626,15.211520891364906,49.98082631578947,21.64257147147148,59.388553749999865,39.786168527918775,34.35464777777778,112.78346551724135,109.31455429447848,37.14922645161291,57.30189527027028,83.11000000000001,38.95922135135135,108.399025,80.1718777777778,10.509633783783778,104.22281333333332,0.8487665235602095,188.78613261648744,9.855559009009005,81.5899193548387,35.06220904109588,23.666635483870955,107.04530327868852,726.4271971830984,9.297135897435894,11.694105263157889,640.0799999999999,4153.857684210527,122.822,0.7351065292682927,22.020945,0.9062534714285716,0.8658608483965017,97.21049999999995,0.7683838333333328,6.885114344262294,125.03094594594594,0.8857802554054055,78.15513749999998,79.10598228571426,27.981338383838384,65.4118659722222,825.5569575268817,118.75131367924529,0.9978377696335072,34211.211366666656,71.80445482625484,COK,2014
521,0.8189175772594751,12.048473376623376,70.64231290322583,28.08067051886792,681.24,3.449868777777777,4.809467258064514,18.56401833333333,1.0774480107526885,40.514219505494495,21.49690675675675,6.171627777777768,108.94765079365078,210.83262234432223,11.626306277056278,8.877377419354836,73.4870935483871,16.722976595744672,22.879055158730147,41.55160789473686,0.4648279032258059,33.28267161290322,270.57204838709663,113.2774282051282,50.995818749999984,5129.430238170345,97.26107328767128,74.0564226006192,78.88265346534652,57.438010555555536,9.340938243243242,155.95451792114696,27.237642105263127,41.10925526315786,11.040129032258044,54.35965266666669,17.630690567484656,191.6011472727272,0.1387076842105263,0.7049412012012011,0.8575009293193714,46.19224736842106,12.817399999999994,86.98151391304343,101.98537419354832,57.22245483870965,13.912606802721076,36.5475989247312,0.9056985810810813,32684.300124074056,37.62205080645156,21.694731439393934,24.959943225806448,0.5118774193548397,11.045253008595989,0.5870083333333331,14.900521052631582,12.01854408783784,77.83865425925927,0.7170871000000004,125.63901682098764,97.41162000000004,42.95516499999999,30.986011561561565,135.67409685863873,102.17425526315787,4.180602592592593,17.278764516129023,34.93460851851853,29.73598681818182,677.9875080645159,112.57640880952376,96.559075,44.314495161290296,19.10898661016948,656.35,19.32607634408601,18.524627272727265,0.6348896675126903,93.73793129629637,29.643561111111104,3.2157985925925887,16.0924895,14.75491349999999,0.8482088661016957,101.76888157894736,70.79955759259254,32.70241111111112,37034.132224074056,85.34403596774195,0.4099980645161289,96.13959684684684,100.86525238095228,81.77175258064518,41.55392018518518,160.1818559659091,79.35828596774192,33700.782425675665,27.72143515625,270.8081546546546,21.03407289156625,15.0645208913649,45.82982631578948,23.03257147147148,59.01755374999987,43.786168527918775,49.21764777777777,116.77346551724138,109.32555429447852,38.4232264516129,53.63189527027028,86.47,42.64822135135135,115.339025,82.2208777777778,11.13963378378378,89.17381333333331,0.8474265235602095,186.72613261648743,11.159559009009005,85.9099193548387,45.295209041095895,21.88563548387096,108.12530327868852,802.7771971830985,9.787135897435896,11.65810526315789,656.64,4534.087684210526,130.172,0.7060065292682928,25.135945,0.9191934714285714,0.8839708483965018,98.26949999999994,0.753913833333333,7.396114344262296,124.24094594594594,0.8768402554054049,81.87513749999998,79.1699822857143,24.951338383838383,72.62186597222222,835.4719575268819,118.53131367924529,0.9995877696335072,41695.311366666654,80.07945482625482,MSR,2014
532,0.827897577259475,12.256473376623378,64.74231290322582,30.815670518867925,676.36,3.797968777777776,4.810467258064515,17.242018333333334,1.0762480107526875,38.833219505494505,24.07690675675675,6.495627777777767,107.7656507936508,207.73462234432228,11.916306277056275,8.669377419354836,80.00109354838708,18.69597659574467,27.152055158730143,55.32760789473683,0.4378279032258059,37.236671612903216,265.37204838709664,110.6874282051282,55.885818749999984,4925.560238170345,95.54907328767126,82.01842260061922,77.41265346534652,61.076010555555534,8.291938243243242,168.08451792114695,28.417642105263127,43.15525526315788,11.683129032258044,50.22105266666669,19.38409056748466,139.57814727272722,0.1425576842105263,0.8159412012012013,0.7850709293193718,45.65024736842104,13.023399999999992,78.38351391304343,103.61237419354828,70.38245483870966,9.824606802721078,32.153598924731185,0.9553685810810816,24496.870124074056,45.367050806451545,20.853731439393936,27.03594322580645,0.5118774193548398,11.010253008595988,0.4378083333333334,19.374521052631582,12.29954408783784,72.60365425925927,0.6350471,123.21701682098764,88.88162000000005,49.99816499999999,33.99401156156156,124.53409685863876,77.90625526315785,4.070602592592593,15.049764516129024,38.10760851851852,25.822986818181825,686.9675080645159,109.6014088095238,88.17907500000001,55.68849516129029,19.57698661016948,643.45,15.043076344086016,21.05962727272727,0.6767196675126903,93.07193129629631,38.4505611111111,4.5424985925925885,15.347489500000007,14.6549135,0.7861988661016946,97.19188157894736,67.71455759259257,34.30541111111111,32534.60222407406,89.31803596774193,0.4099980645161289,106.3405968468468,98.84625238095234,80.38375258064515,52.96292018518518,122.6678559659091,77.73628596774192,27912.222425675664,28.22543515625,298.1741546546546,15.372072891566262,15.6945208913649,41.399826315789454,23.795571471471483,56.94855374999987,43.09516852791877,33.94464777777778,112.60346551724136,102.14955429447848,52.27722645161287,44.34889527027029,84.45,39.67122135135136,98.019025,77.44387777777776,11.099633783783778,101.22981333333333,0.8131465235602094,215.28613261648744,8.848559009009005,112.7499193548387,34.50320904109588,25.98263548387096,101.25530327868852,800.0471971830984,10.142135897435894,11.68310526315789,631.8,4218.567684210527,120.732,0.6528265292682924,21.682945,0.8854834714285718,0.8243108483965021,99.53449999999994,0.7303938333333327,7.784114344262294,121.99094594594594,0.8648202554054052,80.58913749999999,78.36698228571426,27.58133838383838,64.46086597222221,901.9489575268822,123.81131367924527,0.9955477696335076,32605.40136666665,93.26645482625484,TKL,2014
543,0.868477577259475,12.412473376623376,63.76831290322584,28.56567051886792,678.8,3.711568777777776,4.727467258064514,17.102018333333326,1.080148010752688,41.4842195054945,21.39690675675675,6.486627777777768,106.89365079365076,204.57762234432224,11.712306277056271,8.488377419354837,80.29009354838708,21.66097659574467,29.727055158730156,58.77060789473683,0.4378279032258059,35.86367161290322,289.04204838709666,96.3674282051282,64.48881874999996,5012.720238170345,101.55707328767124,71.59742260061918,73.62265346534652,59.23701055555553,8.311938243243242,171.54451792114696,31.978642105263123,43.12225526315789,11.853129032258044,57.88405266666671,17.66299056748466,152.75814727272726,0.1551576842105263,0.7789712012012014,0.7810409293193719,45.85324736842104,12.888399999999994,78.53551391304343,104.32637419354828,71.07545483870966,12.191606802721076,31.79459892473117,0.9792985810810814,25188.76012407406,56.64705080645157,18.330731439393933,27.301943225806447,0.4968774193548397,10.731253008595983,0.5146083333333332,19.220521052631582,17.04454408783784,72.63565425925927,0.6566171000000002,122.08001682098762,89.68162000000007,50.717165,32.190011561561555,119.62409685863877,90.62725526315788,3.989602592592592,14.366764516129027,35.085608518518534,26.339986818181814,718.595508064516,108.5104088095238,86.20907500000001,63.64649516129029,22.183986610169484,643.45,11.146076344086016,20.80662727272727,0.6543796675126903,91.28993129629632,42.91556111111112,3.8942985925925897,16.442489499999994,14.764913500000004,0.7692588661016949,106.83788157894736,68.00355759259256,33.31841111111111,34261.18222407406,86.89803596774195,0.436998064516129,101.69559684684684,97.04625238095238,79.64875258064514,49.08892018518517,143.9408559659091,76.82128596774187,28815.132425675663,30.362435156249997,304.2031546546545,14.65307289156626,14.391520891364909,45.78582631578946,25.107571471471484,56.74455374999987,40.972168527918775,35.09664777777778,117.91346551724138,105.35755429447852,51.98722645161289,57.72089527027022,85.52000000000001,39.04822135135136,99.709025,72.95987777777776,10.95963378378378,97.37481333333332,0.7987865235602092,228.89613261648745,10.189559009009004,116.3899193548387,33.70120904109588,26.122635483870955,101.59530327868852,628.7571971830985,9.937135897435896,11.74110526315789,638.01,4238.377684210526,112.50199999999998,0.6990565292682925,22.303945,0.8739434714285716,0.8127108483965015,98.76649999999992,0.7366938333333328,7.657114344262292,118.05094594594594,0.8475002554054054,77.65113749999998,77.86698228571426,26.521338383838383,64.62486597222222,884.8999575268821,122.74131367924528,0.9946177696335076,30912.74136666665,82.79345482625483,NIU,2014
