,igrac-twap_ind_sids_gwdevelopmentstress,igrac-twap_ind_sids_aqvulnerabilityclimchange,igrac-twap_sids_hydrogeological_depthtosaltwater,igrac-twap_sids_socioeconomic_gwabstractiondom,igrac-twap_sids_hydrogeological_hydconductivity,igrac-twap_ind_sids_humandepgwagricult,igrac-twap_sids_socioeconomic_percinddepgw,igrac-twap_sids_environmental_percgwdepecosysisland,igrac-twap_sids_environmental_percpollution,igrac-twap_sids_socioeconomic_gwasbtractionagri,igrac-twap_ind_sids_humandepgw,igrac-twap_sids_hydrogeological_transmissivity,igrac-twap_sids_socioeconomic_anabstractionblueagri,igrac-twap_ind_sids_transbinstframework,igrac-twap_sids_environmental_meanactevapotranspiration,igrac-twap_sids_hydrogeological_freshwatervertthickness,igrac-twap_ind_sids_transblegalframework,igrac-twap_ind_sids_aqbuffcapacity,igrac-twap_sids_socioeconomic_gwabstractind,igrac-twap_sids_socioeconomic_percpopulationsanitationservice,igrac-twap_sids_hydrogeological_gwdepletion,igrac-twap_sids_socioeconomic_anabstractionbluedom,igrac-twap_sids_socioeconomic_totgwabstraction,igrac-twap_sids_socioeconomic_artificialrecharge,igrac-twap_ind_sids_gwqualityprotection,igrac-twap_sids_hydrogeological_horizontalext,igrac-twap_ind_sids_ecosystdepgw,igrac-twap_ind_sids_saltwaterintrusion,igrac-twap_ind_sids_humandepgwindustry,igrac-twap_sids_hydrogeological_disttogwlevel,igrac-twap_sids_socioeconomic_inducedrecharge,igrac-twap_ind_sids_humandepgwdomestic,igrac-twap_sids_socioeconomic_percdomdepgw,igrac-twap_ind_sids_gwdepletion2,igrac-twap_sids_environmental_percdepthgwlevelisland,igrac-twap_ind_sids_gwpollution,igrac-twap_sids_hydrogeological_porosity,igrac-twap_ind_sids_popdensity,igrac-twap_sids_socioeconomic_totalpopulationcountry2010,igrac-twap_ind_sids_aqvulnerabilitypollution,igrac-twap_sids_socioeconomic_percagridepgw,igrac-twap_sids_socioeconomic_anabstractionbluetot,igrac-twap_sids_socioeconomic_totalpopulationisland2010,igrac-twap_ind_sids_controlgwabstraction,igrac-twap_sids_hydrogeological_tannspringdischarge,igrac-twap_sids_environmental_exptchangeaet50years,igrac-twap_ind_sids_natbackgwquality,igrac-twap_sids_hydrogeological_totgwvol,igrac-twap_sids_hydrogeological_avgannrechargemmyr,igrac-twap_sids_environmental_exptchangeprecip50years,igrac-twap_sids_hydrogeological_arealrecharge,igrac-twap_ind_sids_prevelancesprings,igrac-twap_sids_environmental_meanprecipitation,igrac-twap_ind_sids_mannualgwrechargedepth,igrac-twap_sids_socioeconomic_anabstractionblueind,igrac-twap_ind_sids_mannualrenewablegwpercap,Country Code,year
3,1700.1651138888956,3.0,3266.8177354166664,1191.47797613889,574.1637033404497,-3361.245713888893,-219.984748666664,4068.357561250004,4061.958875,-990.609358333336,2503.40633333334,5969.630546074658,-1300.050951388891,4510.830619444451,1911.5853055555556,353.03256972222226,2765.91177083334,1312.8543319444436,-5794.73393291668,414.0043402777772,-1105.5573638888982,-1746.4987458333371,3490.609871069448,-9999.9,-471.78932222222375,9802.20964444444,3809.921950000008,874.8956097222235,445.2064555555571,4245.071519444449,-9400.181388888892,2929.669854166671,2719.6112237361176,-643.7881277777833,4751.966462500011,401.5380124999998,0.4819416666666665,7771.025888888877,1764766.6314444437,753.177156944444,2850.068003611116,2245.460915805559,2292119.06686111,4025.7285388888936,1663.3593367777803,486.2183930555552,3047.3372291666733,178.6253532013889,1490.4549652915273,14.08391666666666,5365.654577777776,-8520.52164305557,3270.7961843055546,1654.928561111111,-349.57980000000134,20539.05972638888,ATG,2013
14,4000.120113888903,3.0,3271.0417354166666,2892.5751061388937,555.9649428876818,-1861.0807138888915,1685.306251333338,2956.5602612500043,4141.698874999999,509.5427416666671,4506.192333333343,5204.78245149538,804.7720486111111,2310.5626194444494,1414.2153055555557,316.8155697222222,1965.479770833338,1344.6333319444436,-4194.598132916676,111.19934027777776,-1330.8053638888978,55.79025416666445,3892.703711069447,-9999.9,728.6586777777793,10191.33664444444,2304.276950000005,2993.974609722226,1045.19445555556,4556.218719444449,-9400.181388888892,4725.927854166677,2410.5796137361167,-493.7891277777817,1125.5624625000028,375.43801249999984,0.4414416666666665,6404.055888888875,1745161.471444443,724.1271569444441,1451.7763036111128,1168.7182758055596,2032942.6568611097,1724.8815388888916,3263.704596777782,583.1813930555552,2734.4502291666727,207.9590857013889,1216.866085391527,19.24591666666666,5599.539577777776,-6621.266643055564,2406.236984305556,1091.0555611111115,948.6782000000012,20270.23572638888,ABW,2013
25,900.2761138888909,3.0,3278.042735416667,1791.9644161388917,599.1746028902738,-1261.064713888889,780.6652513333365,4729.362961250003,4152.498874999999,-290.6162883333318,3508.862333333342,5663.6709491625,-1584.4569513888946,3410.631619444452,1770.5453055555554,379.07276972222223,3266.32677083334,1337.6603319444434,-3394.6561329166743,914.7733402777768,-1355.5553638888978,374.01125416666673,4791.8860510694485,-9999.9,-1372.8503222222262,8770.61864444444,1623.3739500000029,2781.9166097222264,-354.7965444444453,3337.572819444449,-9400.181388888892,6026.64585416668,-1503.84404626389,-486.0391277777817,4871.795462500011,399.5880124999998,0.5444416666666668,10792.495888888876,1752998.4314444433,752.427156944444,1050.686503611112,3836.250715805563,2387075.0068611098,2826.270538888894,-237.40478322222407,585.4733930555552,5065.507229166673,186.63847220138888,1423.163385991527,19.933916666666654,5234.005577777775,-8121.315643055567,2871.9899843055555,1415.2035611111112,-547.6958000000013,23968.14972638888,BHS,2013
36,1700.1591138888923,3.0,3336.3167354166667,1592.4066061388903,562.5131001473617,-1861.092713888891,2686.442383333342,4134.665861250003,4136.048875,209.64466166666625,3607.434333333342,6199.031247110783,1258.326048611112,2010.4156194444488,1757.9753055555552,395.6041697222223,1265.6867708333366,1317.9723319444436,-4194.498132916676,10.254340277778285,-1355.5553638888996,699.1042541666666,3265.312631069448,-9999.9,-272.47132222222353,10114.01764444444,2405.8059500000045,1277.8616097222243,45.21445555555693,2541.0488194444497,-9199.34538888889,2928.6558541666736,2215.050693736117,-393.5401277777819,2247.7014625000056,415.93801249999984,0.4989416666666665,11552.425888888876,2009097.5714444437,767.0271569444441,2047.2098036111147,2773.334535805562,2372539.5568611096,-975.4114611111144,1263.7000167777796,486.8333930555552,5177.896229166673,256.1737577013889,1249.628673591527,17.235916666666657,5302.336577777775,-6520.249643055563,3111.761784305556,1390.1775611111111,2357.054200000006,21328.52072638888,BMU,2013
47,1400.3471138888926,3.0,2897.315235416667,496.3076761388875,792.2512133919055,-3161.1597138888937,6192.493079333348,3080.1983612500044,4153.898875,210.03869166666664,3803.331333333344,9455.270448644056,215.85704861111208,2910.426619444451,1717.9853055555554,407.8425697222223,-834.6522291666688,1410.4733319444435,-5694.783132916679,713.6563402777772,695.9246361111063,3260.157254166674,2985.609181069447,-9999.9,-2273.051322222228,10466.08564444444,1704.8229500000025,-956.5763902777808,2745.260455555559,2148.401719444449,-9098.927388888893,821.6118541666656,6436.098553736123,2364.690872222224,4449.419462500011,263.3890124999998,0.4769416666666666,18317.55588888888,2348380.6314444435,715.2771569444441,4653.677303611121,1965.1332358055597,2415311.246861109,24.518538888887637,1163.0328667777794,-5014.477606944448,-860.8337708333356,258.66450570138886,1357.5868677915273,25.058916666666654,6387.258577777775,-7920.117643055567,3311.4921843055554,1638.9365611111114,6113.033200000011,23329.96672638888,BHR,2013
58,4899.984113888901,3.0,3322.6957354166666,2193.0632361388925,637.3890060695377,-3461.208713888893,2185.561251333341,4231.675061250004,4147.748874999999,-290.60331833333385,6402.869333333343,5759.034146841058,3790.622048611117,2910.9966194444505,1768.875305555555,323.6371697222222,4766.561770833339,1323.4903319444436,-5894.73293291668,616.2733402777776,-1330.8053638888978,3205.373254166673,4408.502981069449,-9999.9,-1672.2173222222264,9310.18164444444,3301.416950000006,3181.272609722226,1945.1864555555608,3456.584719444449,-9299.763388888892,727.7598541666684,3714.55214373612,-335.2911277777821,1726.0264625000043,86.94101249999989,0.5329416666666666,5216.685888888876,1817754.0914444437,737.1271569444441,3062.8574036111168,1973.83809580556,2472172.2568611093,-175.29946111111258,2263.1215267777834,387.4163930555552,5369.734229166674,188.0510767013889,1273.6731376915268,15.35791666666666,5414.684577777775,-4921.145643055558,3343.694284305556,1205.870561111111,3256.863200000008,23270.927726388883,BRB,2013
69,5502.442113888902,3.0,3297.1667354166666,-203.6668638611145,622.7529736868178,-3861.2567138888935,781.5216113333372,2712.208961250002,4150.798875,-790.6583683333347,6312.186333333343,6934.008754885817,-1887.734951388893,3010.465619444451,1851.615305555556,319.1785697222222,4666.732770833339,1297.8423319444437,-5994.78103291668,2011.466340277777,-980.3083638888984,-2363.9967458333404,5670.122411069448,-9999.9,2028.855677777782,10565.83864444444,506.48495,3656.537609722226,145.1994555555575,4159.767519444449,-9400.181388888892,2825.740854166671,3414.1320337361194,1735.9418722222226,3033.7334625000067,160.39001249999984,0.5139416666666666,5542.055888888875,1772806.9214444433,608.7781569444442,3462.617803611117,3274.8711958055624,2574632.5868611094,424.8245388888881,4564.118826777786,-913.7776069444444,738.3502291666682,192.7409372013889,1597.4428322915276,15.03891666666666,5461.958577777776,-5118.76164305556,3855.9916843055576,1626.1325611111115,-51.39079999999922,21415.45272638888,BLZ,2013
80,2400.056113888898,3.0,3370.0347354166665,2992.2843761388917,562.3172120807698,-3361.183713888893,2586.9054313333418,3926.558761250004,4145.648875,209.4857116666672,-389.179666666666,5481.725450718061,1014.5410486111132,1710.2286194444478,1889.6553055555555,372.16556972222224,3766.15177083334,1349.4133319444436,-5794.783932916681,-797.7536597222227,-1455.8043638888994,-2762.81674583334,2993.866921069448,-9999.9,-672.2473222222243,9079.84964444444,4006.419950000008,66.85360972222134,145.21345555555672,2460.0417194444494,-9400.181388888892,2130.909854166672,-600.1557762638895,-393.5401277777819,3534.508462500008,388.4880124999999,0.5299416666666668,7274.415888888876,1657277.1314444433,733.177156944444,-959.7177963888926,1234.428055805558,1969162.3468611096,-975.2914611111146,-1437.5787532222255,587.3163930555552,4035.9072291666735,202.6130347013889,1492.558951291527,21.313916666666657,5076.163577777776,-8520.491643055568,3157.519784305555,1413.806561111111,354.46020000000044,19735.28972638888,VGB,2013
91,1599.957113888894,3.0,2996.1127354166665,197.4667361388865,558.9327865473617,-3861.298713888893,5581.099777333347,-1547.451038750005,4143.598875,-490.5673583333346,5401.631333333344,5790.395647866715,3366.1730486111187,-1890.4053805555604,1372.7553055555554,397.1645697222223,-534.7852291666677,1601.7973319444436,-5994.78103291668,1711.236340277777,6077.877636111118,3364.3622541666755,5511.706061069448,-9999.9,-172.22232222222283,9770.18164444444,2206.937950000004,4176.532609722226,145.22845555555796,3552.424719444449,-9199.34538888889,922.925854166666,3206.618873736116,6722.897872222235,3531.508462500008,369.93801249999984,0.5059416666666666,6710.425888888876,1942966.9814444436,718.2271569444441,4478.43320361112,4760.834995805561,2032527.7268611093,124.98753888888768,3463.9751867777823,386.930393055555,3456.6032291666743,226.53236570138884,1260.5617433915272,16.23591666666666,6635.474577777775,-6118.9616430555625,2415.776084305555,1832.9405611111115,3048.0212000000074,20906.601726388875,CPV,2013
102,2500.1871138888982,3.0,3347.493735416667,693.1146361388892,564.1361328850898,-1661.0767138888905,1986.5632513333396,2770.4733612500045,4151.398875,-390.4823583333337,-697.6076666666668,5492.3972514954,1761.5710486111166,2410.531619444449,1849.115305555556,377.17376972222223,665.4527708333344,1330.5863319444436,-3794.550332916674,-292.2876597222223,-1455.8043638888994,171.2402541666661,3596.9755210694484,-9999.9,-2372.960322222229,9862.25664444444,903.5109500000008,2282.6816097222268,445.22545555555735,2538.67081944445,-9400.181388888892,2627.5978541666727,5.312693736112124,-493.7891277777817,3042.3534625000075,404.2380124999999,0.5094416666666666,11474.375888888875,1844648.6314444437,756.7771569444441,3051.9374036111167,860.7599158055573,2136923.286861109,-475.2664611111141,763.6108567777792,487.16539305555534,2537.3322291666723,245.29242320138889,1347.688218191527,18.79391666666666,5801.289577777776,-7620.240643055567,2791.364884305555,1343.7145611111112,165.13820000000032,20841.48772638888,CYM,2013
113,-1000.3478861111124,3.0,2896.607735416667,-1710.471063861116,678.7598280755857,-4461.292713888895,6781.421901333347,2824.9182612500035,3530.6088749999994,-1790.661368333339,4004.531333333344,5498.635947089791,2106.6440486111187,2110.3046194444487,1674.1153055555556,379.8737697222222,865.7707708333355,1393.4633319444436,-6294.828932916681,2084.1793402777766,-747.560363888897,2239.708254166669,4347.932691069448,-9999.9,-2272.851322222228,11629.65964444444,3504.5849500000068,3453.659609722226,245.2174555555557,3545.494619444449,-9299.763388888892,-179.26514583333483,4419.203703736121,1162.9488722222195,3341.990462500008,-341.5549875000001,0.4689416666666665,5035.555888888876,2116446.981444444,-191.2138430555558,3266.6216036111164,4028.608155805562,2322473.746861109,-2075.6304611111173,-36.72383322222049,385.0133930555552,4784.970229166674,205.33641370138884,1573.7875176915272,15.04991666666666,6485.074577777776,-9721.333643055572,3484.988584305555,1736.7515611111112,6060.123200000009,24340.79372638888,COM,2013
124,5401.813113888901,3.0,3409.1372354166665,3001.459636138893,809.0397392850894,-3161.1797138888924,7900.291397333346,3932.415161250003,4152.948874999999,1710.1827416666692,4634.906333333343,6375.040447099972,2058.0570486111174,1010.1056194444463,1849.4953055555552,464.5821697222223,465.9647708333341,1415.3803319444437,-5694.784032916678,1508.857340277777,-1455.8043638888994,2045.1342541666709,4406.357901069448,-9999.9,628.2096777777788,11952.73864444444,300.6969499999996,-852.0573902777805,3545.245455555565,2354.2968194444497,-6688.895388888881,822.1758541666677,4220.575023736121,-19.7931277777825,5049.563462500011,160.79001249999985,0.5244416666666667,6954.745888888876,2900894.981444444,709.7771569444441,2456.134803611115,2127.14553580556,2363542.456861109,2626.1325388888936,1063.0841667777768,487.0513930555549,3476.803229166674,289.30610970138883,1178.527033591527,18.630916666666657,7041.279577777776,-8521.31764305557,2729.623784305555,1213.0845611111113,6319.517200000011,25106.21872638888,CUB,2013
135,2199.8211138888964,3.0,3331.8402354166665,493.3295761388881,551.4661293516817,-2361.125713888892,2186.44295733334,4423.178061250002,4135.148875,-590.6263583333357,1602.768333333338,5200.809852273508,852.7240486111123,3710.7086194444514,1445.5653055555554,408.1205697222222,65.23877083333355,1369.0703319444435,-4694.644032916677,-1100.4436597222232,-1455.8043638888994,-845.8967458333373,2096.172481069447,-9999.9,28.155677777777782,10095.88664444444,1507.5549500000034,3097.693609722226,445.2004555555577,4350.466619444449,-9400.181388888892,2727.1008541666724,1509.645813736115,-643.7881277777833,1428.9794625000031,377.7880124999998,0.4189416666666665,6300.345888888876,1914600.1714444435,725.5271569444441,2255.626803611115,-862.7635241944472,1978521.6268611096,1324.6055388888908,-1137.4121732222266,482.6443930555552,3442.5632291666743,176.17818870138888,1217.3351944915269,15.32191666666666,5425.789577777775,-7520.487643055567,3173.127284305556,1066.6475611111114,-651.2588000000014,21989.87372638888,CUW,2013
146,6099.990113888902,3.0,3419.2197354166665,3492.0073961388944,574.4619784816338,-3461.2827138888933,-1421.7227486666688,4692.493161250003,4135.448874999999,2209.29872166667,4003.167333333344,5116.311852066404,-1891.734951388893,5310.9026194444505,1921.0553055555552,439.29556972222224,4966.959770833339,1306.8253319444436,-5894.782932916681,2119.531340277777,-1455.8043638888994,-1363.685745833336,5885.102851069448,-9999.9,2528.5806777777825,10655.35664444444,3606.363950000007,1877.235609722226,4245.194455555567,3948.388719444449,-9400.181388888892,7032.06185416668,1403.7668837361152,587.9518722222201,3429.749462500008,371.0880124999998,0.4584416666666664,4979.245888888876,1678996.6314444433,721.1271569444441,242.03020361110976,4036.6876358055633,1962123.8468611096,3225.396538888894,2563.258326777784,588.5293930555553,1035.5172291666686,185.99680470138887,2191.3451233915266,25.372916666666654,6344.039577777776,-5920.395643055562,3860.3257843055553,2051.5655611111115,-1452.0228000000025,25600.96472638888,DMA,2013
157,5302.180113888901,3.0,3424.5737354166668,1599.71443613889,944.5276836790416,-3561.223713888894,7692.453169333346,3860.192761250003,4152.848875,809.7846516666687,3831.880333333343,11555.483946830442,2132.3570486111166,3210.613619444452,1641.4753055555552,433.1041697222223,766.0917708333354,1418.1963319444435,-5894.78203291668,1411.582340277777,1540.4176361111076,3755.1472541666735,5827.884231069448,-9999.9,2829.2676777777824,14468.44964444444,1909.5509500000037,-657.4393902777801,845.2474555555582,3145.710019444449,-6889.731388888881,2023.53585416667,1809.7379637361144,2462.438872222223,-376.8325375000004,-41.80798750000014,0.4974416666666666,6983.615888888876,3417074.981444444,510.6291569444441,4667.203003611121,3935.337055805563,2229845.916861109,-175.15946111111316,263.2897867777783,-711.4326069444438,4073.1672291666737,281.22279570138886,1498.9337042915272,16.17891666666666,8407.639577777776,-4318.095643055558,3459.081084305556,1557.9235611111112,6047.310200000011,20683.81872638888,DOM,2013
168,3802.868113888898,3.0,3272.7857354166667,3292.9631561388933,628.9978556799058,-1861.0947138888916,3083.028497333343,5045.298461250003,4130.348875,2209.7936516666696,4319.4833333333445,6394.734645286625,3333.65504861112,4810.667619444451,1847.0653055555556,319.1253697222222,4166.337770833339,1410.0863319444436,-4194.543632916676,2106.901340277777,-1247.556363888898,3985.851254166674,4345.488651069449,-9999.9,3528.730677777782,10469.23764444444,3907.150950000008,3338.260609722226,2045.2484555555584,3850.144719444449,-9299.763388888892,5221.220854166677,5927.001883736123,1129.9468722222218,4733.316462500011,-41.65798750000016,0.4769416666666665,5559.315888888876,2038434.9814444436,607.5281569444442,3265.689303611116,2477.089775805561,2236951.1168611096,3324.725538888894,1263.8894867777808,583.7113930555553,4069.9572291666736,275.8015047013889,1657.8689543915275,19.01291666666665,9460.019577777775,-8520.505643055569,3436.0119843055563,1793.5975611111114,3074.0422000000062,33236.68972638888,FJI,2013
179,5600.337113888903,3.0,3341.4137354166664,3291.0989461388945,580.0419584902738,-2261.2207138888907,-721.4715686666677,4902.657761250003,4137.498874999999,1609.2316916666696,6414.003333333343,5469.514250511319,5.258048611111917,5211.13361944445,1855.8753055555555,465.54556972222224,4467.024770833339,1324.6773319444435,-4694.692232916678,2118.6173402777767,-1455.8043638888994,-1359.2707458333362,5394.324721069448,-9999.9,2929.696677777782,9083.02664444444,2904.560950000005,157.75260972222168,-254.7975444444437,-666.8821805555563,-9299.763388888892,6431.217854166678,1908.474613736116,-744.0371277777831,3228.921462500008,373.4880124999999,0.4684416666666664,5132.395888888876,1615440.981444443,725.0771569444441,-55.96099638889064,3344.4958758055623,2012416.0268611093,4326.295538888893,2363.9313667777838,584.2423930555552,2542.282229166672,187.8895497013889,1222.5418804915273,18.028916666666657,5713.054577777775,-8320.519643055568,3280.133484305556,1458.217561111111,-1451.601800000004,20946.96972638888,GRD,2013
190,-0.0168861111105798,3.0,-104.3297645833336,-310.4558138611137,596.6248868911377,-4261.284713888896,6684.405669333347,3975.422561250003,928.6688749999994,-1190.6153683333368,6018.222333333343,5228.652351753102,568.3760486111141,1510.1706194444478,1554.3453055555551,311.0741697222222,-1734.9732291666703,1408.0103319444436,-6194.829932916681,1883.8623402777769,534.4276361111042,675.3852541666665,4221.5703110694485,-9999.9,728.4986777777794,11394.26464444444,-500.3950500000019,2537.1786097222266,445.21845555555774,3042.74671944445,-9098.927388888893,1122.3898541666676,4216.980783736119,2680.1888722222247,3533.0584625000083,-3243.475987500002,0.4419416666666665,5108.625888888876,2313286.981444444,-2993.235843055558,2668.245403611116,3853.339215805562,2318978.2568611098,-3076.090461111119,-337.17550322222087,584.2913930555552,855.4792291666681,206.79481370138888,1673.8131044915272,29.907916666666654,9875.439577777775,-6418.996643055562,3681.170784305555,1575.9775611111113,6183.31620000001,24793.29872638888,GNB,2013
201,5001.541113888901,3.0,1844.621735416667,496.7024361388876,604.7929396859538,-3861.2487138888937,7586.951315333346,3381.5414612500026,4148.198874999999,-490.7343483333343,5427.609333333344,5929.579949722762,3700.825048611121,2510.2806194444497,1681.8953055555553,371.77296972222223,1666.012770833337,1386.5583319444436,-5994.78103291668,1899.6823402777768,-1455.8043638888994,2458.2322541666704,5531.288671069447,-9999.9,728.0586777777789,9334.34664444444,2606.003950000005,2348.420609722227,145.2054555555569,1043.631819444446,-9400.181388888892,4026.685854166677,4920.407203736122,3214.928872222225,4242.991462500011,159.74001249999984,0.4979416666666666,6240.045888888876,2281248.981444444,708.5771569444441,2363.762903611116,3010.1490158055626,2155827.6168611096,-775.6734611111142,-737.0786932222236,586.2153930555552,5580.912229166674,205.7395762013889,1569.0659752915276,31.061916666666654,5602.741577777775,-6919.225643055564,3023.526084305555,1700.6295611111111,5583.40620000001,23458.36372638888,GUY,2013
212,-400.0178861111126,3.0,2590.2187354166667,-603.6804638611156,598.4704720876819,-4361.283713888895,6786.236253333347,1264.472561250002,2030.6088749999997,-890.5063683333346,2608.7173333333394,6160.210546571392,1215.0340486111154,510.0206194444454,1479.1953055555557,415.3575697222223,-1034.8302291666687,1395.7543319444435,-6194.829932916681,1989.734340277777,3271.402636111112,149.19625416666713,4525.125701069448,-9999.9,1128.15467777778,10585.05564444444,1911.3809500000036,-756.3783902777805,145.21645555555733,2543.0557194444496,-7090.567388888881,-179.25914583333542,4416.922943736119,1857.6908722222236,-67.46553750000021,-2743.7809875000003,0.4674416666666665,6038.395888888876,2755116.981444444,-2890.936843055557,2162.412303611114,3992.773755805562,2321042.4468611097,-2976.0514611111184,-837.0669832222229,579.9933930555552,3476.573229166674,209.35481070138889,1705.1633143915276,21.984916666666656,11362.639577777776,-8918.92964305557,3626.289484305554,1748.8515611111116,6711.089200000011,24592.45272638888,HTI,2013
223,6105.4531138889015,3.0,3414.3852354166665,2704.419236138893,647.6859664816338,-3361.197713888894,8098.983729333347,4352.903661250003,4135.698874999999,2409.721691666671,3725.8683333333424,8135.072345276125,4984.255048611121,3410.551619444452,1607.8853055555555,442.4635697222223,2766.98177083334,1094.4843319444435,-5794.78303291668,1209.123340277777,-1305.8053638888996,3238.3732541666764,6049.378231069448,-9999.9,3529.570677777782,14858.50064444444,3202.237950000006,1847.0756097222256,545.2394555555584,4447.596419444449,-6990.149388888881,620.8718541666658,4822.061893736122,1038.698872222221,1226.3414625000032,58.04101249999985,0.4254416666666664,5798.785888888876,3310736.981444444,607.6781569444441,3766.3732036111182,4110.129555805562,2185037.1068611094,2225.916538888893,2163.655526777781,484.7423930555552,3383.024229166674,350.6191737013889,1373.384048791527,15.083916666666662,7168.299577777775,-9521.33164305557,3223.808584305555,1587.7205611111117,6606.555200000012,23550.18072638888,JAM,2013
234,5802.565113888903,3.0,3224.6732354166666,-1410.4555638611164,572.7996984721298,-4361.293713888896,-1622.052568666668,2788.8678612500025,4033.808875,-1790.7943683333388,-1089.5316666666677,5535.785247380547,-1491.9589513888925,4910.736619444451,1767.3453055555556,327.79356972222223,2465.184770833339,1408.2813319444435,-6194.829932916681,2088.167340277777,1294.173636111107,-2263.8457458333405,3592.876981069447,-9999.9,1228.1636777777803,9021.36664444444,4837.601950000008,3369.200609722226,45.19945555555569,4544.282819444448,-9400.181388888892,-679.3411458333358,-602.081206263887,305.9548722222189,5869.34546250001,159.49001249999984,0.5439416666666668,6172.535888888876,1677296.981444443,607.4781569444441,-152.14509638889103,-2176.6511441944517,2009389.6068611096,4225.116538888894,-1637.5443332222258,278.4493930555549,2758.9602291666733,179.3939167013889,1282.342898191528,28.54191666666666,5635.524577777775,-6618.728643055563,3605.021584305556,1561.5925611111118,-1252.8918000000012,26020.653726388875,KIR,2013
245,1800.1161138888965,3.0,3243.8337354166665,797.440176138889,559.2453320859537,-1260.9927138888895,980.6359713333368,-605.5476387500021,3766.138875,509.302721666666,5401.825333333343,5066.398649970958,1909.3820486111165,-1490.3293805555595,1713.875305555555,308.9877697222222,1666.052770833337,1285.5333319444435,-3394.650732916675,1421.810340277777,5955.140636111117,1817.6482541666687,4335.465861069446,-9999.9,2529.0406777777825,9067.45264444444,2809.341950000005,4076.3036097222257,345.22645555555755,2843.00221944445,-9400.181388888892,1623.8778541666695,5134.569503736123,6270.662872222232,5548.4484625000105,-339.3549875000002,0.5819416666666668,21791.415888888878,1737284.0814444432,213.9321569444441,3661.8226036111178,4380.519475805561,2449395.746861109,-2275.758461111117,563.3312667777773,587.3463930555553,3860.8992291666736,192.06104270138889,1519.6204910915271,25.73291666666666,5452.762577777776,-9521.323643055572,3381.0426843055566,1521.6015611111116,647.7572000000018,21877.10472638888,MDV,2013
256,5900.623113888902,3.0,2762.876735416666,-1010.4573238611156,906.8561656773136,-4461.292713888895,-820.1187486666659,1300.653361250001,4055.658875,-1290.593358333338,1948.508333333339,5312.953550220856,-893.921951388892,5610.9296194444505,2003.6753055555555,267.46016972222225,4866.050770833339,1383.5813319444435,-6294.828932916681,2104.613340277777,-955.5583638888984,-2263.65374583334,3720.077631069447,-9999.9,3727.8086777777817,8672.48364444444,3335.2569500000063,2064.783609722226,-54.79454444444309,4838.964819444449,-9400.181388888892,-879.3451458333366,-1704.3420462638917,-744.0371277777831,3564.798462500008,381.8380124999998,0.4949416666666665,6987.995888888876,1728154.7814444434,731.2771569444441,-2261.505696388896,-78.03486419444653,1934579.2868611093,4824.760538888893,-637.0251332222233,584.7483930555552,3758.900229166674,182.52464270138887,1939.5494392915275,37.930916666666654,5892.894577777775,-9721.333643055572,3747.8615843055577,1826.557561111112,-2152.894800000005,24229.91272638888,MHL,2013
267,4500.888113888901,3.0,3291.4092354166664,3911.428536138895,631.6616529473617,-761.0217138888893,7586.476083333347,4839.812761250003,4148.048875,2911.2167116666715,4808.444333333344,5516.542948644392,5704.43204861112,4111.154619444451,1687.6353055555555,356.04196972222223,2666.77277083334,1409.8883319444435,-2893.8584329166724,2119.238340277777,2261.6596361111096,4368.268254166674,4310.898751069448,-9999.9,2028.2756777777824,12692.63864444444,1207.1179500000017,3640.427609722226,3745.3684555555656,4442.546019444449,-8797.67338888889,3724.722854166672,4314.100683736122,2020.1858722222232,3732.456462500009,369.3380124999998,0.4674416666666664,6486.155888888876,2394184.981444444,719.3271569444441,1660.390203611113,3283.828055805562,2469938.0468611093,2425.234538888893,762.7370067777774,484.7423930555552,3680.461229166674,253.3929032013889,1452.2956745915271,18.27891666666666,6264.239577777776,-7120.309643055565,3105.225484305556,1471.2155611111111,6528.79020000001,24903.76072638888,MUS,2013
278,4401.233113888899,3.0,3130.0232354166665,-710.443523861115,845.4573650174093,-4361.293713888894,-1722.009748666669,4640.129661250003,3941.718875,-1390.7983683333375,-474.8256666666666,5534.437447349208,-3003.185951388896,5610.939619444451,1927.9653055555557,369.7461697222223,4765.721770833339,1385.3273319444436,-6194.829932916681,2106.178340277777,1367.172636111106,-3465.5287458333414,3085.220491069451,-9999.9,2228.0536777777825,9134.12464444444,-291.4570500000018,3272.1816097222263,-54.78454444444287,4455.586719444449,-9400.181388888892,-379.217145833336,-1805.436576263892,408.2018722222183,2853.855462500007,371.63801249999983,0.5369416666666669,5233.135888888876,1711014.7814444434,719.7771569444441,-1256.7636963888935,-2367.429444194452,1952381.8768611096,4624.772538888894,-1137.3134732222245,586.0103930555553,4475.473229166673,180.62819470138888,2039.7830859915275,41.17691666666665,5944.214577777775,-9521.32564305557,3941.4922843055538,2030.505561111112,-851.238800000001,26346.50372638888,FSM,2013
289,6201.095113888901,3.0,3255.0802354166667,-1510.465623861117,922.1473372695376,-3861.282713888893,979.6339233333364,4617.494861250003,4146.398875,-1890.6603683333387,4339.402333333344,10774.050546312676,-3002.6879513888944,5910.886619444451,1869.7653055555552,292.4673697222222,4466.114770833339,1287.8513319444437,-5994.7819329166805,2117.201340277777,-1455.8043638888994,-2862.3267458333403,4704.783321069447,-9999.9,2328.0026777777825,10778.508644444442,4529.6249500000085,3469.299609722226,45.21145555555631,2139.185819444449,-9400.181388888892,-379.22314583333537,-1404.6033762638908,131.4558722222191,4145.67246250001,-40.95798750000017,0.5339416666666669,5387.695888888876,1689423.8314444434,507.47915694444407,-2160.911996388896,3129.6839158055623,1930561.4568611092,5225.026538888893,-1137.4595332222234,584.1613930555552,3452.933229166674,186.74656170138888,1954.339576091528,46.52091666666665,5192.445577777775,-9521.32564305557,3600.9102843055566,2010.1765611111116,2351.202200000004,25282.764726388883,NRU,2013
300,6201.226113888902,3.0,3229.558235416667,1390.6712861388896,587.1805401655058,-2461.1127138888914,-220.56474866666576,3733.614661250004,4043.058875,409.5486916666696,6111.740333333343,5860.216454894183,-495.0659513888904,5611.239619444451,1932.1853055555555,309.64376972222226,4566.703770833339,1304.5663319444436,-4894.790232916678,2124.754340277777,-1455.8043638888994,-1664.6747458333375,3684.896221069447,-9999.9,3829.697677777782,8936.07464444444,-1299.387050000004,1683.1876097222253,145.19845555555548,2539.86181944445,-9400.181388888892,1722.780854166669,-1003.4946462638908,358.7018722222183,4641.65746250001,388.88801249999983,0.5359416666666668,5375.875888888876,1575163.5814444434,737.2771569444441,-655.9007963888916,345.7341358055555,1923927.7868611093,3825.250538888894,463.9517567777775,590.1213930555552,-1566.3567708333376,174.53997170138888,1927.554522991527,22.94791666666666,5279.274577777775,-4293.593643055558,3780.330284305556,1601.3405611111114,-1552.4968000000026,20868.62972638888,PLW,2013
311,-1000.3378861111124,3.0,2282.224235416667,-1608.2115238611168,865.7078432807693,-4261.274713888895,6587.0378173333465,4195.858161250003,-374.0011250000007,-1890.5533683333388,3320.7773333333416,5193.013350759911,1345.9810486111155,1210.1336194444466,1568.1753055555555,408.5103697222222,-734.8332291666684,1390.3023319444435,-6194.829932916681,1786.857340277777,1216.1706361111071,2467.345254166672,3905.484501069448,-9999.9,-2272.831322222228,12006.53964444444,1613.4939500000028,-1866.4373902777825,5045.246455555567,345.16781944444483,-6387.641388888878,220.97885416666577,4718.382743736121,2415.434872222224,-472.3915375000006,-2243.385987499999,0.4864416666666666,6012.805888888875,2302436.981444444,-2193.943843055556,350.7446036111105,3828.8637358055626,2642465.5768611096,-1675.7744611111166,-836.8193332222236,385.7823930555551,3772.260229166674,316.50470570138896,1617.5435930915278,25.36191666666666,7846.016577777775,-9521.323643055572,3385.6768843055543,1959.987561111111,6939.79020000001,29863.78972638888,PNG,2013
322,2102.8341138888945,3.0,3198.547235416667,490.107476138889,723.9459492894096,-4361.293713888896,-1521.911748666667,4047.024361250003,4039.658875,-1490.7113583333385,106.51333333333514,5117.365754399193,-1416.778951388893,5510.9606194444505,1929.4653055555557,312.82816972222224,4567.033770833339,1363.9993319444436,-6194.829932916681,2114.787340277777,-1455.8043638888994,-2265.395745833338,1730.916021069448,-9999.9,3029.505677777782,9212.13464444444,1305.136950000002,3855.675609722226,445.2034555555565,4741.5716194444485,-9400.181388888892,-779.3401458333356,-1805.1537762638927,-494.0391277777835,2330.7404625000054,164.69001249999985,0.5389416666666668,4939.165888888876,1761756.981444443,714.4771569444441,-1760.2559963888953,-1744.2256641944496,2113855.3468611096,4626.152538888893,4164.0164267777855,480.54239305555535,4679.491229166673,185.1640452013889,1586.7882451915275,11.236916666666664,6318.114577777776,-8921.18964305557,3833.593584305557,1897.502561111112,-1352.394800000002,25568.87672638888,WSM,2013
333,1500.1021138888927,3.0,2599.8102354166667,-1010.4477238611162,534.6948700902738,-4261.294713888896,-21.47676866666552,2315.131961250003,4038.008875,-1790.674368333338,6104.758333333343,5382.768647359459,-2201.618951388893,2010.2456194444485,1782.3853055555555,294.6743697222222,-2935.3412291666727,1393.3383319444436,-6194.829932916681,2093.653340277777,-946.8093638888968,139.04825416666608,5052.323061069448,-9999.9,2227.5936777777824,9071.43364444444,-999.0800500000032,-1048.3353902777808,-154.7975444444437,3552.215719444449,-9400.181388888892,-178.28814583333588,1702.7556437361163,5214.914872222229,3738.336462500009,-341.8049875000001,0.5619416666666668,5662.475888888876,1715514.7814444434,107.18315694444414,3166.972703611116,3436.4022358055627,2124539.6468611094,-1575.785461111116,2064.210266777782,286.2803930555549,3155.6162291666737,217.56799970138889,1675.3341918915285,18.52991666666666,5562.428577777775,-6919.135643055563,3251.957784305555,1882.426561111111,148.4872000000014,23677.34272638888,STP,2013
344,2700.2821138888994,3.0,3227.094235416667,3497.2345361388952,614.2141740781778,-1261.1127138888896,2184.869431333341,3885.330361250003,4144.698874999999,-590.4933483333361,5302.389333333344,5637.661148645075,2138.722048611118,4510.730619444451,1764.5953055555556,305.28016972222224,2366.055770833339,1317.3783319444435,-3394.2543329166747,2019.629340277777,-1455.8043638888994,854.4212541666666,5113.761971069449,-9999.9,1328.9926777777805,9607.35164444444,4205.437950000009,3082.023609722226,1645.2754555555605,3940.347719444449,-9400.181388888892,4321.5308541666745,3420.195993736118,1045.9478722222211,4639.74746250001,-41.50798750000013,0.4429416666666665,5299.485888888876,1719269.8314444434,607.6781569444441,1753.6218036111131,4295.336115805561,2175932.1068611094,3725.131538888894,562.8085067777793,586.5173930555552,3444.973229166674,212.35070770138884,1360.362606591527,27.48991666666666,6363.679577777775,-1920.1536430555543,2840.6856843055543,1618.2915611111116,1762.428200000004,22619.10072638888,SYC,2013
355,399.9961138888903,3.0,3453.5572354166666,98.97063613888712,627.0631229521298,-3361.1897138888926,8011.885971333347,4521.6106612500025,3776.7888749999993,-590.253328333335,105.47833333333529,6176.524846053391,1455.301048611116,9.9656194444442,1858.2353055555557,482.3905697222222,-2334.957229166672,1419.2663319444434,-5794.78303291668,712.2083402777773,-1022.3083638888984,4716.112254166674,-505.1042589305598,-9999.9,-3773.3263222222313,10880.50064444444,-695.3730500000029,-2956.646390277785,345.22645555555755,3841.256819444449,-6789.313388888881,923.310854166668,5530.893223736123,809.4478722222193,830.5254625000016,317.98901249999983,0.4399416666666665,13425.395888888876,5109494.981444444,577.1791569444441,4942.863203611121,-716.9386641944475,5318422.53686111,-1675.4044611111167,62.77191677777592,-310.8326069444447,-1765.9547708333375,254.25256270138888,1355.1940546915273,24.65591666666666,7139.599577777775,-9521.33164305557,3121.582484305556,1376.1785611111118,7798.00820000001,20639.18872638888,SGP,2013
366,699.7911138888921,3.0,3266.568735416666,1593.13004613889,583.8996861542737,-2461.142713888891,-519.6217486666665,3272.503461250004,4142.848875,209.4987416666654,3005.7353333333403,5078.53744945413,-891.7199513888909,3010.695619444451,1460.5853055555554,380.2121697222223,2665.9127708333394,1327.1893319444434,-4894.691132916677,-394.2836597222215,-1455.8043638888994,-1561.5257458333365,1788.5493210694449,-9999.9,1728.8286777777812,9127.19664444444,1004.1299500000014,1376.7406097222247,145.21345555555672,4352.605819444449,-9299.763388888892,1923.3308541666704,605.3494237361128,-493.7891277777817,3933.604462500009,393.5880124999998,0.4509416666666663,6775.795888888876,1565240.8814444433,742.7271569444441,-558.2917963888913,442.12383580555615,2340437.5068611098,-475.306461111114,2863.159206777784,586.0303930555552,2431.103229166672,198.0517647013889,1219.6677075915268,20.686916666666654,5200.980577777776,-7521.297643055565,3293.137184305556,1579.8175611111114,450.5282000000016,21878.48572638888,SXM,2013
377,-1300.333886111113,3.0,-1850.338264583338,-909.8832138611142,552.3192670225937,-4461.292713888895,-220.26474866666467,3922.8725612500034,-469.3411250000008,-1890.6133683333385,1915.2093333333376,5195.21655541416,350.96304861111184,2210.283619444449,1783.9553055555552,294.5719697222222,-3135.339229166674,1386.1733319444436,-6294.828932916681,2096.357340277777,-889.5593638888968,-2464.061745833339,-1617.1670689305647,-9999.9,27.81567777777764,11705.41464444444,-1801.9620500000049,43.56360972222137,945.220455555558,-667.3882805555577,-9299.763388888892,-79.26614583333503,-301.5840762638891,416.2018722222183,2345.260462500006,-1642.2919874999995,0.4174416666666664,4978.895888888876,1923666.9814444436,-1993.8958430555551,249.45590361111044,-2156.102044194451,2069458.0668611096,2024.718538888892,-1237.416333222223,585.6813930555552,341.69422916666736,221.78102170138885,2061.5065149915263,35.01991666666666,7720.036577777775,-8520.365643055567,3567.645284305555,1871.244561111111,1559.8952000000045,49059.38472638889,SLB,2013
388,3100.079113888897,3.0,3406.7412354166668,4294.952036138897,575.5335537689617,-761.0937138888885,1183.5276113333375,4387.520961250003,4153.798875,1709.2436816666695,5843.125333333343,5127.771753103631,3707.22304861112,4511.030619444451,1822.5553055555552,403.4231697222223,4066.46877083334,1317.4783319444434,-2894.308432916672,412.8553402777775,-1330.8053638888996,-650.2947458333365,5191.9308010694485,-9999.9,2629.469677777782,8973.96464444444,109.73894999999902,2182.9326097222265,845.1944555555583,4152.304819444449,-9400.181388888892,4847.295854166676,1107.8926837361132,562.9518722222183,3140.0224625000083,383.9880124999999,0.4789416666666665,5076.105888888876,1620721.6314444433,732.427156944444,43.78220361111016,4449.062295805562,2036881.8668611096,3125.677538888894,4063.873846777784,584.5093930555552,1533.0622291666696,180.56227270138888,1416.7182936915272,19.43791666666666,5631.924577777775,-3318.523643055556,3507.1546843055544,1619.5955611111117,-350.34579999999914,20632.64572638888,KNA,2013
399,3700.5581138888992,3.0,3383.051735416667,2693.172176138892,577.4108512980498,-3861.282713888893,-621.4007486666669,4326.584861250003,4140.898875,1909.4476816666704,6319.222333333343,5088.255856244681,4509.740048611123,2210.353619444449,1832.4853055555557,455.2725697222222,4866.960770833339,1323.9633319444436,-5994.7819329166805,1721.6683402777771,-1255.3063638888998,-1158.2537458333363,5504.510951069447,-9999.9,3129.5346777777822,9384.21164444444,1906.7509500000035,-339.0423902777793,1445.2314555555604,1541.4048194444472,-9299.763388888892,2023.6678541666697,3716.12941373612,-744.0371277777831,2525.8084625000056,367.7880124999998,0.4494416666666663,5066.585888888876,1773466.981444443,717.7271569444441,543.5439036111111,5036.715915805561,1983619.8068611096,-175.10946111111298,3563.9263167777835,587.3163930555552,439.1732291666676,180.1217962013889,1367.1733787915273,21.98291666666666,7029.709577777776,-7520.511643055566,3368.193584305556,1675.7645611111116,-1751.0918000000038,23669.84972638888,VCT,2013
410,5399.991113888901,3.0,3356.8622354166664,3891.924276138896,576.4466624833617,-1061.0407138888895,179.52125133333448,4435.418061250003,4145.748874999999,-190.54431833333365,6414.522333333343,5240.62805052145,-1801.995951388892,3610.649619444452,1792.0853055555554,427.6557697222222,4566.663770833339,1397.9963319444437,-3194.6009329166736,2121.969340277777,-1305.8053638888978,551.539254166667,5586.705641069448,-9999.9,2729.578677777782,9312.01164444444,4103.508950000009,-136.2943902777788,-354.7965444444435,840.9018194444452,-9400.181388888892,4626.104854166678,1709.3039537361155,545.9518722222201,2837.975462500007,384.2880124999998,0.4874416666666665,5678.885888888876,1632244.7814444434,732.2271569444441,1746.1819036111135,4634.598815805562,2041391.2668611093,2725.741538888894,1863.6409467777808,586.9173930555552,4467.153229166674,186.0497612013889,1383.1284760915269,20.12391666666666,5639.974577777775,-7521.277643055564,3233.298784305556,1543.7985611111112,-1551.356800000005,24614.30772638888,LCA,2013
421,2601.2491138888954,3.0,1539.1972354166671,1695.2342161388906,611.3623236799058,-3361.1897138888926,3084.2167913333424,3024.250461250004,4137.848875,-890.7773483333358,5819.416333333344,6450.795748407076,2117.5660486111165,1010.1456194444464,1779.7553055555554,396.6145697222223,4266.506770833339,1304.7693319444436,-5794.782132916679,1609.5143402777771,-1155.0573638888982,1857.1402541666691,5511.167891069448,-9999.9,-572.6383222222239,10146.32764444444,2514.8549500000054,4451.939609722226,945.1994555555576,1947.2608194444483,-9299.763388888892,2822.8778541666725,3918.105083736119,562.9528722222203,640.4674625000016,-140.05698750000016,0.4619416666666665,5644.025888888876,1827139.3614444437,607.6281569444441,1247.341603611113,4015.5470358055622,2268778.56686111,24.60853888888778,-137.05019322222506,-211.9726069444448,1248.9052291666694,252.0258782013888,1482.0128899915271,22.76191666666666,6303.808577777775,-8320.487643055569,3776.368184305556,1975.4075611111111,3593.680200000009,30169.78872638888,SUR,2013
432,-100.13088611111198,3.0,1375.3782354166672,-1610.4654238611165,535.8633544876817,-4461.292713888895,4582.474905333347,3069.009861250005,-3276.8611250000004,-2090.7653683333383,2204.546333333339,5024.600552316672,3577.55704861112,-1890.4453805555604,1598.7053055555552,411.4865697222223,-34.69022916666654,1389.2653319444437,-6294.828932916681,1987.726340277777,-331.064363888896,2989.9652541666733,3817.729411069448,-9999.9,-3973.3443222222313,11783.60164444444,207.037949999999,3143.352609722226,245.21445555555687,-61.64718055555659,-8596.83738888889,-179.10414583333477,199.62631373611293,1520.9458722222216,2645.207462500006,-1841.8399874999996,0.4494416666666665,5068.715888888876,2307786.981444444,-1790.397843055555,1967.3603036111144,3409.2982558055623,2523882.3968611094,-975.6214611111144,463.34525677777947,490.5293930555554,48.6672291666664,297.94067470138896,1546.3949396915273,20.757916666666656,9957.979577777776,-9721.333643055572,2915.0920843055537,1753.940561111111,6879.9422000000095,23711.78972638888,TLS,2013
443,700.1431138888929,3.0,2494.8537354166665,2093.9767361388904,778.2885978251854,-3861.242713888893,7197.066255333347,4887.381061250003,4149.498874999999,-90.69127833333368,6209.067333333343,5192.344555681113,4479.019048611122,4010.565619444451,1689.8953055555553,450.1673697222223,766.0117708333355,1446.6413319444434,-5994.78103291668,1013.0993402777772,-1122.5573638888982,4348.054254166674,4716.262061069449,-9999.9,-2072.533322222227,11983.37964444444,-200.66805000000204,-2060.995390277784,1245.2124555555602,137.07281944444367,-8898.09138888889,623.3208541666663,4324.67023373612,123.20487222221892,-71.38553750000028,58.641012499999874,0.4804416666666665,6423.725888888876,3012144.981444444,610.7781569444442,5348.850603611121,3270.8584958055644,2846306.6768611097,-2775.883461111119,-1037.4901532222248,587.0963930555553,2267.3352291666715,254.7238657013889,1214.9583829915273,27.33891666666666,6383.954577777775,-9521.323643055572,3123.434884305556,1322.0115611111112,6954.22820000001,20359.46772638888,TTO,2013
454,4007.1481138888994,3.0,3189.4342354166665,-610.2782438611139,636.3891384833619,-4261.284713888894,-320.8973886666663,3324.0978612500035,4132.498874999999,-1790.7943683333388,2604.1703333333394,5709.636848147584,-1997.2209513888936,4110.684619444452,1901.365305555556,324.89056972222227,4666.302770833339,1281.1643319444436,-6194.829932916681,2111.602340277777,-1330.8053638888978,-2660.77974583334,3775.026041069448,-9999.9,3129.9946777777823,8956.26264444444,2316.016950000004,4055.083609722226,145.2114555555563,4745.570819444449,-9400.181388888892,-479.2101458333364,-702.2283962638885,258.4528722222185,6255.61146250001,367.0380124999998,0.5479416666666669,5075.605888888876,1665864.981444443,716.677156944444,-1157.4366963888924,148.44435580555546,1937734.5068611093,4725.091538888893,2264.5273067777807,-4715.860606944449,1052.077229166669,182.77134320138887,1950.8454108915275,17.017916666666657,5709.824577777776,-9521.32564305557,3423.5998843055568,1948.403561111112,347.477200000003,22867.04172638888,TON,2013
465,600.5911138888905,3.0,2991.9652354166665,-1510.4702938611172,1185.1967744695376,-4361.293713888896,-1721.9097486666687,3636.8355612500022,4129.898875,-1690.7223683333386,-681.4806666666655,5698.160747629459,-2295.1349513888927,5810.757619444451,2039.0553055555552,289.41556972222224,5066.038770833339,1387.7653319444437,-6194.829932916681,2115.797340277777,-1455.8043638888994,-3065.375745833341,-117.00233893055884,-9999.9,2827.607677777782,8628.40464444444,4738.142950000009,3571.968609722226,-154.7935444444447,4144.695819444449,-9400.181388888892,-579.221145833335,-2005.5917762638928,458.9508722222199,5662.73746250001,273.8890124999998,0.5464416666666667,6571.315888888876,1707824.7814444434,723.8771569444441,-2160.911996388896,-2251.3746441944504,1921814.6268611096,5225.086538888893,-1637.5773332222252,587.6123930555552,3057.0472291666733,179.65544770138888,1958.073795391528,24.523916666666658,5985.420577777775,-9721.333643055572,3841.012784305558,1966.946561111111,148.3771999999999,24478.74672638888,TUV,2013
476,1799.9641138888935,3.0,3335.7727354166664,3393.185986138893,561.2793473430418,-3061.176713888892,80.48225133333472,3846.4546612500026,4144.798875,909.5176916666688,1405.4193333333378,5655.484447867809,-378.7789513888874,109.99461944444374,1865.2753055555556,443.3375697222223,3866.16077083334,1334.9643319444435,-5494.736032916678,612.9723402777772,-1455.8043638888994,-1653.8207458333363,3295.6525410694485,-9999.9,-71.85332222222314,9670.07664444444,4005.849950000009,2981.7946097222266,-54.78954444444389,2449.93781944445,-9400.181388888892,3126.016854166673,-1503.1967762638906,-744.0371277777831,3845.625462500009,390.2380124999999,0.4749416666666665,6360.095888888876,1646532.3814444433,741.5771569444441,1145.291203611113,50.64795580555528,1994353.2368611093,1525.313538888891,162.69484677777928,587.0303930555552,2634.541229166673,178.68455120138887,1545.532685591527,23.156916666666657,5850.539577777776,-9521.32564305557,3125.365984305555,1690.0255611111115,-852.5448000000033,20439.78572638888,TCA,2013
487,99.90711388888847,3.0,3330.4862354166667,-1710.4641638611174,534.5735029672337,-4461.292713888895,-421.57127066666726,4838.569661250003,-1471.891125,-1890.67336833334,-687.5026666666654,5456.054455652493,-1084.9379513888907,5210.96361944445,1819.2253055555552,390.05556972222223,3366.5357708333395,1295.9373319444437,-6294.828932916681,2095.8763402777768,-955.8083638888984,-2962.8897458333404,-16.982128930558247,-9999.9,-171.7423222222233,9852.66064444444,-1299.8270500000044,-362.8523902777797,-54.79354444444471,3446.898519444449,-9400.181388888892,320.9488541666651,-2005.551776263892,-361.0401277777819,930.6644625000026,-3644.221987500003,0.4954416666666665,5579.635888888876,1899696.9814444436,-3591.9798430555584,-1759.720696388894,-2365.404044194452,1987272.1968611092,1925.119538888892,-937.2331832222244,581.3233930555552,-1466.5977708333369,202.3184707013889,1950.4557390915288,7.891916666666674,6178.989577777776,-9721.333643055572,3628.676084305555,1953.127561111111,2347.229200000007,26902.852726388875,VUT,2013
498,2000.087113888896,3.0,3384.0727354166665,1892.0195061388904,583.9717373499537,-2461.136713888891,1082.422251333337,3292.317061250005,4146.948874999999,409.5097016666687,-793.6906666666673,5124.823552014079,-56.10895138888736,1410.2616194444472,1887.6053055555556,347.35616972222226,3266.16677083334,1343.5173319444436,-4894.692032916678,-91.0336597222224,-1455.8043638888994,-1063.0247458333351,1587.7539310694456,-9999.9,-172.522322222223,8697.01264444444,3005.589950000006,1778.4866097222257,-54.78954444444389,1758.2668194444475,-9400.181388888892,1521.5008541666705,-499.1567762638897,-493.7891277777817,3239.7014625000074,390.13801249999983,0.4789416666666665,8436.795888888875,1562062.7414444434,737.677156944444,-558.0617963888917,-555.5340641944476,1959633.5268611093,-575.2354611111141,-937.4141732222251,587.1513930555552,3827.939229166674,204.00154370138893,1339.8311069915271,20.52591666666666,5043.286577777775,-7921.279643055567,3009.9154843055558,1383.3945611111112,-447.1268000000009,19471.70372638888,AIA,2013
509,1499.997113888895,3.0,3376.4862354166667,389.5705361388864,619.6236764885458,-3561.2037138888936,982.3732513333372,1451.2399612500012,4144.898875,-590.6603283333343,3614.232333333344,5831.902057452612,-1186.0039513888903,4610.769619444451,1861.2453055555552,386.8871697222222,4466.33477083334,1330.2703319444436,-5894.78203291668,1624.5543402777769,-1455.8043638888994,-1865.020745833337,1694.5827210694442,-9999.9,1027.9656777777795,8707.16964444444,2303.906950000005,2354.5806097222267,-54.78354444444267,4852.898719444449,-9400.181388888892,521.8018541666679,-298.1643062638896,-594.0381277777815,6347.05046250001,379.0880124999998,0.5044416666666666,6280.525888888876,1616683.2614444434,729.3771569444441,243.59020361111104,2587.2648358055617,1905192.5368611093,1224.7365388888902,-1037.2277532222251,584.5113930555552,3772.890229166674,180.8903347013889,1504.429812691527,16.578916666666665,5340.179577777775,-8520.505643055569,3471.427184305555,1616.5735611111113,285.9442000000008,22541.54972638888,COK,2013
520,699.7641138888912,3.0,3422.8137354166665,1290.196006138889,590.7118704937297,-3361.169713888892,780.9952513333365,4059.143161250003,4145.848875,-790.5983283333344,-994.827666666668,6042.179250717847,-794.6659513888899,2110.2846194444487,1868.7853055555552,375.1425697222222,3766.07177083334,1338.9193319444437,-5794.783932916681,-394.6346597222216,-1455.8043638888994,-1854.6557458333373,2586.347311069447,-9999.9,-672.0473222222245,8641.63264444444,3706.162950000008,2075.983609722226,-154.7935444444429,4056.260819444449,-9400.181388888892,-277.52814583333566,-1000.4417762638896,-744.0371277777831,4448.09946250001,389.0880124999998,0.5404416666666667,7335.545888888876,1544178.1314444433,736.8771569444441,-156.95819638889043,-472.9762841944457,1997122.6968611092,124.65753888888776,-1037.5503332222231,585.6063930555553,1941.248229166671,211.8627097013889,1298.313029991527,19.80991666666666,5203.535577777775,-8520.495643055569,3074.447384305555,1525.8395611111114,3665.868200000008,21375.95172638888,MSR,2013
531,4901.8561138889,3.0,3340.100735416667,1289.5619561388894,750.0454204868176,-3561.213713888894,-821.4987486666669,3447.953561250003,4139.348875,-290.7963283333338,2725.29033333334,5809.263653308075,905.897048611114,4910.856619444451,1909.8053055555552,317.98236972222224,5166.457770833339,1328.6663319444435,-5894.782932916681,1320.5553402777764,-1455.8043638888994,-2255.738745833338,3883.988621069448,-9999.9,2528.940677777782,8730.15864444444,2507.714950000005,3348.7306097222263,-154.78754444444348,4861.447419444448,-9400.181388888892,1820.9198541666688,-901.0927762638894,-469.0391277777817,5240.3014625000105,373.38801249999983,0.5084416666666666,5622.855888888876,1610047.1914444433,723.8771569444441,-857.7787963888923,1836.8785558055577,1937153.1668611097,3624.992538888894,2362.940956777781,585.1583930555552,3659.761229166674,178.3149132013889,1628.9986117915273,20.74891666666666,5643.659577777775,-8521.279643055568,3599.365484305556,1652.9095611111115,-852.0748000000021,24145.36972638888,TKL,2013
542,5301.237113888899,3.0,3302.6397354166666,789.5595061388885,720.4038456807697,-3861.246713888893,-1021.6767486666668,3758.537961250004,4133.948874999999,-90.77234833333478,4645.985333333343,7164.159849939617,219.7310486111137,5210.873619444451,1956.6053055555556,332.2037697222222,4566.84377083334,1207.5253319444437,-5994.78103291668,2125.613340277777,-1255.3063638888998,-1662.1937458333375,3785.410961069448,-9999.9,2128.844677777782,8799.28764444444,4108.228950000009,3852.0756097222256,-254.7965444444435,3850.46861944445,-9400.181388888892,1923.0528541666708,-1704.5220462638918,-636.0381277777833,5636.807462500011,370.2880124999998,0.5169416666666666,5008.055888888876,1517924.6714444433,719.7271569444441,-1358.4346963888938,1135.5599558055574,1912472.2568611093,3525.233538888894,563.1352267777775,585.3583930555552,3562.992229166674,178.8747907013889,1658.1740814915274,19.92591666666666,5147.243577777776,-8621.29464305557,3616.823884305555,1618.408561111111,248.35120000000188,26939.41372638888,NIU,2013
