,ihme-testicular-cancer,ihme-invasive-non-typhoidal-salmonella-(ints),ihme-autism-spectrum-disorders,ihme-non-melanoma-skin-cancer,ihme-intestinal-nematode-infections,ihme-oral-disorders,ihme-pruritus,ihme-cysticercosis,ihme-gout,ihme-neck-pain,ihme-acne-vulgaris,ihme-leprosy,ihme-rheumatoid-arthritis,"ihme-endocrine,-metabolic,-blood,-and-immune-disorders",ihme-pancreatitis,ihme-osteoarthritis,ihme-stroke,ihme-cardiomyopathy-and-myocarditis,ihme-alopecia-areata,ihme-chronic-kidney-disease,ihme-esophageal-cancer,ihme-vitamin-a-deficiency,"ihme-tracheal,-bronchus,-and-lung-cancer",ihme-non-rheumatic-valvular-heart-disease,ihme-multiple-sclerosis,ihme-onchocerciasis,ihme-dietary-iron-deficiency,ihme-conduct-disorder,ihme-other-intestinal-infectious-diseases,ihme-conflict-and-terrorism,ihme-scabies,ihme-low-back-pain,ihme-otitis-media,ihme-drug-use-disorders,ihme-african-trypanosomiasis,ihme-cervical-cancer,ihme-pneumoconiosis,ihme-diabetes-mellitus,ihme-asthma,ihme-hiv/aids,ihme-larynx-cancer,ihme-uterine-cancer,ihme-appendicitis,ihme-varicella-and-herpes-zoster,ihme-bladder-cancer,ihme-bacterial-skin-diseases,ihme-other-transport-injuries,ihme-prostate-cancer,ihme-mesothelioma,ihme-self-harm,ihme-nasopharynx-cancer,ihme-lower-respiratory-infections,ihme-other-pharynx-cancer,ihme-zika-virus,ihme-animal-contact,ihme-ovarian-cancer,ihme-ebola,ihme-anxiety-disorders,ihme-liver-cancer,ihme-non-hodgkin-lymphoma,ihme-leishmaniasis,ihme-other-digestive-diseases,ihme-dermatitis,ihme-aortic-aneurysm,ihme-tuberculosis,ihme-idiopathic-developmental-intellectual-disability,ihme-foreign-body,ihme-poisonings,ihme-other-unintentional-injuries,ihme-headache-disorders,ihme-hemoglobinopathies-and-hemolytic-anemias,ihme-sexually-transmitted-infections-excluding-hiv,ihme-guinea-worm-disease,ihme-hypertensive-heart-disease,ihme-other-musculoskeletal-disorders,ihme-rheumatic-heart-disease,ihme-diphtheria,ihme-gallbladder-and-biliary-tract-cancer,ihme-iodine-deficiency,ihme-exposure-to-forces-of-nature,ihme-alcohol-use-disorders,ihme-upper-digestive-system-diseases,ihme-motor-neuron-disease,"ihme-fire,-heat,-and-hot-substances",ihme-other-neurological-disorders,ihme-stomach-cancer,ihme-upper-respiratory-infections,ihme-ischemic-heart-disease,ihme-lymphatic-filariasis,ihme-alzheimer's-disease-and-other-dementias,ihme-attention-deficit/hyperactivity-disorder,ihme-urinary-diseases-and-male-infertility,ihme-chagas-disease,ihme-urticaria,ihme-meningitis,ihme-hodgkin-lymphoma,ihme-blindness-and-vision-loss,ihme-environmental-heat-and-cold-exposure,ihme-other-sense-organ-diseases,ihme-pancreatic-cancer,ihme-vascular-intestinal-disorders,ihme-other-nutritional-deficiencies,ihme-yellow-fever,ihme-inflammatory-bowel-disease,ihme-idiopathic-epilepsy,ihme-other-skin-and-subcutaneous-diseases,ihme-diarrheal-diseases,ihme-parkinson's-disease,ihme-drowning,ihme-adverse-effects-of-medical-treatment,ihme-other-malignant-neoplasms,ihme-whooping-cough,ihme-food-borne-trematodiases,ihme-endocarditis,ihme-interstitial-lung-disease-and-pulmonary-sarcoidosis,ihme-gallbladder-and-biliary-diseases,ihme-lip-and-oral-cavity-cancer,ihme-executions-and-police-conflict,ihme-exposure-to-mechanical-forces,ihme-paralytic-ileus-and-intestinal-obstruction,ihme-decubitus-ulcer,ihme-maternal-disorders,ihme-congenital-birth-defects,ihme-multiple-myeloma,ihme-kidney-cancer,ihme-gynecological-diseases,ihme-malaria,ihme-rabies,ihme-trachoma,ihme-eating-disorders,ihme-protein-energy-malnutrition,ihme-chronic-obstructive-pulmonary-disease,ihme-cystic-echinococcosis,ihme-peripheral-artery-disease,ihme-interpersonal-violence,ihme-colon-and-rectum-cancer,ihme-atrial-fibrillation-and-flutter,ihme-acute-hepatitis,ihme-leukemia,ihme-sudden-infant-death-syndrome,ihme-other-neoplasms,ihme-thyroid-cancer,ihme-breast-cancer,"ihme-inguinal,-femoral,-and-abdominal-hernia",ihme-malignant-skin-melanoma,ihme-encephalitis,ihme-schizophrenia,ihme-psoriasis,ihme-measles,ihme-other-chronic-respiratory-diseases,ihme-age-related-and-other-hearing-loss,ihme-acute-glomerulonephritis,ihme-schistosomiasis,ihme-falls,ihme-typhoid-and-paratyphoid,ihme-other-unspecified-infectious-diseases,ihme-dengue,ihme-other-cardiovascular-and-circulatory-diseases,ihme-brain-and-central-nervous-system-cancer,ihme-bipolar-disorder,ihme-depressive-disorders,ihme-other-neglected-tropical-diseases,ihme-fungal-skin-diseases,ihme-cirrhosis-and-other-chronic-liver-diseases,ihme-neonatal-disorders,ihme-viral-skin-diseases,ihme-road-injuries,ihme-other-mental-disorders,Country Code,year
2,,,,,,,,,,,,,,,,,,,,,,,,,,,,,,,,,,,,,,,,,,,,,,,,,,,,,,,,,,,,,,,,,,,,,,,,,,,,,,,,,,,,,,,,,,,,,,,,,,,,,,,,,,,,,,,,,,,,,,,,,,,,,,,,,,,,,,,,,,,,,,,,,,,,,,,,,,,,,,,,,,,,,,,,,ATG,2012
13,0.0010063067474546,0.0005441150232157,0.0024570628572805,0.0011752965915487,0.0010374195022202,0.0162450473141928,0.0003563361825215,0.002218852236464,0.0006625162083235,0.0112479789902102,0.0026385302389127,2.801990841369777e-05,0.0024150269774566,0.0191557289403069,0.0026470990729376,0.0094959282119759,0.0773817679503866,0.0118756634996942,0.0002723164153527,0.0525282780488136,0.0071343306127984,0.0005016654715413,0.0296000015601491,0.002044090602601,0.0009833513198262,6.1534764486309775e-09,0.0142764386260425,0.003101377069831,4.397863599027306e-05,0.0013183915241386,0.0059087889931526,0.0331181154116864,0.0010140920311053,0.0073773072092038,0.0,0.0112950969778728,0.0002206956876025,0.1466089778929175,0.0157968129031005,0.0539491625723484,0.0035584065266941,0.0046358977853894,0.0010587409189676,0.000442791270794,0.0036171712015488,0.0036766808764049,0.0036259904458068,0.0304393882969626,0.0004873276031318,0.0226225081534422,0.0013321925018937,0.0691965710919578,0.0019145970706177,0.0001214266336501,0.0019034877895807,0.0051743383613008,0.0,0.0172269621483682,0.0102054325156734,0.0082500433615101,6.4734739544121045e-06,0.0027244633408437,0.0061985987108297,0.0033613844778891,0.0142520387797809,0.0011822640096056,0.0053039361040669,0.0023227564652836,0.0070261043961563,0.0254219904238936,0.0111911161848079,0.0079294316935613,0.0,0.0350758533048936,0.025169180836491,0.0067059047786006,3.94483673626805e-05,0.0018045533506131,0.000361238701479,0.0060917770734036,0.0187331543899653,0.0112970361410613,0.001014395017692,0.0071745945944896,0.0033742854456709,0.0122432245532271,0.0036347038800602,0.1051344594693205,0.0044573566668022,0.014968546459208,0.0014242699541721,0.007620710359797,1.3410544124551572e-05,0.0019440494218324,0.008450423903175,0.0009649426814209,0.0114424616529268,0.0020295369800181,0.0016156334145613,0.0080335734846995,0.0012556497903542,0.0010827898851359,9.241017993556674e-05,0.0011580662835179,0.0113192085312548,0.0025415996650457,0.0207541768557312,0.0049857391647005,0.0168322237654108,0.0046618316531363,0.0092762950495935,0.0060044218752802,0.0,0.0026474075016267,0.0037254702212198,0.0030146277493783,0.0059121292339024,0.0004627234241027,0.013081468364403,0.0038938561846773,0.0042498224754559,0.0062260656215137,0.0286354774311933,0.0053570515296349,0.0029616244019131,0.0198717809418879,0.0069051504850895,0.0002245501116257,1.2245432505126262e-05,0.0027000699086634,0.0079382143019793,0.0250700498240833,1.0816349265489264e-05,0.003096063889593,0.0401452264660204,0.0203025381957719,0.0045590035182254,0.0011328737720788,0.0075963629633585,0.001027637221347,0.0009618081507744,0.0010426627131456,0.0247156610712609,0.0031763987330675,0.0014683942636624,0.0021799422046193,0.0110234975575373,0.001567811588797,0.0060924870533769,0.002849989490322,0.025609363970596,0.0001267059913875,0.0027107499545709,0.017011013680392,0.0041233547810083,0.0054837000756084,0.0067669027083567,0.0109430641138267,0.0053195151962151,0.0087525948636817,0.0305397657573538,0.0012237893810215,0.0024095956981872,0.0235964033080161,0.0945267443033376,0.002176183386725,0.0443333246983689,0.0061103668302848,ABW,2012
24,,,,,,,,,,,,,,,,,,,,,,,,,,,,,,,,,,,,,,,,,,,,,,,,,,,,,,,,,,,,,,,,,,,,,,,,,,,,,,,,,,,,,,,,,,,,,,,,,,,,,,,,,,,,,,,,,,,,,,,,,,,,,,,,,,,,,,,,,,,,,,,,,,,,,,,,,,,,,,,,,,,,,,,,,BHS,2012
35,,,,,,,,,,,,,,,,,,,,,,,,,,,,,,,,,,,,,,,,,,,,,,,,,,,,,,,,,,,,,,,,,,,,,,,,,,,,,,,,,,,,,,,,,,,,,,,,,,,,,,,,,,,,,,,,,,,,,,,,,,,,,,,,,,,,,,,,,,,,,,,,,,,,,,,,,,,,,,,,,,,,,,,,,BMU,2012
46,,,,,,,,,,,,,,,,,,,,,,,,,,,,,,,,,,,,,,,,,,,,,,,,,,,,,,,,,,,,,,,,,,,,,,,,,,,,,,,,,,,,,,,,,,,,,,,,,,,,,,,,,,,,,,,,,,,,,,,,,,,,,,,,,,,,,,,,,,,,,,,,,,,,,,,,,,,,,,,,,,,,,,,,,BHR,2012
57,,,,,,,,,,,,,,,,,,,,,,,,,,,,,,,,,,,,,,,,,,,,,,,,,,,,,,,,,,,,,,,,,,,,,,,,,,,,,,,,,,,,,,,,,,,,,,,,,,,,,,,,,,,,,,,,,,,,,,,,,,,,,,,,,,,,,,,,,,,,,,,,,,,,,,,,,,,,,,,,,,,,,,,,,BRB,2012
68,,,,,,,,,,,,,,,,,,,,,,,,,,,,,,,,,,,,,,,,,,,,,,,,,,,,,,,,,,,,,,,,,,,,,,,,,,,,,,,,,,,,,,,,,,,,,,,,,,,,,,,,,,,,,,,,,,,,,,,,,,,,,,,,,,,,,,,,,,,,,,,,,,,,,,,,,,,,,,,,,,,,,,,,,BLZ,2012
79,0.0009971094540107,0.0005298123093188,0.0025268993089539,0.0011442287539021,0.0011437532525862,0.0152258597216244,0.0003965650484373,0.0026284423751045,0.0007652776387137,0.0100471380673661,0.0026125451249894,2.8959181053795994e-05,0.0025867988248823,0.0190436559623134,0.0026673016602448,0.0098875245469237,0.0742567902008844,0.0117573699437531,0.0003370844295959,0.0508064758492373,0.0065937390492389,0.0005418077606425,0.0353855083020528,0.0022041982232473,0.0010478209392493,6.1534764486309775e-09,0.0125653713473876,0.0030850281274002,3.904251645837578e-05,0.0014465330402931,0.0051366715760963,0.0331048646585781,0.0010801197475565,0.0061439704979948,0.0,0.011779006071504,0.0002135162657841,0.1344905121847426,0.0155953806899944,0.0651359486354943,0.0029737645661463,0.0042471716406659,0.0008696961695451,0.0004261257871818,0.0036515242111232,0.003817372413492,0.0038931555141028,0.0288945166637881,0.000503348611506,0.0226156795449919,0.001404256381427,0.0652043082409527,0.002156219009875,0.0001074597972152,0.0018796125608927,0.0055281651231092,0.0,0.0177974628700495,0.0101665474724773,0.0084587587136219,6.609652639679512e-06,0.0027765803059066,0.006482043248434,0.0037350522972257,0.0149871327596406,0.0012053133190899,0.0060698811513322,0.0022189592998292,0.0067922808731006,0.0249383235016561,0.010849034648987,0.0082494921536648,0.0,0.0416010218762323,0.0272260476176572,0.006590957617599,4.1756529293601886e-05,0.0017198033660362,0.0003816762485835,0.0067379488547415,0.015556269954339,0.0112549156028648,0.0009856668590786,0.0076936813161379,0.0038146398041033,0.0106016473878617,0.0036398748852303,0.1154684651486839,0.0044573566668022,0.0151087815517486,0.001460247067422,0.007663105579215,1.1671535419974172e-05,0.0019241020253883,0.0080822061334561,0.0007866107466768,0.0111237992279423,0.0023875369933037,0.0016618468521853,0.0082901882748339,0.0011988857356964,0.0011438358731349,9.144557142702696e-05,0.0013479799320883,0.0119685404296362,0.0026427501809602,0.0209968206563457,0.0045710220357144,0.0186839272610377,0.0045855375496488,0.0093083976597227,0.0041277470404356,0.0,0.0029137434024024,0.0038099364942259,0.0029932804760352,0.0056637409324935,0.0004280105761275,0.0172663854463088,0.0038877700559757,0.0042970108614418,0.0058016864147831,0.0274981859724164,0.0046709267861421,0.0032755257960469,0.0191402991309538,0.0069066340295898,0.0002202640139726,1.2245432505126262e-05,0.0023857168660749,0.0071973709139557,0.0325932537290616,1.0192993212568423e-05,0.0038960653350967,0.0482011838546332,0.0216092311584524,0.0045690837302143,0.0011387213069513,0.00677480355871,0.001075025776209,0.0007823786727253,0.0009824620401192,0.0267340755981206,0.0031698423304102,0.0011856003923597,0.0021357053930475,0.011039983329102,0.0015360645485875,0.0064918273763657,0.0029399926699163,0.0265585224660104,9.613941393565335e-05,0.0026013352409116,0.0177893778528182,0.0033636514332145,0.0050059365375437,0.006156942524578,0.0141120552075175,0.0048642605840617,0.0089597842526025,0.0287568949809541,0.0013287543371285,0.0023554368016492,0.0233890311757043,0.0883378477149861,0.0021884295156011,0.0446737153208361,0.0056483730859133,VGB,2012
90,,,,,,,,,,,,,,,,,,,,,,,,,,,,,,,,,,,,,,,,,,,,,,,,,,,,,,,,,,,,,,,,,,,,,,,,,,,,,,,,,,,,,,,,,,,,,,,,,,,,,,,,,,,,,,,,,,,,,,,,,,,,,,,,,,,,,,,,,,,,,,,,,,,,,,,,,,,,,,,,,,,,,,,,,CPV,2012
101,0.0008785792261969,0.000494945913636,0.002528709803953,0.001203177398951,0.0010846202444401,0.0155019911684466,0.0003672133533743,0.0027787406210415,0.0007383486436791,0.0111773680965543,0.0026778179341301,2.7209263639141063e-05,0.0027358228675792,0.0218306554460419,0.0028705779988185,0.0119643260099739,0.0796250130796845,0.0128145037815126,0.0002612246383509,0.0505955152383217,0.0066084807051323,0.0004928047904361,0.0324724031065253,0.0022446323719446,0.0009399292381053,6.1534764486309775e-09,0.0126394975503851,0.0028376515416818,4.06259180656675e-05,0.0013902715786552,0.0052603234517961,0.0352298174567947,0.0009993906986123,0.0092238356155489,0.0,0.0108623483373521,0.0002203755644809,0.1305647403960614,0.0148410450855067,0.0573567385341997,0.0035063483461692,0.0043221925250267,0.0009548523785769,0.0004331847553167,0.0039022467225247,0.0031916881471148,0.0046913834713571,0.0303989330155147,0.0006383450605405,0.0257192294755738,0.0013972575525569,0.0607134315844284,0.0025317552484866,0.0001497622482958,0.0018295429595374,0.0057326716182596,0.0,0.0175298098101066,0.0098022006050394,0.0092047049708457,6.473387894633863e-06,0.0024199109164235,0.0065118038142894,0.0040342758706386,0.0140415348765787,0.0011125358429271,0.0052655744843779,0.0021990251486283,0.0072367680086855,0.0252686546083764,0.0093624980895215,0.0077974596710609,0.0,0.0321822211898931,0.0301481211756346,0.0064084684233549,3.901999237153366e-05,0.0017330338859575,0.000378314967429,0.0064364962889707,0.0167064457240195,0.0118491617264923,0.0011604472754049,0.0071734486136073,0.0040922094383833,0.0124670375762226,0.0036797079526058,0.1091051854301921,0.0044573566668022,0.0150668726740657,0.0015838034850302,0.0068532106403504,1.1553686602563732e-05,0.0019103415871819,0.0077321550552523,0.0008856217989846,0.0114463113604869,0.0020700752009106,0.0019699172782709,0.0087163077123697,0.0012536185320374,0.00104407809821,9.144557142702696e-05,0.0013604536833457,0.0117648222828841,0.0026187972533126,0.0200062441746914,0.005646564588729,0.0173946485556604,0.0049619377081432,0.0089309628278678,0.0061582825997373,0.0,0.0027741136039016,0.0051976359802575,0.0028951824464122,0.0060133256813216,0.0005739823138861,0.0144038870779389,0.0039373341555798,0.0039180780173714,0.005865618190507,0.0298547218643899,0.0050171834197073,0.0047287935454982,0.0214096422423911,0.0069051504850895,0.0002197124602116,1.2245432505126262e-05,0.0028656570714567,0.0069578217634032,0.0329718783707827,1.0116580100686098e-05,0.0031463534773176,0.0461278283608653,0.0288249900527239,0.0042886807882384,0.001128002085367,0.0078503659131306,0.0010787624807223,0.0011259200354119,0.0009969079923627,0.0239024114105032,0.0033203432970919,0.0012016436262721,0.0018029104060251,0.0114431879766364,0.0015655755229017,0.006398866964191,0.0027904674686628,0.025589052222891,0.0001189474966348,0.0027126559266902,0.0172236105805233,0.0035878951714299,0.0049730846025013,0.0061848909931057,0.0136741925632672,0.0049630127845936,0.009126262952158,0.0306206283757863,0.0012539890221805,0.0024909822196209,0.0229308313526746,0.0872726949658875,0.0021823628813544,0.0392362634410894,0.0055502234126311,CYM,2012
112,,,,,,,,,,,,,,,,,,,,,,,,,,,,,,,,,,,,,,,,,,,,,,,,,,,,,,,,,,,,,,,,,,,,,,,,,,,,,,,,,,,,,,,,,,,,,,,,,,,,,,,,,,,,,,,,,,,,,,,,,,,,,,,,,,,,,,,,,,,,,,,,,,,,,,,,,,,,,,,,,,,,,,,,,COM,2012
123,,,,,,,,,,,,,,,,,,,,,,,,,,,,,,,,,,,,,,,,,,,,,,,,,,,,,,,,,,,,,,,,,,,,,,,,,,,,,,,,,,,,,,,,,,,,,,,,,,,,,,,,,,,,,,,,,,,,,,,,,,,,,,,,,,,,,,,,,,,,,,,,,,,,,,,,,,,,,,,,,,,,,,,,,CUB,2012
134,0.0008550207898578,0.0005224969630677,0.0024020918289808,0.0010495379615807,0.0010547946470468,0.0159095311505658,0.000342066359173,0.0021778652419716,0.0007245757961109,0.0109585176630762,0.0025959571092339,2.736468157439168e-05,0.0022786659990451,0.0189954429687959,0.0025195459630686,0.0123766003322848,0.0780496056357025,0.0093289523189224,0.0002488301241704,0.0524182058645273,0.0075134346898322,0.0005276105161366,0.0326556813605735,0.0022978399738832,0.0010153171937793,6.1534764486309775e-09,0.0131862450081662,0.0031515366323548,3.984391953821379e-05,0.0013559168572639,0.0050078908062036,0.033545831394684,0.0010355472389709,0.0070806217205559,0.0,0.0111535688950824,0.0002133392785931,0.1404362162442606,0.0160785428939603,0.0596359344287576,0.0028165044379463,0.0045295818744685,0.0010310988977157,0.0004500459301995,0.0036903830412707,0.0036795254994403,0.0040496264470994,0.0308369975309145,0.0004795953594415,0.0241249799686582,0.0013012877519805,0.068213257118806,0.0022526410803499,9.720689081104872e-05,0.001842712994408,0.0054101852151585,0.0,0.0163357086430451,0.0096973193248476,0.0078218985841422,6.48377330952206e-06,0.0024040543507924,0.0063658646250624,0.0035118073209886,0.0141914390327322,0.0011198791955447,0.0054052799647941,0.0022494186581857,0.0067569604358649,0.0254422648580451,0.01092961660514,0.0078363573434328,0.0,0.0409339356685058,0.0253946682395282,0.006427583181866,3.878249233082974e-05,0.0016332254136851,0.0004008976674291,0.0064690030730612,0.0187161603423332,0.0105483382269922,0.0010710642859032,0.008667867593308,0.0036797350615827,0.011736558775775,0.0036475839267277,0.1075854656379947,0.0044979181821098,0.0138652386912913,0.0013846762424826,0.0070025192749589,1.218086156701084e-05,0.0019658143705194,0.0080486925386338,0.0009630045379261,0.010967104590012,0.0020466406548154,0.0016906821471776,0.008309556310609,0.0012798285618732,0.0009393351208273,9.179816095638536e-05,0.0012991501361646,0.0117170021370895,0.0024456059730711,0.0206241042680918,0.0047179003382304,0.0162329369850906,0.0045706876499015,0.009335665980818,0.005912673655608,0.0,0.0027787077404198,0.0040277078815744,0.0031305860586685,0.0056868758422655,0.0004495972532254,0.0139169109500647,0.0040597205085871,0.0039899994131463,0.0061476092492171,0.0279109612416078,0.0052190828500079,0.0032729700893411,0.0183732217368717,0.0069051504850895,0.0002179606760352,1.2245432505126262e-05,0.0028139421965484,0.0083732328974968,0.0241034740883679,1.1108089188797457e-05,0.0048439803339826,0.0439502290360935,0.0254616197678452,0.0050515448397382,0.0011290749321833,0.0076951446003383,0.0010244490446628,0.0007575152147076,0.000973147106495,0.0245808328394055,0.0033237146062816,0.0012252267998316,0.0022001518407621,0.0109816930980839,0.0014278365489449,0.0060520995090693,0.0030313761753665,0.0256892233100039,0.0001021036852298,0.0027037216026453,0.0159667433484175,0.0051944659266473,0.0056382930824946,0.0064346910649991,0.0094388548844541,0.0056605165612312,0.0082263597690457,0.0308898868404226,0.0013099376933645,0.0024275875338928,0.0227313199931734,0.0864937624024012,0.0022258521609931,0.0404233380689781,0.0057646336157027,CUW,2012
145,,,,,,,,,,,,,,,,,,,,,,,,,,,,,,,,,,,,,,,,,,,,,,,,,,,,,,,,,,,,,,,,,,,,,,,,,,,,,,,,,,,,,,,,,,,,,,,,,,,,,,,,,,,,,,,,,,,,,,,,,,,,,,,,,,,,,,,,,,,,,,,,,,,,,,,,,,,,,,,,,,,,,,,,,DMA,2012
156,,,,,,,,,,,,,,,,,,,,,,,,,,,,,,,,,,,,,,,,,,,,,,,,,,,,,,,,,,,,,,,,,,,,,,,,,,,,,,,,,,,,,,,,,,,,,,,,,,,,,,,,,,,,,,,,,,,,,,,,,,,,,,,,,,,,,,,,,,,,,,,,,,,,,,,,,,,,,,,,,,,,,,,,,DOM,2012
167,,,,,,,,,,,,,,,,,,,,,,,,,,,,,,,,,,,,,,,,,,,,,,,,,,,,,,,,,,,,,,,,,,,,,,,,,,,,,,,,,,,,,,,,,,,,,,,,,,,,,,,,,,,,,,,,,,,,,,,,,,,,,,,,,,,,,,,,,,,,,,,,,,,,,,,,,,,,,,,,,,,,,,,,,FJI,2012
178,,,,,,,,,,,,,,,,,,,,,,,,,,,,,,,,,,,,,,,,,,,,,,,,,,,,,,,,,,,,,,,,,,,,,,,,,,,,,,,,,,,,,,,,,,,,,,,,,,,,,,,,,,,,,,,,,,,,,,,,,,,,,,,,,,,,,,,,,,,,,,,,,,,,,,,,,,,,,,,,,,,,,,,,,GRD,2012
189,,,,,,,,,,,,,,,,,,,,,,,,,,,,,,,,,,,,,,,,,,,,,,,,,,,,,,,,,,,,,,,,,,,,,,,,,,,,,,,,,,,,,,,,,,,,,,,,,,,,,,,,,,,,,,,,,,,,,,,,,,,,,,,,,,,,,,,,,,,,,,,,,,,,,,,,,,,,,,,,,,,,,,,,,GNB,2012
200,,,,,,,,,,,,,,,,,,,,,,,,,,,,,,,,,,,,,,,,,,,,,,,,,,,,,,,,,,,,,,,,,,,,,,,,,,,,,,,,,,,,,,,,,,,,,,,,,,,,,,,,,,,,,,,,,,,,,,,,,,,,,,,,,,,,,,,,,,,,,,,,,,,,,,,,,,,,,,,,,,,,,,,,,GUY,2012
211,,,,,,,,,,,,,,,,,,,,,,,,,,,,,,,,,,,,,,,,,,,,,,,,,,,,,,,,,,,,,,,,,,,,,,,,,,,,,,,,,,,,,,,,,,,,,,,,,,,,,,,,,,,,,,,,,,,,,,,,,,,,,,,,,,,,,,,,,,,,,,,,,,,,,,,,,,,,,,,,,,,,,,,,,HTI,2012
222,,,,,,,,,,,,,,,,,,,,,,,,,,,,,,,,,,,,,,,,,,,,,,,,,,,,,,,,,,,,,,,,,,,,,,,,,,,,,,,,,,,,,,,,,,,,,,,,,,,,,,,,,,,,,,,,,,,,,,,,,,,,,,,,,,,,,,,,,,,,,,,,,,,,,,,,,,,,,,,,,,,,,,,,,JAM,2012
233,,,,,,,,,,,,,,,,,,,,,,,,,,,,,,,,,,,,,,,,,,,,,,,,,,,,,,,,,,,,,,,,,,,,,,,,,,,,,,,,,,,,,,,,,,,,,,,,,,,,,,,,,,,,,,,,,,,,,,,,,,,,,,,,,,,,,,,,,,,,,,,,,,,,,,,,,,,,,,,,,,,,,,,,,KIR,2012
244,,,,,,,,,,,,,,,,,,,,,,,,,,,,,,,,,,,,,,,,,,,,,,,,,,,,,,,,,,,,,,,,,,,,,,,,,,,,,,,,,,,,,,,,,,,,,,,,,,,,,,,,,,,,,,,,,,,,,,,,,,,,,,,,,,,,,,,,,,,,,,,,,,,,,,,,,,,,,,,,,,,,,,,,,MDV,2012
255,,,,,,,,,,,,,,,,,,,,,,,,,,,,,,,,,,,,,,,,,,,,,,,,,,,,,,,,,,,,,,,,,,,,,,,,,,,,,,,,,,,,,,,,,,,,,,,,,,,,,,,,,,,,,,,,,,,,,,,,,,,,,,,,,,,,,,,,,,,,,,,,,,,,,,,,,,,,,,,,,,,,,,,,,MHL,2012
266,,,,,,,,,,,,,,,,,,,,,,,,,,,,,,,,,,,,,,,,,,,,,,,,,,,,,,,,,,,,,,,,,,,,,,,,,,,,,,,,,,,,,,,,,,,,,,,,,,,,,,,,,,,,,,,,,,,,,,,,,,,,,,,,,,,,,,,,,,,,,,,,,,,,,,,,,,,,,,,,,,,,,,,,,MUS,2012
277,0.0015598270177661,0.0007664522774767,0.0019014728616506,0.0008728461291308,0.0019653412361244,0.0090781864730505,0.0003145396540322,0.0016853249103049,0.0006727696837481,0.0118533373024075,0.0025649949258411,5.257176784844544e-05,0.0012202327250167,0.013522203677991,0.0026384461294763,0.0062193480624344,0.0937426699049684,0.0068820157581699,0.0002738697969714,0.0447661620857758,0.0049241039224872,0.0012182106601498,0.026214379875489,0.0015112493923286,0.0005030222846705,1.1235428347798909e-07,0.0172460429451715,0.0026753127600937,8.171171610383358e-05,0.001274267251533,0.0053439501358798,0.028064935466242,0.0011773100136853,0.005058665741746,0.0,0.0104830347685452,0.0002377856538278,0.1372988969696308,0.0218364315072675,0.0482079208501225,0.0018310501875306,0.0029759386713993,0.0009587751226876,0.0007670042631498,0.0024243917932351,0.0030286484560064,0.0056221970942586,0.0144443061424319,0.0003884213189894,0.0460264294772701,0.0013152785874917,0.0842742063753849,0.001112571280258,4.168852199286743e-05,0.0022860730221727,0.002976422412426,0.0,0.0130856199615681,0.0112102123707507,0.0050964610594711,6.6104053037210086e-06,0.0017488066930948,0.0058164082023485,0.0026685359073672,0.027436899841352,0.0020127818601215,0.0067968138928095,0.0029329127176773,0.0077859888325171,0.0210710937132135,0.0087235379558167,0.0139640723069075,0.0,0.0285255111790442,0.0135559881261539,0.0165322153545131,7.914215660229413e-05,0.0010792700887215,0.0002866126950188,0.0066623404541465,0.0099479191955828,0.0089545623863821,0.0005360391668958,0.0067474871537727,0.0025571630607388,0.0109884566140361,0.0030604611088979,0.1451800995129502,0.0050607653306026,0.0071168438226433,0.0009056979668471,0.0051361568345015,1.1339515285747573e-05,0.0016900602560939,0.0119343540113639,0.0007039650731281,0.0090017514232222,0.0017380430470144,0.000958897224645,0.0045480905436748,0.0008001364237573,0.0007497057794145,0.0001585257007153,0.0009816062585781,0.0089897745451001,0.0015514676766036,0.0399493457161579,0.0036384185586951,0.0275843591172543,0.0047716033110408,0.008123451455036,0.0104058522964719,0.0,0.0025825505791451,0.0044055776121799,0.0027839403446825,0.004588123503025,0.000405759726937,0.0123671612071159,0.0033311088354793,0.0022934669978886,0.0096345364290533,0.0385085036409596,0.0027086525361271,0.0018049466295575,0.0158701467960483,0.0109633462095789,0.0003271086153967,1.516706345444722e-05,0.0012897312085006,0.0106471296673491,0.034576936425622,1.3586655524029998e-05,0.0019636636447157,0.0401301776526699,0.0111709629845061,0.0027472010854442,0.0019518533928297,0.0071095643922231,0.0018438515706084,0.0004849758310165,0.0006706598600168,0.014200953276081,0.0026617227367888,0.0009110058648034,0.0019389485973324,0.0066399099036705,0.001150351851891,0.0101549020415009,0.0047292207503984,0.0176431959841095,0.0001071152294708,0.0024113299649354,0.0142945057340516,0.0050501176737649,0.0066583691938955,0.0067089273795477,0.0092536618167174,0.0035994394015713,0.0035181636652344,0.019292630407675,0.0020225770740555,0.0019095757848115,0.027525312432494,0.1453503391094178,0.0021951814045704,0.047362940698794,0.0039589198255335,FSM,2012
288,,,,,,,,,,,,,,,,,,,,,,,,,,,,,,,,,,,,,,,,,,,,,,,,,,,,,,,,,,,,,,,,,,,,,,,,,,,,,,,,,,,,,,,,,,,,,,,,,,,,,,,,,,,,,,,,,,,,,,,,,,,,,,,,,,,,,,,,,,,,,,,,,,,,,,,,,,,,,,,,,,,,,,,,,NRU,2012
299,,,,,,,,,,,,,,,,,,,,,,,,,,,,,,,,,,,,,,,,,,,,,,,,,,,,,,,,,,,,,,,,,,,,,,,,,,,,,,,,,,,,,,,,,,,,,,,,,,,,,,,,,,,,,,,,,,,,,,,,,,,,,,,,,,,,,,,,,,,,,,,,,,,,,,,,,,,,,,,,,,,,,,,,,PLW,2012
310,,,,,,,,,,,,,,,,,,,,,,,,,,,,,,,,,,,,,,,,,,,,,,,,,,,,,,,,,,,,,,,,,,,,,,,,,,,,,,,,,,,,,,,,,,,,,,,,,,,,,,,,,,,,,,,,,,,,,,,,,,,,,,,,,,,,,,,,,,,,,,,,,,,,,,,,,,,,,,,,,,,,,,,,,PNG,2012
321,,,,,,,,,,,,,,,,,,,,,,,,,,,,,,,,,,,,,,,,,,,,,,,,,,,,,,,,,,,,,,,,,,,,,,,,,,,,,,,,,,,,,,,,,,,,,,,,,,,,,,,,,,,,,,,,,,,,,,,,,,,,,,,,,,,,,,,,,,,,,,,,,,,,,,,,,,,,,,,,,,,,,,,,,WSM,2012
332,,,,,,,,,,,,,,,,,,,,,,,,,,,,,,,,,,,,,,,,,,,,,,,,,,,,,,,,,,,,,,,,,,,,,,,,,,,,,,,,,,,,,,,,,,,,,,,,,,,,,,,,,,,,,,,,,,,,,,,,,,,,,,,,,,,,,,,,,,,,,,,,,,,,,,,,,,,,,,,,,,,,,,,,,STP,2012
343,,,,,,,,,,,,,,,,,,,,,,,,,,,,,,,,,,,,,,,,,,,,,,,,,,,,,,,,,,,,,,,,,,,,,,,,,,,,,,,,,,,,,,,,,,,,,,,,,,,,,,,,,,,,,,,,,,,,,,,,,,,,,,,,,,,,,,,,,,,,,,,,,,,,,,,,,,,,,,,,,,,,,,,,,SYC,2012
354,,,,,,,,,,,,,,,,,,,,,,,,,,,,,,,,,,,,,,,,,,,,,,,,,,,,,,,,,,,,,,,,,,,,,,,,,,,,,,,,,,,,,,,,,,,,,,,,,,,,,,,,,,,,,,,,,,,,,,,,,,,,,,,,,,,,,,,,,,,,,,,,,,,,,,,,,,,,,,,,,,,,,,,,,SGP,2012
365,0.0008856770896439,0.0004971848303602,0.0025146053245334,0.0011381174462349,0.0011445095752659,0.0151859927957417,0.000376196617118,0.0021140504919737,0.0006869346428061,0.0105375873620143,0.0026963057310451,2.660029150596727e-05,0.0024358011927495,0.0177734280549782,0.0025727690580563,0.0082461018474849,0.0767692226090696,0.0093295258166929,0.0003412954153579,0.0514273524702477,0.0071523573586172,0.0005281251163296,0.0307486333412299,0.0025647704148892,0.0008524024249082,6.1534764486309775e-09,0.0133495949866066,0.0029290622724894,4.000265158843396e-05,0.0013530581862951,0.0051650065360419,0.0313671344108466,0.0010091619418416,0.0072366565251048,0.0,0.0114102925233482,0.000215111382137,0.1332441067445512,0.0150935552973264,0.0679336443783314,0.0031831010564263,0.0041978528854064,0.0011075147159233,0.0004291892386109,0.0036316756850136,0.0037049014524513,0.0047471924655624,0.0242084196602203,0.0005624667111659,0.0253458348706036,0.0014782983158564,0.0641559508894818,0.0015409004310988,6.933808667276667e-05,0.0018715413360498,0.0053201986808834,0.0,0.0180126287617124,0.0115698024640498,0.0080914222833244,6.47344017200904e-06,0.0025403479105233,0.0064611503927865,0.003415089779204,0.0143014010249416,0.001197089774144,0.0060051325112975,0.0021681789938452,0.0086823859294256,0.0252396173735656,0.011287570281968,0.0080038508170623,0.0,0.0341402837111401,0.0212198825903298,0.0063554549506787,3.928196131988716e-05,0.0016770077053486,0.0003695386454338,0.0069889423492083,0.0195825412241108,0.0115371846041194,0.0009872856844057,0.0071525242130365,0.0036232251263591,0.0117383427143924,0.0037477083934738,0.1009213043882671,0.0045055015332303,0.0144789405676329,0.0015434716462182,0.0076836554382999,1.2120347338207423e-05,0.0019461318897998,0.0079941987456277,0.0009771420190615,0.0104891512882738,0.0022978565201251,0.0015510899660641,0.0079800381251492,0.0010964746017487,0.0011028958413743,9.180756785251184e-05,0.0013677277396104,0.0113638388927573,0.0024203138152683,0.0209590369685232,0.0045469615666146,0.0180510896724079,0.0049506695520511,0.0092182151998095,0.0045398539438247,0.0,0.0025343580563514,0.004554788279669,0.0032696853675692,0.0055233918090832,0.0004363482528292,0.0136014628379943,0.003651919305584,0.0045503365231284,0.0063747976570991,0.0295812000608719,0.0048357291403198,0.0029879698847323,0.0189454672483817,0.0069091930633639,0.0002206354396194,1.2245432505126262e-05,0.0027149478901811,0.0088560259509555,0.0339598314500367,1.0389873288258602e-05,0.0027495593040967,0.0455360330677698,0.0231565332336723,0.0050867209389684,0.0011416520431299,0.0071188085462527,0.001098116326056,0.0007256242598919,0.00097192318606,0.0255226352671545,0.003098919389865,0.0014092812386038,0.0019209401077422,0.0108652295773149,0.001556852885257,0.0066113057055842,0.0032377543794432,0.0256387250005808,0.0001150659889572,0.0026504292698058,0.0157507180709213,0.0034132308350428,0.0058771595552117,0.0061434496260432,0.0130481741443318,0.0049215303007731,0.008827582272606,0.0308290249837959,0.0012612445187252,0.0024512325357159,0.0242202806863239,0.0991889742329528,0.0019319645179624,0.0412256579574699,0.0057974066747841,SXM,2012
376,,,,,,,,,,,,,,,,,,,,,,,,,,,,,,,,,,,,,,,,,,,,,,,,,,,,,,,,,,,,,,,,,,,,,,,,,,,,,,,,,,,,,,,,,,,,,,,,,,,,,,,,,,,,,,,,,,,,,,,,,,,,,,,,,,,,,,,,,,,,,,,,,,,,,,,,,,,,,,,,,,,,,,,,,SLB,2012
387,,,,,,,,,,,,,,,,,,,,,,,,,,,,,,,,,,,,,,,,,,,,,,,,,,,,,,,,,,,,,,,,,,,,,,,,,,,,,,,,,,,,,,,,,,,,,,,,,,,,,,,,,,,,,,,,,,,,,,,,,,,,,,,,,,,,,,,,,,,,,,,,,,,,,,,,,,,,,,,,,,,,,,,,,KNA,2012
398,,,,,,,,,,,,,,,,,,,,,,,,,,,,,,,,,,,,,,,,,,,,,,,,,,,,,,,,,,,,,,,,,,,,,,,,,,,,,,,,,,,,,,,,,,,,,,,,,,,,,,,,,,,,,,,,,,,,,,,,,,,,,,,,,,,,,,,,,,,,,,,,,,,,,,,,,,,,,,,,,,,,,,,,,VCT,2012
409,,,,,,,,,,,,,,,,,,,,,,,,,,,,,,,,,,,,,,,,,,,,,,,,,,,,,,,,,,,,,,,,,,,,,,,,,,,,,,,,,,,,,,,,,,,,,,,,,,,,,,,,,,,,,,,,,,,,,,,,,,,,,,,,,,,,,,,,,,,,,,,,,,,,,,,,,,,,,,,,,,,,,,,,,LCA,2012
420,,,,,,,,,,,,,,,,,,,,,,,,,,,,,,,,,,,,,,,,,,,,,,,,,,,,,,,,,,,,,,,,,,,,,,,,,,,,,,,,,,,,,,,,,,,,,,,,,,,,,,,,,,,,,,,,,,,,,,,,,,,,,,,,,,,,,,,,,,,,,,,,,,,,,,,,,,,,,,,,,,,,,,,,,SUR,2012
431,,,,,,,,,,,,,,,,,,,,,,,,,,,,,,,,,,,,,,,,,,,,,,,,,,,,,,,,,,,,,,,,,,,,,,,,,,,,,,,,,,,,,,,,,,,,,,,,,,,,,,,,,,,,,,,,,,,,,,,,,,,,,,,,,,,,,,,,,,,,,,,,,,,,,,,,,,,,,,,,,,,,,,,,,TLS,2012
442,,,,,,,,,,,,,,,,,,,,,,,,,,,,,,,,,,,,,,,,,,,,,,,,,,,,,,,,,,,,,,,,,,,,,,,,,,,,,,,,,,,,,,,,,,,,,,,,,,,,,,,,,,,,,,,,,,,,,,,,,,,,,,,,,,,,,,,,,,,,,,,,,,,,,,,,,,,,,,,,,,,,,,,,,TTO,2012
453,,,,,,,,,,,,,,,,,,,,,,,,,,,,,,,,,,,,,,,,,,,,,,,,,,,,,,,,,,,,,,,,,,,,,,,,,,,,,,,,,,,,,,,,,,,,,,,,,,,,,,,,,,,,,,,,,,,,,,,,,,,,,,,,,,,,,,,,,,,,,,,,,,,,,,,,,,,,,,,,,,,,,,,,,TON,2012
464,,,,,,,,,,,,,,,,,,,,,,,,,,,,,,,,,,,,,,,,,,,,,,,,,,,,,,,,,,,,,,,,,,,,,,,,,,,,,,,,,,,,,,,,,,,,,,,,,,,,,,,,,,,,,,,,,,,,,,,,,,,,,,,,,,,,,,,,,,,,,,,,,,,,,,,,,,,,,,,,,,,,,,,,,TUV,2012
475,0.0008614925758075,0.0004971997842215,0.0024158840736849,0.0012086540863924,0.0011331041467469,0.0149004011512059,0.0003753531248034,0.0026111626650604,0.000703199827128,0.0106164572671717,0.0024540256783382,3.344266147634703e-05,0.0023433460321697,0.0195577071685902,0.0028720404048233,0.0092002341610074,0.0774534138631672,0.0097166015933004,0.0003316652612588,0.0526335001680136,0.0063436136089546,0.0005387592634099,0.0306193477774049,0.0023940449143232,0.000907684742203,6.1534764486309775e-09,0.0126471011608855,0.0028684824962539,4.67682253023443e-05,0.0013446393253422,0.0045900254744549,0.0329666334835482,0.0010214939011272,0.0069979254777507,0.0,0.0120838753137487,0.0002170541384646,0.1283858805934245,0.0150166327805035,0.0607005961219781,0.0032539392380703,0.0039280909283219,0.0009149783909976,0.0004418806275456,0.0036978714163374,0.0032979838276119,0.00423024481926,0.0297694719929998,0.0005037920509241,0.0339338629438547,0.001581815619798,0.0669174661589423,0.0018595602071541,0.0001881535917339,0.0018746003816936,0.0054138032645875,0.0,0.0169401161959826,0.0110281294110113,0.0098488513984422,6.473465137965092e-06,0.0020581129270409,0.006007434467418,0.0037333040159054,0.0154218413097788,0.0011691061614585,0.0053979940402686,0.0021905472682136,0.0085132951926065,0.0242626227750045,0.0108554037646791,0.007911414783328,0.0,0.0367370307161589,0.022252389026738,0.0067306926109312,4.049908974673137e-05,0.0017695287358805,0.0003633308140384,0.0076052612130276,0.0169078868868256,0.0116924016556834,0.00099791880095,0.0077524996489976,0.0040972554321177,0.0111958719757065,0.0036182419784048,0.1061743171045463,0.0044682585948174,0.0139921456923759,0.0015590936590885,0.0073734340625761,1.174891950038282e-05,0.0019793006776006,0.0079324602363489,0.000868561984326,0.0107642825084412,0.0024358237213188,0.0015319655002108,0.0082804360726158,0.0010930135652812,0.0010425757757389,9.1474074634354e-05,0.001381017585117,0.0119286346774783,0.002368278048432,0.0207354808503242,0.0045574047620985,0.0161107063094387,0.0039740774709882,0.0091460059576432,0.0055686288870397,0.0,0.0028414784539511,0.003653649587001,0.0032790443805197,0.0054912045614577,0.0004402629223649,0.0131841048419235,0.0042053234059576,0.0041162277311571,0.0062536372676653,0.0283803083901568,0.0046291806883909,0.0031149350870538,0.0206769478615242,0.0069051504850895,0.0002191511300419,1.2419093364790457e-05,0.0022015484645633,0.008293091780967,0.0358037320362102,1.144631960202181e-05,0.0028655982165582,0.05041084248354,0.0249118432592623,0.0051362770243725,0.0011318428287626,0.0075416736751402,0.0012239782224304,0.000742005832689,0.0009832676508795,0.0228256626753934,0.0029512302222007,0.0011801018559468,0.0019110077145069,0.0108505433016827,0.0015921364744484,0.0063716349823668,0.003138625575731,0.0252401835540437,0.0001073692360364,0.0030856762797932,0.0156679244316878,0.0034160025620172,0.0057326890733176,0.0061050388728748,0.0136718251961571,0.00452673146884,0.0079327962989875,0.0285918609871978,0.0012358849502597,0.0023801740629012,0.023910923322378,0.094006470490104,0.0019766092397588,0.0411371703580953,0.0056146430815426,TCA,2012
486,,,,,,,,,,,,,,,,,,,,,,,,,,,,,,,,,,,,,,,,,,,,,,,,,,,,,,,,,,,,,,,,,,,,,,,,,,,,,,,,,,,,,,,,,,,,,,,,,,,,,,,,,,,,,,,,,,,,,,,,,,,,,,,,,,,,,,,,,,,,,,,,,,,,,,,,,,,,,,,,,,,,,,,,,VUT,2012
497,0.0008572310583014,0.0005111799385035,0.0023644403897952,0.0011712203811438,0.0010775199184491,0.0147037733854624,0.0003940940362271,0.0024103594525828,0.0006819938083075,0.0102615548080371,0.0025031053438916,2.8222832991556187e-05,0.0021698966848941,0.0191431386193126,0.0025742309170964,0.0099568942439974,0.0790622605412435,0.0117169922253005,0.0003372096033113,0.0490567168721772,0.0059655914968842,0.0005344450388753,0.0325693930134672,0.0022245661314427,0.0010824306926161,6.1534764486309775e-09,0.0125722443437367,0.0030171480553736,3.967506211153305e-05,0.0013391498168095,0.0050766006130428,0.0330135369477402,0.0010153763553116,0.0060950382867972,0.0,0.0117806081377112,0.0002164549543897,0.134369580909396,0.015315552053363,0.0588453851971918,0.0039756448241502,0.0040128695758174,0.0009719005402285,0.0004314799245882,0.0037616082886967,0.0032543155606738,0.0041162609510272,0.030309159543076,0.0004577149409004,0.0224983018865862,0.0013785359216769,0.0642505624314431,0.0019592150566057,0.0001417166795626,0.0018490096540986,0.0054254750254168,0.0,0.0176099383120102,0.0106070213172522,0.0086508870401611,7.158977353644127e-06,0.0026606310446678,0.0069316109787224,0.003743318172551,0.0147134213856601,0.0013052124362069,0.0054272249338678,0.0021972784719008,0.0062237047333587,0.0247218500381024,0.01086120922535,0.0080508805040822,0.0,0.0410100782670689,0.0253242867598975,0.006683508215443,3.97344528030249e-05,0.0016659104893501,0.0003900339704659,0.0075282972583104,0.0153434569104196,0.0098473170630548,0.0010057370453702,0.0079021632307442,0.0039905429483307,0.0106159907409099,0.0036647773734964,0.1090832577977116,0.0044573566668022,0.014285977207837,0.0015734003055876,0.0073086380764308,1.148705833277096e-05,0.0019495747051751,0.0079726918143662,0.0008417602525918,0.0106992001156773,0.0020267824151438,0.0015991355162929,0.0084171744975945,0.001239290111885,0.0011242875594796,9.144557142702696e-05,0.0013498682708526,0.0117213629208212,0.0023882134890334,0.0212648860426407,0.0049539401899552,0.0173341481407099,0.0043814498674481,0.0092752411408372,0.0041821677620553,0.0,0.0030321806730609,0.0037247086373942,0.003003892081304,0.0057217635492252,0.0004380276062979,0.0159858461494783,0.0038401189739244,0.0041180568119095,0.0059801913517483,0.0284203955679332,0.0047412089422258,0.0032972671134423,0.0203115362464787,0.0069057028677478,0.0002200732497688,1.2245432505126262e-05,0.0022733395455412,0.0071909786664892,0.0318835683145154,1.1889621746296562e-05,0.0027934634489554,0.0523331757665371,0.0246480987829606,0.0048826916064831,0.0011160231511554,0.0078674960385022,0.0012256041299077,0.00075946146481,0.0009575748522125,0.0250662076034147,0.0030108293535129,0.0012136583618981,0.0021045128054271,0.0114339370918938,0.0017371092264233,0.0063019997627451,0.0029796929769023,0.0252558768172392,0.0001092153198021,0.0030018054834449,0.017434116658393,0.0037202659218125,0.0056997817395449,0.0062489751115415,0.0134630098429168,0.0045868721847736,0.0088702871307985,0.0288115951115738,0.0012880009657293,0.0023671675088476,0.023298932928204,0.0841606100303577,0.0021105000615124,0.0434763138444996,0.0058775599325218,AIA,2012
508,,,,,,,,,,,,,,,,,,,,,,,,,,,,,,,,,,,,,,,,,,,,,,,,,,,,,,,,,,,,,,,,,,,,,,,,,,,,,,,,,,,,,,,,,,,,,,,,,,,,,,,,,,,,,,,,,,,,,,,,,,,,,,,,,,,,,,,,,,,,,,,,,,,,,,,,,,,,,,,,,,,,,,,,,COK,2012
519,0.0008783123072527,0.0005478313513097,0.0024090825489988,0.0011417928190346,0.0010917542111275,0.0147998596484411,0.000378633104225,0.0025606973260794,0.0006930341174329,0.0109976961856657,0.0025682937184289,2.755489532614132e-05,0.0022451039435115,0.0180564641248527,0.0025726180550562,0.0100334314828234,0.0815213243577425,0.0093607306523737,0.0003293059236336,0.0507417123339906,0.0062405153723576,0.0005352528601344,0.0362381906011449,0.0022859769151751,0.000866392140521,6.1534764486309775e-09,0.012711238570107,0.0031531233115647,3.937614561792859e-05,0.0013515932108439,0.0050865655636425,0.0334175406002804,0.0010153383270101,0.0070533575461322,0.0,0.0118570119433104,0.000233253854539,0.1373256987179443,0.0153264025209019,0.0621602321096058,0.0035554587110772,0.0038979901370829,0.0009255534776726,0.0004405635026007,0.0037372354872255,0.0033199155955081,0.0042804119458682,0.0297866976617788,0.000439922578985,0.0227542625632248,0.001406928532049,0.0692909630054158,0.0018591252192524,0.0001406489114329,0.0018971055310964,0.0054590720221744,0.0,0.016959674047298,0.0099724111606928,0.0088657005184564,7.30447993151463e-06,0.0024265858594337,0.0068443446165284,0.0036514257433722,0.0142411713261249,0.0012559221283524,0.0054709926470381,0.0023006557032605,0.0066997953095374,0.0243602285966536,0.0112093186814568,0.008543489809997,0.0,0.0324937148375011,0.0229998219833244,0.0065308763830474,3.969226538094363e-05,0.0017459368914662,0.000378722538402,0.0079349913880368,0.0171573386523456,0.0105861272544262,0.0010321862170405,0.0077194776165872,0.0039987013103128,0.0122018090503502,0.0036074627302096,0.1097010415238802,0.0044573566668022,0.0146946190672329,0.0015227406583008,0.0067515689722075,1.3516773455760169e-05,0.0019557391539124,0.0083046669341291,0.0009063093605945,0.0102127278031514,0.0023349878352507,0.0015975308345551,0.0082886352764818,0.0012436878343371,0.0011150706991484,9.144557142702696e-05,0.0013971983219105,0.0118319534898703,0.0024767729392966,0.0209733100908718,0.0047836687033759,0.0174760568058011,0.0047798008477452,0.0091561968799954,0.0046510421800788,0.0,0.0029775033563185,0.0037297007295364,0.0030570224591218,0.0054558855098508,0.0004875846479764,0.01570468876304,0.0037090249095754,0.0035651293627769,0.0060872538821198,0.0296016259074217,0.0047164425232671,0.0028288796096566,0.0181877026078413,0.0069051504850895,0.00021863156232,1.2245432505126262e-05,0.0022247457011284,0.0068770084592438,0.0350320350864083,1.1290246858883814e-05,0.0028700794024996,0.0474557040501106,0.0241104507223022,0.0047172248795627,0.001123303684649,0.0074302460659052,0.0012761316703135,0.0007125957313891,0.0009858101106417,0.024290468047144,0.0024019123239197,0.0011593452330243,0.0020913431317043,0.0111579767607439,0.001556309664606,0.0062366552865731,0.0030732638149796,0.0243590842762608,0.0001015593395921,0.0029729561302228,0.016813827749096,0.0037244365561926,0.0051148143445968,0.006361772571927,0.0125983555862032,0.004409336916582,0.0080184453544108,0.0293536236199368,0.0012614552480133,0.002334206405585,0.0238960086689048,0.0846876571499462,0.0021460619356499,0.0481937760251268,0.005685949337103,MSR,2012
530,,,,,,,,,,,,,,,,,,,,,,,,,,,,,,,,,,,,,,,,,,,,,,,,,,,,,,,,,,,,,,,,,,,,,,,,,,,,,,,,,,,,,,,,,,,,,,,,,,,,,,,,,,,,,,,,,,,,,,,,,,,,,,,,,,,,,,,,,,,,,,,,,,,,,,,,,,,,,,,,,,,,,,,,,TKL,2012
541,,,,,,,,,,,,,,,,,,,,,,,,,,,,,,,,,,,,,,,,,,,,,,,,,,,,,,,,,,,,,,,,,,,,,,,,,,,,,,,,,,,,,,,,,,,,,,,,,,,,,,,,,,,,,,,,,,,,,,,,,,,,,,,,,,,,,,,,,,,,,,,,,,,,,,,,,,,,,,,,,,,,,,,,,NIU,2012
