,unicef-m11,unicef-ncwh1,unicef-a10,unicef-mnh16,unicef-m7,unicef-wash20,unicef-a4,unicef-m1,unicef-a1,unicef-m13,unicef-a9,unicef-wash12,unicef-d11,unicef-wee2,unicef-wash22,unicef-cm5,unicef-ch4,unicef-wash5,unicef-wash6,unicef-d1,unicef-cm15,unicef-ncwh7,unicef-m5,unicef-ah1,unicef-ncwh11,unicef-e21,unicef-wash16,unicef-wash11,unicef-ncwh3,unicef-ncwh6,unicef-d12,unicef-ah9,unicef-cm11,unicef-d7,unicef-d2,unicef-wash9,unicef-cm17,unicef-d3,unicef-wash3,unicef-cm8,unicef-ch10,unicef-d10,unicef-cm6,unicef-m2,unicef-wash18,unicef-m3,unicef-m16,unicef-cm3,unicef-wash4,unicef-m15,unicef-m12,unicef-d6,unicef-ah14,unicef-ncwh12,unicef-ch9,unicef-cm19,unicef-wash13,unicef-ncwh10,unicef-wash2,unicef-ch6,unicef-ch5,unicef-ch8,unicef-a11,unicef-d14,unicef-ch2,unicef-m10,unicef-a8,unicef-ah11,unicef-cm18,unicef-ah10,unicef-mnh1,unicef-ncwh9,unicef-a3,unicef-ah2,unicef-wash10,unicef-m4,unicef-mnh14,unicef-m8,unicef-ncwh8,unicef-ch11,unicef-ch7,unicef-e22,unicef-wash7,unicef-m9,unicef-wash14,unicef-cm20,unicef-wash8,unicef-wash17,unicef-d13,unicef-wash1,unicef-m14,unicef-m17,unicef-ch3,unicef-cm13,unicef-wash21,unicef-wash19,unicef-wash15,unicef-cm21,unicef-ch1,unicef-a2,unicef-mnh15,unicef-m6,unicef-ah15,Country Code,year
6,-10699.427298692875,2.24641935582894,18.79917699369997,217.7724999999998,-0.4268067509416393,18.512715107999973,,-93.54198809523808,-413.2397439024391,16.167664670000008,-17.02116344855998,73.2229104316087,32.12951395790489,44.5,42.062058226,1.0957867643819448,79.06368333333333,67.36249365854167,61.51791855283253,-300.33839772727265,5.0036739246095046,3.240000000000002,-297.8472204974,1.744360938465292,8.985448717948719,76.47839682820002,40.62809455124998,20.692881796750044,-2.8626999999999985,5.051172413793104,18.14866273033636,-11.469999999999995,4.141449120139384,0.9777496935483888,-305.32840476190484,38.21277155807146,-2268.021705128205,-42.04986249999999,76.56613483007999,2.2001802446021657,60.92090909090908,70.20577032258069,-3.671848518418745,-7.405016129032259,63.818777534545454,13.659108961738776,-3.916925837092501,0.2092296081486324,79.73727095756458,-6803.589755824985,-4.861646634799999,-34.73135483870967,,34.20450000000001,49.64999999999999,42.077174358974375,60.7483361942307,,80.67324834307695,56.89935714285714,63.27283333333333,77.91861666666667,14.317380958599962,16.510731511363637,83.06228333333334,-19128.19697058824,-1.0382688848999635,,-741.5066794871797,28.93528783783781,70.19666612903222,,,-513.0360512820513,36.29870945040378,-831.7904838709677,-143.25248387096772,-2702.91455,,80.827,62.83381666666668,86.28743491420003,52.08585522492861,6.086956522,46.43621775495655,-233.1157435897436,37.780730789999936,46.12235452239127,9.523156306253448,78.14831836111769,-153668.1365882353,76.139354068375,62.05874999999999,0.1384853306176798,38.7236479,40.36460332999994,73.71607953095237,-773.3666153846152,71.85010416666667,10.43428074653366,-59.02216129032259,-6.38795824566311,,ATG,2016
17,-10729.465117154828,2.937169067828948,18.42170914769997,-108.22750000000008,-0.4208971320256393,26.46820310199997,26.72233333333333,-36.67198809523809,-408.43974390243903,16.167664670000008,-16.591560547579988,71.5783957116087,33.40144200100491,43.400000000000006,43.22136699599998,2.3446197347619435,76.42368333333333,62.1561978585416,59.95119319283251,-282.19839772727266,5.394054557369508,3.649999999999999,-293.361009317,1.97045187781529,12.42544871794872,77.32020735999998,40.67718917124993,23.83567087675003,-2.312699999999998,5.321172413793104,14.054969486336333,-11.659999999999997,4.2828417577993845,0.9820896935483896,-295.6084047619048,40.05022474807146,-2277.551705128205,-43.02986249999999,76.07870234007999,2.1502539817021624,60.97090909090909,70.98834032258067,-2.307593341908749,-3.01501612903226,62.28538107454546,4.409749424718758,-3.916925837092501,5.896464362788629,80.56562334756455,-7120.428273529322,-4.107470023999999,-18.44135483870967,72.07226178327579,22.5945,56.67999999999999,42.51017435897434,60.62528491423075,-0.9895833333333336,80.95250597307697,56.34935714285714,59.52283333333333,75.26861666666666,13.40506462109996,23.966561511363665,80.72228333333334,-19490.43697058824,2.7482201690000423,3.714367567567569,-741.2266794871796,28.70428783783781,71.6656661290322,28.087423076923077,-0.3826666666666671,-459.3760512820513,37.42563354040375,-774.9204838709677,-143.21248387096773,-2669.43455,1.7932500000000005,81.447,64.63381666666668,85.95167342460006,51.012647554928606,6.086956522,46.26470743495656,-154.26574358974358,41.48016389999992,46.12059897239133,11.114295970173446,78.98912126111763,-124371.53658823528,76.139354068375,61.84875,0.2527878295576797,38.4003126,40.60264526999991,74.9297506609524,-760.3466153846152,68.12010416666666,10.149432054513657,-57.22216129032259,-6.363652931733109,82.90165840086203,ABW,2016
28,-10628.195925175198,3.860156410828938,13.808437124199957,254.7724999999998,-0.4392955034506393,22.798700104999973,,-77.04198809523808,-394.0997439024391,16.167664670000008,-22.32591193504,73.54719569160869,33.4135133401049,44.10000000000001,40.22169330599997,3.772342279921938,76.09368333333333,64.94644772854164,56.742222732832566,128.9516022727273,7.690841317869506,10.21,-306.2572204974,1.8852762772452905,8.575448717948719,76.1483119123,34.92199174124996,21.159016006750026,-2.582699999999998,5.421172413793103,20.432920968936344,-11.839999999999996,4.877761033849381,0.8598796935483889,-165.2784047619048,42.87335671807149,-2151.911705128205,-26.199862499999988,77.68665220007998,5.2202681535221735,60.78090909090908,68.69661032258068,-1.145976980988749,-4.545016129032259,62.63409475454542,8.426192626378754,-3.916925837092501,2.877101492398623,79.27779296756454,-13307.054283686848,-3.918925871299999,-33.98135483870967,,35.0445,50.39999999999999,35.89817435897434,57.80284737423071,,80.84499986307696,53.629357142857145,54.25283333333333,72.42861666666667,16.78219242639998,37.42405151136364,78.66228333333333,-19388.16697058824,-6.321768902199942,,-680.4566794871796,21.531287837837787,70.3196661290322,,,-451.09605128205135,26.333391637403807,-795.3704838709677,-141.31248387096772,-2517.96455,,81.467,61.93381666666667,85.63068152610002,51.11927589492862,6.086956522,43.24581904495657,-158.6957435897436,36.60767170999996,46.613258932391325,7.856418533093441,77.47865454111769,-158029.4865882353,76.139354068375,60.76875,0.7919491018876819,38.07697729999999,36.67341435999994,75.0273951509524,-741.9266153846152,73.15010416666667,11.69212333901366,-53.82216129032259,-6.342353555813109,,BHS,2016
39,-10765.772084794757,3.1398084678289484,16.65189390749996,58.882499999999936,-0.4288432788656393,18.68130010399997,26.752333333333333,-59.83198809523809,-264.3297439024391,16.167664670000008,-17.541421547899994,74.6735278316087,33.82000907800491,37.2,33.900413855999986,4.596332121451953,79.80368333333332,67.1055450585417,60.34897777283253,-298.89839772727265,5.439538439729503,10.370000000000005,-243.3056055902,1.4806612114952906,7.385448717948721,78.23536231140004,41.13818645124997,21.92138180675005,-2.3726999999999983,5.221172413793104,14.606062228536326,-9.329999999999997,5.547066508229386,0.8843896935483885,108.4415952380952,42.39687792807147,-2231.471705128205,-36.88986249999999,77.04738606007996,4.171314957122172,60.520909090909086,70.4021703225807,-2.22785712402875,-4.075016129032259,63.74196409454543,7.9572415058987644,-3.916925837092501,-3.4773211392213685,80.97276862756452,-8111.563641913421,-4.107470023999999,-16.39135483870967,71.4929209832758,30.4045,51.71,40.57517435897433,60.390744174230704,-1.3895833333333334,80.47146079307694,56.519357142857146,64.92283333333333,77.59861666666667,17.534464065699986,33.73385151136367,83.40228333333334,-19033.36697058824,0.2033573814000533,7.723367567567566,-616.9566794871796,28.12528783783778,71.65766612903222,28.20742307692308,-0.1026666666666669,-445.3860512820513,34.4799286634038,-786.7604838709677,-142.83248387096774,-2621.36455,1.7232500000000002,81.527,59.79381666666667,85.98954955290002,50.60325514492861,6.086956522,46.31712915495656,-227.4657435897436,41.67918994999995,46.24852108239131,12.444194422553448,78.43297004111768,-122679.8865882353,76.139354068375,60.66874999999999,0.5586067641076802,37.4303067,37.96031460999994,76.18667700095234,-745.8266153846151,73.27010416666667,9.935873259673656,-70.6221612903226,-6.37890392591311,82.57528710086203,BMU,2016
50,-8982.262620639627,3.5366561958289475,24.14248883259997,408.1025,-0.4096550085866393,-3.505769889000028,,118.75801190476191,-220.36974390243904,15.413488059200006,-10.976349671179968,71.95535723160869,31.639837988004917,50.3,14.230576019999994,-1.1594000517280492,63.40368333333332,62.38685168854167,54.07096842183261,1111.5916022727274,4.803522916569506,2.6000000000000014,-241.899518634,1.0290371417352913,23.21544871794872,78.35490866650002,27.68425433124998,22.95249245775001,-2.6026999999999987,3.131172413793103,16.82185636993632,-1.769999999999996,4.095867135179385,0.8733996935483889,37.85159523809517,40.78428829807148,-2015.8017051282047,38.470137500000014,75.06987527007999,1.4259940693421616,61.70090909090908,71.43325032258065,-2.018594606268751,19.214983870967743,60.84788055454539,11.35250133609878,-0.5150119616925006,-1.4343248718013673,78.15267410756452,-10885.717633167158,-4.296014176699999,-6.211354838709667,,38.3545,53.0,27.167174358974385,59.38919553423071,,81.28442906307694,40.50935714285714,58.73283333333333,61.08861666666667,14.56813817169995,29.153011511363687,71.56228333333334,-205.96697058823705,-6.753408230599924,,-631.1566794871796,18.061287837837817,71.4126661290322,,,-415.54605128205134,37.806793040403775,-670.0204838709677,-138.05248387096773,-2574.60455,,81.167,58.70381666666667,86.54050765510011,54.09881047492863,6.086956522,38.67486278495657,-194.9257435897436,39.25356055999994,46.27925966239128,4.453636709503448,76.59144623111766,-103455.3565882353,75.383373207175,54.25874999999999,-0.0785423456823204,35.16695959999999,32.198704049999975,73.7297033209524,-679.4066153846152,71.78010416666666,9.445983080753656,-73.2421612903226,-6.12244660250311,,BHR,2016
61,-10745.491084912968,3.3525938148289454,14.068380980399963,354.47249999999985,-0.4286403199406393,20.228000103999968,,-83.17198809523809,-357.29974390243905,16.167664670000008,-13.67004788373999,74.1861825516087,34.99540040300491,37.0,32.48311516399999,2.584847182591952,73.07368333333332,65.06935762854162,56.5019277228326,-55.72839772727264,5.409020496909497,11.829999999999998,-289.5179037268,2.1051912538652906,7.635448717948721,76.27713332319999,39.81369222124994,23.975457796750035,-2.042699999999998,6.091172413793103,14.824137070236324,-13.549999999999995,3.948598851059388,0.8450696935483882,-241.0484047619048,39.05186854807143,-2196.851705128205,-32.04986249999999,76.48246866008,2.0056808481121635,59.19090909090909,71.16261032258069,-2.1426873991787563,-6.455016129032259,63.25593055454544,0.875773172948751,-3.916925837092501,1.4058358950386245,80.2932323575646,22752.920658846542,-3.918925871299999,-29.05135483870967,,20.414500000000004,55.47999999999999,41.19717435897432,59.94617441423074,,80.30774516307696,50.81935714285714,60.38283333333332,69.97861666666667,12.172658887199953,9.014081511363614,76.64228333333334,-18746.78697058824,2.937285428100047,,-712.5566794871796,28.80328783783782,71.77666612903221,,,-450.44605128205137,34.106892113403774,-793.8704838709677,-141.25248387096772,-2630.68455,,81.327,61.62381666666667,85.98450370010002,51.53476660492865,6.086956522,46.34212923495654,-255.4757435897436,43.47474697999989,48.470837432391285,13.391353580453451,79.29144605111766,-119723.8365882353,76.139354068375,59.08874999999999,0.1196850570376812,36.46030079999999,36.16341384999994,75.85336206095236,-742.3266153846151,70.71010416666667,9.93910156707366,-63.64216129032259,-6.328755885883109,,BRB,2016
72,-9809.081541174088,2.7592152258289437,9.513870951799944,369.8525,-0.3479662757616394,-2.401866875000032,,-53.76198809523809,-381.06974390243903,15.979120517300018,-19.24141740048,70.01159991160871,46.39855234700489,42.7,8.004649955999994,3.728137876381945,71.84368333333333,62.75450362854163,50.16470902283263,74.69160227272732,6.89009871079951,1.7199999999999989,-216.4041149072,1.8953190983852892,17.475448717948723,78.35317954289997,17.89058965124996,10.284293597750036,2.447300000000002,4.701172413793104,44.948977921936304,-17.159999999999997,5.809028339499386,2.076169693548389,-149.0884047619048,32.300772388071444,-2111.4217051282053,-10.459862499999993,73.44501686007996,5.744540965592142,58.12090909090908,65.94605032258067,3.4847435863312324,-3.545016129032259,61.23508229454546,-8.64814304105124,-3.916925837092501,7.987846948828642,67.70444112756448,-12819.930524107907,-2.9762051077999985,-18.19135483870967,,43.70450000000001,44.6,44.6051743589744,39.86479561423074,,78.91419999307695,49.28935714285714,56.322833333333335,69.93861666666666,7.9525469276999345,16.887571511363618,77.08228333333334,-15118.686970588238,-7.711891043999955,,-656.8966794871797,5.614287837837846,67.24766612903225,,,-463.51605128205136,-8.13167701959621,-827.7804838709677,-133.47248387096772,-2568.66455,,76.667,58.71381666666667,85.05297095570002,52.87937474492861,6.086956522,26.870544504956577,-147.33574358974357,29.85029698,42.35184509239131,3.1887146862534426,74.8675444211176,-128438.3265882353,76.139354068375,50.10874999999999,1.0385828076476786,39.37031849999999,32.77571734999998,64.68419822095238,-755.3766153846152,70.78010416666666,15.70758818591366,-61.5121612903226,-6.36779039712311,,BLZ,2016
83,-10622.240161861047,2.9688699078289504,16.274426061499966,47.27249999999992,-0.4303161298796393,18.91060010299996,32.07233333333334,-89.8719880952381,-387.829743902439,16.167664670000008,-14.872839159519993,75.0250254116087,32.89725773530489,35.7,34.40873616799998,-0.3082251424780455,78.71368333333332,67.11589135854167,59.73958194283251,-350.02839772727265,5.4612624584295055,11.11,-288.8156055902,1.443772820475289,12.45544871794872,78.27769461889993,41.36523979124994,24.21175128675001,-2.682699999999998,5.221172413793104,12.939060123036349,-12.189999999999994,4.024824785479383,0.9848296935483885,-329.0784047619048,38.766064868071446,-2269.4617051282053,-47.49986249999999,77.50620895007998,2.189740332352166,59.54090909090908,70.5348203225807,-1.913550064878747,-0.4450161290322594,63.630853154545456,17.242441767888767,-3.916925837092501,5.003360135678635,76.65621533756456,3686.609525664113,-4.107470023999999,-34.84135483870967,71.8969920832758,28.6045,52.53,41.826174358974384,59.37977370423072,-1.4495833333333334,80.65811778307696,56.35935714285715,59.74283333333332,76.80861666666667,17.96664630859997,25.668171511363692,81.57228333333335,-13992.746970588236,0.2777782642000446,8.733367567567571,-749.9966794871797,28.57428783783781,72.10966612903222,33.10742307692308,-0.222666666666667,-445.94605128205137,35.60673322040377,-810.0604838709677,-142.98248387096774,-2643.53455,1.0332500000000002,81.687,62.71381666666667,85.99076812010004,50.053498344928585,6.086956522,46.28137415495655,-138.10574358974358,41.03918573999992,45.72371558239133,12.639712695353442,79.71836645111773,-140712.27658823528,75.76136363777499,61.16874999999999,0.8054416128676805,38.4003126,41.41259395999994,76.00150998095233,-734.6766153846152,73.48010416666666,9.99523332817366,-56.96216129032259,-6.351440381113109,82.619433200862,VGB,2016
94,-10384.168037713607,4.657446680828946,7.954207814599933,-334.62750000000005,-0.3788795418516393,-18.29623988100003,,-97.9819880952381,-339.83974390243907,16.167664670000008,-16.317387346300002,62.00266889160865,46.637895278404905,45.2,11.351737670999997,7.896066449691956,77.33368333333333,62.79375494854165,51.06774900283259,217.8316022727273,6.7700673772795135,1.0900000000000034,-243.8141149072,1.1732027730652876,24.03544871794872,78.90853156329996,20.800283331249965,13.480913687750004,4.397300000000001,3.811172413793103,41.3683324696363,-14.899999999999997,5.774021560569385,1.732609693548388,848.5215952380952,34.00808765807141,-2139.731705128205,-2.559862499999987,62.75194999007999,6.343194069702163,59.59090909090908,65.63225032258066,4.3867620459912455,-7.445016129032259,56.44097605454544,-14.913579886021248,-3.916925837092501,7.204396543008629,58.07096136756452,-14376.301173130343,-3.730381718599999,-20.84135483870967,74.76836558327582,35.6345,50.33,33.26117435897435,41.72401298423067,,77.68397565307694,55.78935714285714,61.38283333333332,75.83861666666667,4.233949394399907,8.200041511363672,80.71228333333335,-18560.30697058824,-6.5239906791999545,,-223.6366794871797,8.574287837837822,67.9026661290322,,,-232.67605128205133,19.29852800540384,-817.6204838709677,-137.22248387096772,-2558.86455,,75.157,63.06381666666667,85.8682111281,39.32142785492863,6.086956522,28.634050494956465,-251.3057435897436,34.84156072000005,41.16460169239132,2.856292567933441,72.12224316111768,-158631.8565882353,76.139354068375,58.53874999999999,1.4240659603776813,36.78363609999999,34.78669610999994,55.08129564095242,518.2533846153849,67.12010416666666,14.779357636113666,-34.012161290322595,-5.3473294804231095,82.34279210086208,CPV,2016
105,-10635.101216941135,2.674265044828947,18.480471142599967,74.59249999999986,-0.4415219371476393,24.86820310199997,28.38233333333333,-62.94198809523809,-373.6697439024391,16.167664670000008,-13.681928041819994,74.80606681160869,33.934086593404906,39.3,39.876256925999975,0.2408669868719499,78.62368333333333,65.38699927854165,58.92453535283253,-315.1683977272727,5.704105664969505,3.82,-300.7333074536,2.047612702505291,7.35544871794872,79.24584296439997,40.46668681124998,22.99210064675005,-2.562699999999998,5.061172413793104,14.189266444736338,-14.989999999999997,4.386350728029385,0.8372296935483886,-239.2184047619048,42.451232908071454,-2228.9417051282053,-32.11986249999999,76.54813098007997,2.8287695453121664,60.36090909090909,70.9144103225807,-1.6432146452987482,-3.3650161290322598,62.61112303454542,6.295436527538769,-3.916925837092501,-0.1194341560213754,78.94247232756457,7337.216873513647,-4.107470023999999,-35.27135483870967,73.0235275832758,30.8545,53.33,45.163174358974366,60.68607673423072,-1.279583333333333,81.33751257307696,55.66935714285715,61.852833333333336,76.78861666666667,16.051301118699975,38.35395151136363,82.27228333333333,-13712.716970588235,3.918471924200048,7.708367567567572,-724.6666794871796,28.476287837837788,71.90266612903217,29.48742307692308,0.2673333333333332,-460.10605128205134,35.646692622403776,-671.8704838709677,-142.75248387096772,-2687.43455,1.2232500000000002,81.447,62.393816666666666,85.58166014900004,51.013638584928586,6.086956522,46.44455111495655,-217.6957435897436,41.524385609999925,48.71328075239128,9.224332311963447,79.53987812111768,-139050.2465882353,75.76136363777499,60.08874999999999,0.5527570356776799,37.1069714,39.22825476999991,75.47479162095237,-756.3566153846152,71.22010416666666,10.309752178253657,-50.4421612903226,-0.3087591963331082,82.75767560086202,CYM,2016
116,-4945.836122315298,12.62002131082895,6.008106589699921,-666.7575000000002,0.3360815535083609,-34.348285860000026,,-93.54198809523808,56.43025609756097,9.902062223800016,-16.044317948119996,39.56810552160864,63.74975859430493,40.5,-12.96641122900001,35.773304737101945,64.99368333333332,32.6981820385417,0.3320982258325671,460.9416022727273,14.749730360889515,-5.129999999999999,-125.19330745359996,5.203105067135297,27.37544871794872,68.74677390269996,-21.63357162875005,-16.084487858250007,17.587300000000003,2.2411724137931035,56.37504348873632,-12.769999999999996,22.2334017476894,3.140429693548389,75.11159523809522,-6.80726969192866,-696.6417051282051,91.2901375,45.13582729008001,31.203887110102144,56.06090909090908,60.92165032258066,36.47293787037122,-5.84501612903226,42.23817207454545,-19.118247889291247,-2.782954545292501,32.543435397508595,24.324291117564528,-12713.146458289018,9.723293269599992,20.32864516129033,76.95824958327583,18.094500000000004,26.779999999999998,25.631174358974384,3.08151593423068,,74.17476867307693,43.21935714285715,54.082833333333326,62.57861666666666,6.810853708699916,-5.2823184886363,71.76228333333334,4054.873029411763,-8.015946569499938,,-218.53667948717964,-7.247712162162175,62.782666129032265,,,34.453948717948606,-21.1152944485962,559.0495161290323,-46.722483870967736,-1775.76455,,67.777,53.93381666666667,71.7805561756001,8.140982394928574,6.086956522,5.397160244956524,39.91425641025643,6.628251139999968,1.855863402391336,1.3453255086434464,48.342062081117646,-130756.3265882353,72.359449762375,50.57874999999999,7.535139855037672,30.640265399999983,6.711533520000003,30.69472126095237,136.1233846153848,58.14010416666666,18.672976812613644,88.37783870967742,-5.106937765303108,82.73431600086212,COM,2016
127,-10590.594344213448,1.6932228448289406,12.96984356069995,323.6025,-0.2787210288816394,19.839103107999986,,61.3980119047619,105.1902560975609,14.763708858600012,-12.39029216439998,73.88406761160869,31.73889512280489,42.2,14.355820881,12.916762947291945,74.43368333333332,54.38912264854163,57.86706680283259,9382.641602272728,4.556835355579505,-0.75,-292.6364130438,1.1258337653552934,10.00544871794872,77.47325438630003,32.94830548124998,20.60059351775004,-0.8126999999999978,5.491172413793104,15.39790444383633,-12.739999999999997,2.1025168736593853,1.1322396935483892,991.6215952380952,36.26722303807146,1381.9982948717948,616.7701375,74.35925286008,0.1608032480521561,43.46090909090909,70.70107032258062,-3.778812149668763,28.644983870967742,54.67813029454542,0.2429536147987541,-2.404964114692501,0.0261776383286278,77.24987270756449,25649.32319347497,-4.861646634799999,8.298645161290331,72.01157948327582,24.0445,45.55,25.139174358974373,38.10696488423076,,79.45127493307695,45.90935714285715,61.31283333333333,69.65861666666666,12.172658887199953,30.396611511363677,79.98228333333334,-18385.68697058824,-4.528457967999955,,898.3633205128203,22.85728783783778,71.50566612903218,,,-395.0660512820514,38.30978127040379,338.8195161290323,258.6175161290323,38.30545000000029,,80.997,57.52381666666668,85.88780494000001,50.55532859492867,6.086956522,44.79572419495657,-109.55574358974356,40.839539509999895,44.60783831239129,14.716664888253437,77.8814440611177,-14542.0765882353,76.139354068375,51.45875,0.4835443456176802,37.75364199999999,35.88795103999995,71.6137226109524,-439.8266153846152,69.92010416666666,9.383288246813652,4.127838709677405,-6.14967613649311,82.24943060086198,CUB,2016
138,-10813.742021335458,2.9214205208289448,16.274426061499966,-111.8275000000001,-0.4112909663036393,17.71060010299997,27.26233333333333,-37.631988095238086,-397.36974390243904,16.167664670000008,-12.216136929219983,73.5688064716087,38.74962487410489,39.3,42.12236690599999,1.4567666301719466,78.86368333333333,65.99021713854167,59.89122534283253,206.79160227272732,5.49485300224951,13.6,-293.5941149072,2.3742789706252894,12.19544871794872,79.04495741989997,39.31107282124996,23.09748180675004,-2.1126999999999985,5.721172413793104,13.081151319836325,-11.249999999999996,4.509194597639385,1.0101796935483884,-303.9884047619048,40.95679512807147,-2173.491705128205,-46.14986249999999,76.67447068007999,2.3442574503821607,60.51090909090908,70.6220603225807,-1.685498627708748,-1.1750161290322598,62.06286347454546,5.067942709798775,-3.916925837092501,1.3243447651686289,80.36523729756456,20392.929734327543,-4.107470023999999,-15.151354838709668,72.68940198327579,22.664500000000004,51.53,41.63717435897435,60.02033404423075,-0.8895833333333334,80.52135683307696,56.22935714285714,61.582833333333326,76.65861666666666,14.226668443699973,14.071031511363636,81.56228333333334,-18956.76697058824,2.59736970200003,8.604367567567563,-744.3666794871797,28.73028783783781,72.56666612903223,28.31742307692308,0.277333333333333,-418.59605128205135,36.525909780403765,-746.4604838709677,-142.97248387096772,-2671.28455,1.8832500000000003,81.387,64.12381666666667,85.52649123440004,50.55533289492861,6.086956522,46.17653071495656,-243.6757435897436,41.44335383999992,48.032932082391305,10.096810381343449,78.99764007111767,-102832.6765882353,76.139354068375,59.96874999999999,0.6167839355976794,37.4303067,42.627283489999925,74.30022928095242,-741.6366153846152,71.03010416666666,10.168156302913658,-52.07216129032259,-5.30800359130311,82.79050270086202,CUW,2016
149,-10290.140030989518,3.278421391828947,11.141266325599958,235.37249999999997,-0.4431140329716393,21.17730010799996,,-99.02198809523809,-413.4797439024391,16.167664670000008,-17.525213402760002,74.9336427116087,37.84005537590488,38.0,18.03130476,5.439956383501956,77.46368333333332,67.32877107854165,60.10725961283256,-333.3683977272727,7.343417447539506,7.240000000000002,-261.4287111804,2.239083118875289,11.72544871794872,77.9659187246,36.43895890124998,23.400959656750032,-2.342699999999998,4.961172413793102,21.694812402536336,-9.839999999999996,7.753681869949397,1.7431096935483883,-313.9784047619048,39.43083518807144,-2231.4617051282053,-40.99986249999999,76.45221898008,9.69185712579218,60.05090909090909,68.29114032258073,7.76005226021123,-7.5650161290322595,63.571864334545474,-3.4267010434912493,-3.916925837092501,5.63356287786865,73.55286225756448,-10326.965306192496,-4.861646634799999,-29.68135483870967,,35.81450000000001,50.83,49.694174358974415,60.540244734230725,,79.29317224307698,53.58935714285714,59.53283333333333,76.35861666666666,14.338761290199932,12.990711511363678,80.59228333333334,-15865.086970588236,0.2419180636000391,,-740.8866794871797,19.63728783783783,68.89066612903223,,,-521.4960512820513,28.638501015403804,-794.6204838709677,-142.00248387096772,-2639.77455,,80.167,61.353816666666674,81.51992431000004,49.77822924492861,6.086956522,42.475508174956566,-255.0557435897436,23.74260199000001,47.47276828239129,10.046849561153444,76.03308679111771,-156639.8465882353,73.115430623575,58.98875,1.6652309264276794,36.46030079999999,34.47125468999995,74.80864847095235,-766.9166153846152,73.92010416666666,12.353922301513649,-56.46216129032259,-6.35706627392311,,DMA,2016
160,-10530.636595738575,5.807800541828944,-0.2235905659000963,434.9624999999999,-0.3251486282916393,1.909509122999971,,180.94801190476196,848.570256097561,12.982664741800008,-30.565495976799998,71.33789242160876,44.69607507410489,51.60000000000001,12.264076797999998,13.699478582101912,63.67368333333333,44.44341998854166,45.94498568283266,9555.431602272727,8.10385469799952,9.880000000000004,-277.14287267259994,2.140011395665289,17.975448717948723,76.35646590360005,10.378428651249983,2.5067929197500547,1.0173000000000023,4.801172413793103,34.98298156553633,-22.899999999999995,10.686126469359394,1.7913096935483894,2701.4615952380955,18.6792796880714,2683.758294871795,885.6301375,72.97016330007992,12.516366107892134,39.81090909090908,66.4105803225806,10.436177245851251,42.44498387096774,52.17084403454542,-9.576455621091254,-0.8930023922925008,11.267659838118634,68.9408377275645,-11502.771908880675,-4.484558329399999,51.208645161290335,72.96071988327586,-2.265499999999996,46.74,40.7851743589743,37.698174804230746,,78.63707445307693,32.10935714285714,54.04283333333333,58.98861666666667,-2.317500854800109,32.6036615113637,71.45228333333334,-14433.796970588235,-19.68348665949993,,2516.7233205128205,10.519287837837853,67.2556661290322,,,-0.3260512820513668,31.2821657214038,1124.7595161290324,47.84751612903227,526.0354500000003,,79.81700000000001,55.69381666666668,80.35720984810006,35.724948044928595,6.086956522,25.670826794956533,-41.57574358974358,21.017828449999957,35.141295242391315,7.089281568803438,75.72055656111769,-86757.4465882353,75.00538277657499,49.32874999999999,1.751062482447679,39.04698319999999,22.475920389999985,66.88729318095241,518.4733846153847,67.14010416666666,14.522846478813667,30.537838709677416,-6.163364826493109,82.15958290086205,DOM,2016
171,-9967.754287699518,3.703953387828951,12.676033586199942,-217.42750000000007,-0.4308961328546393,16.986709108999968,,-85.38198809523809,-351.49974390243904,16.167664670000008,-19.671727095079987,68.32595569160868,45.8669762941049,50.400000000000006,21.717728072,23.986566355351947,80.50368333333333,68.18284861854168,53.88538878283261,422.5716022727273,7.535653957019507,13.4,-283.0141149072,2.6414594688252917,19.02544871794872,78.08529547809997,13.562010891249976,1.0080872367500575,1.3373000000000026,3.321172413793104,30.122796850436337,-18.02,5.816799844049389,1.46094969354839,-99.12840476190482,40.91598945807147,-1998.901705128205,29.55013750000001,74.18310014007994,7.655130572762159,58.64090909090908,66.50788032258068,8.510728371261242,-5.92501612903226,40.64169877454547,-15.835524347081249,-3.916925837092501,9.407688970368628,71.81849734756449,-12530.29912152524,-4.484558329399999,-19.43135483870967,,31.114500000000007,45.56999999999999,21.600174358974385,40.141367994230805,,79.959405833077,51.63935714285715,58.89283333333333,77.90861666666666,9.68646708779994,15.78194151136364,83.36228333333334,-13891.886970588235,-9.35975247439994,,-611.5866794871796,4.5282878378378335,68.91566612903222,,,-444.01605128205136,28.28956790140384,-779.6504838709677,-134.46248387096773,-2572.99455,,79.187,61.113816666666665,84.86678496569996,49.80814484492859,6.086956522,-3.3535974850434584,-232.1257435897436,35.254720060000025,44.11440512239131,4.950662007083446,75.86730113111763,-129013.1765882353,76.139354068375,62.61874999999999,2.788236105457684,38.7236479,32.74075561999999,54.55700675095241,-680.7966153846152,72.10010416666667,15.189460133613672,-43.802161290322594,-6.33518458641311,,FJI,2016
182,-10562.046507682388,2.392241192828947,13.430969278199951,401.1724999999999,-0.4422196878176394,21.50300310399998,,-98.28198809523808,-413.30974390243904,16.167664670000008,-18.813625096219997,73.27206185160863,37.674349179404906,36.7,25.090983525999995,4.251865898171948,76.08368333333333,63.131206718541605,57.87968916283258,-290.72839772727264,6.622420261619496,2.1700000000000017,-294.5787111804,2.1005808997352857,10.00544871794872,76.37332495899997,41.20945893124996,22.90608676675005,-2.632699999999998,5.471172413793104,21.918030658936345,-12.839999999999996,7.009450812709384,1.2043496935483882,-315.9484047619048,36.8846202180714,-2238.6517051282053,-41.90986249999999,77.37908545008,4.621590017742157,61.21090909090909,68.84446032258072,1.506397779861237,-7.34501612903226,63.69532093454541,-3.14550396081124,-3.916925837092501,3.0686263978886448,74.78420595756448,-5891.654791804009,-4.673102482099999,-28.791354838709672,,34.4845,49.33999999999999,40.09317435897434,58.81324174423072,,80.77985050307694,53.41935714285715,61.582833333333326,75.38861666666666,16.963617456199977,-1.262258488636391,80.60228333333335,-16768.816970588236,0.3210481294000473,,-743.8766794871797,25.2282878378378,69.78266612903222,,,-526.4660512820514,35.36025666040372,-793.7704838709677,-143.13248387096775,-2664.49455,,80.797,60.23381666666667,85.94185347870005,50.65493332492862,6.086956522,41.58164353495658,-258.10574358974355,37.04378934999998,46.06241756239125,9.599742864253445,77.64887000111769,-143923.2365882353,76.139354068375,57.61874999999999,1.3493537142476788,34.843624299999995,35.163496419999944,75.33000607095235,-772.8466153846152,73.60010416666667,11.075684233053654,-60.77216129032259,-6.33290083349311,,GRD,2016
193,-3854.04834733286,11.854408747828929,5.37069488749993,-683.5075000000002,1.195082860998362,-29.225019877000022,,-94.9519880952381,368.840256097561,4.474783130900022,-16.47462764272001,37.900328601608656,68.02742479970496,42.0,-17.919003251000007,46.63086805843197,52.13368333333332,21.624912758541736,-5.033907534167437,1576.3916022727271,19.848161728339512,-19.38,54.4220962732,7.434583771705295,34.46544871794872,69.3858219817,-27.121571638750037,-29.94159484124995,20.9473,1.791172413793103,58.58540333633637,-14.389999999999995,24.1108822081594,3.1448796935483894,575.6715952380953,-11.081982271928648,1769.9382948717948,217.61013750000004,34.63485021008001,35.82540980312214,53.39090909090908,56.85726032258066,38.47461284327119,-4.76501612903226,29.97515799454549,-19.428341987501245,2.508911483107502,50.33326648360861,17.733106087564543,-13948.456365949114,26.887099308700023,51.858645161290326,76.76772508327579,11.474500000000006,24.02,25.13617435897437,0.4654817042306618,,63.54216926307704,34.279357142857144,44.72283333333333,48.76861666666666,3.0922561753999105,-0.2408484886363595,65.17228333333334,5330.573029411764,-11.015369459499937,,786.7533205128204,-2.059712162162171,59.14766612903226,,,367.4539487179486,-6.8340594755961845,1016.2495161290324,324.05751612903225,1891.04545,,65.027,49.59381666666667,70.75186705720016,5.321665634928593,6.086956522,-2.71357894504348,458.19425641025646,-1.5203406900000545,-18.038580317608712,1.3642790223534431,44.75378569111763,-149395.9265882353,70.84748803997498,47.20875,11.283838277767687,27.730247699999985,16.17098774999998,24.3656738209524,914.9033846153848,51.82010416666667,18.950028112313657,280.0978387096774,-5.807395359953109,83.66538050086209,GNB,2016
204,-9726.336433952736,7.711069306828949,3.659641642199915,-352.6475000000001,-0.3765488732816393,-0.5527788760000263,,-86.52198809523809,-48.11974390243904,15.790576364600014,-12.366531848239994,70.24533638160872,46.00870219090491,44.400000000000006,9.49733115099999,9.028620884901953,78.13368333333332,64.1281362985417,43.24364351183268,548.2116022727273,9.262901289999505,14.050000000000004,-287.8834316778,5.430769339225293,17.935448717948724,75.9133216775,11.098575801249986,-9.782240313249972,1.447300000000002,3.7111724137931033,36.81107675363637,-18.58,14.237061764719382,1.9506896935483915,1278.8515952380951,36.94330957807147,-810.1817051282051,28.38013750000001,73.89306072008003,15.07181055120214,57.65090909090908,64.68237032258075,8.31415985651124,-5.35501612903226,58.62563377454544,-16.34519997174125,-1.648983253492501,16.89733209880862,65.66450314756446,-13083.943936819243,-3.918925871299999,-18.20135483870967,,14.374500000000005,49.1,42.13317435897434,38.98893804423077,,78.92541471307695,51.32935714285715,62.15283333333333,76.64861666666667,6.880185891999922,0.8083915113636664,83.89228333333334,-17237.466970588237,-10.527303747999936,,355.2933205128204,3.727287837837839,67.21266612903221,,,-446.16605128205134,9.6001798924038,-724.3104838709677,-107.84248387096773,-1444.0745499999998,,74.06700000000001,57.77381666666668,82.66640555690002,44.47773580492863,6.086956522,22.073307794956527,-108.29574358974358,9.843538139999964,20.93951967239133,5.158589953063435,73.37281311111761,-152160.74658823528,75.00538277657499,61.52874999999999,3.7928667901676825,33.550283099999994,23.186899029999964,60.67446472095239,-513.4366153846152,71.57010416666667,15.187989440113672,26.2778387096774,-1.3140495354831074,,GUY,2016
215,-4106.616751885797,8.241486015828944,2.3260562428999165,-646.5875000000001,0.3958076223483601,-28.371194856000024,,-81.2119880952381,282.78025609756094,-3.110628384199984,-10.125034970499982,44.20321978160868,56.94845356740489,42.7,-17.600981458000003,47.22034452452188,39.52368333333333,25.76958060854167,-4.369844765167436,9510.461602272728,17.21976982238952,-7.629999999999999,-209.0987111804,7.164844371945291,31.56544871794872,71.56636550030007,-25.975757638750043,-25.803250911249982,16.1273,2.471172413793103,49.60635812203634,-16.339999999999996,20.740767708859373,2.676929693548388,2586.5215952380954,-11.639084401928637,7755.9282948717955,1003.6601375,44.00028428007998,34.673981895342145,31.31090909090909,60.26290032258064,41.50170261597124,-0.8950161290322587,31.212190554545465,-19.44119649767125,8.178767942107507,42.08627574040859,23.061787917564544,-13103.601058295497,7.164677802599996,108.70864516129032,75.76237828327585,-8.465499999999999,22.569999999999997,24.242174358974367,3.910336714230702,,68.724850973077,18.89935714285715,41.29283333333333,36.15861666666666,2.7721667789999245,8.713561511363658,61.12228333333334,-3833.9969705882377,-12.216080452099945,,3583.4033205128203,-2.3677121621621744,61.98866612903227,,,1460.9239487179489,-9.771931907596198,1031.6895161290322,779.5875161290322,8657.215450000002,,64.237,42.58381666666668,70.88353583420013,2.74228105492859,6.086956522,-1.7559134250434738,761.2442564102564,4.278476249999947,-21.75442172760872,2.1661771730534483,51.09323251111766,-145425.77658823528,68.95753588697498,32.66874999999999,9.077973927707673,33.550283099999994,14.170923559999984,30.704454600952392,1861.5833846153848,53.73010416666666,17.62734536421366,308.1178387096774,-4.934231981893108,84.13973700086204,HTI,2016
226,-10624.858313132609,5.892096435828939,9.312689090499944,441.8125,-0.3475624108706393,24.446700106999977,,-75.19198809523809,79.10025609756099,15.790576364600014,-8.991346183119994,70.89948139160875,40.72756997760488,37.0,12.60370318199999,7.406070170401959,78.70368333333333,63.9968322785417,52.40622674183261,2701.441602272728,7.53781286732951,9.259999999999998,-291.3942391314,1.597127711745285,13.04544871794872,76.7825380624,29.67113235125,16.197566666750063,-0.0126999999999988,4.141172413793103,26.983679197736336,-19.02,4.987270196119385,1.1796896935483892,417.7115952380952,36.24505560807146,-1139.431705128205,182.9101375,74.05382880007994,3.219532692122163,55.61090909090909,67.9492203225807,2.5339312435412378,-2.17501612903226,57.85880085454532,-15.77483628451125,-3.160944975892501,2.343219928898643,71.79114600756446,-12482.37992597556,-4.673102482099999,20.00864516129033,72.30348198327584,15.9645,43.72,43.391174358974304,50.11973768423079,,79.34830160307689,50.39935714285714,61.412833333333325,75.17861666666667,8.064639774199925,17.724801511363637,82.03228333333334,-18920.046970588235,-11.620434138799936,,-317.3866794871796,10.843287837837824,69.7056661290322,,,-377.3860512820513,27.777341995403788,-663.1904838709677,-110.10248387096772,184.21545000000012,,76.077,57.54381666666667,85.57428084650002,40.93497690492865,6.086956522,41.302422774956575,-165.6257435897436,23.52399579999997,45.9079528523913,7.923889735623447,75.63575623111768,-141135.7665882353,75.00538277657499,56.18875,1.1613314788976778,36.78363609999999,30.37487877999996,71.5974737509524,-278.8266153846152,71.35010416666667,12.426864075913665,-42.95216129032259,-6.334932552473109,82.32145050086208,JAM,2016
237,-5254.313129314304,5.792085193828949,14.127142975299968,-564.9275000000001,-0.0204817129216394,-25.950945857000026,,-102.88198809523809,-370.56974390243903,14.952253011300016,-17.09238631782,40.645741861608656,58.917003451104925,49.10000000000001,-2.036696493000015,27.916504977701926,68.86368333333333,49.1906861085416,10.53485324283259,-118.07839772727266,10.351044824329518,-6.0,-185.5679037268,6.533588256175289,23.91544871794872,77.18502959310004,-12.014651108750051,-32.97321658124998,13.627300000000002,0.4411724137931032,48.20943760463631,-12.529999999999994,16.0798097436794,2.7671996935483865,-235.0984047619048,3.754900048071328,-1976.891705128205,-32.37986249999999,55.49188351008,20.34785667280216,59.22090909090909,64.8289703225806,27.330628604371228,-6.295016129032259,37.64202381454548,-18.374408839351247,-3.916925837092501,28.520793228508595,32.32430423756449,-12505.768849770937,0.5656324581000023,-25.221354838709672,,30.1845,41.69999999999999,25.18817435897437,2.396872304230669,,75.19685828307698,35.25935714285715,54.23283333333333,67.39861666666667,5.397022944999932,12.314791511363666,73.35228333333335,-12790.926970588236,-8.350807222499945,,-570.5466794871796,-7.539712162162178,66.30666612903227,,-0.932666666666667,-283.57605128205137,-22.911905523596246,-47.02048387096772,-141.89248387096774,-2413.68455,0.12325,74.507,60.19381666666668,72.4184007958001,32.515221044928566,6.086956522,-14.406609115043487,-114.85574358974358,14.717124859999991,14.84380839239136,2.801464745203448,63.69590442111772,-154485.9665882353,76.139354068375,57.15875,6.952402721007676,30.6402654,17.17237128000002,33.736227140952394,-673.7966153846152,67.03010416666666,18.13236637311366,-6.142161290322591,12.698751007966898,,KIR,2016
248,-9261.557500599489,4.097266459828943,20.686516223699968,248.2724999999998,-0.4268989805446393,-20.48167588900002,,-79.00198809523809,-294.16974390243905,15.979120517300018,-15.468648115179995,73.60223011160866,36.02477326770488,42.900000000000006,17.605203665999987,-2.42335104442804,79.72368333333333,57.320267788541614,52.65094426283262,223.8416022727273,5.674455492579511,0.740000000000002,-246.2087111804,1.7539851363652912,31.30544871794872,75.10428229470004,33.252177301249965,10.041942017750046,6.357300000000002,2.891172413793103,27.06548635473633,-3.229999999999997,3.976852400249382,1.2895096935483874,-170.2484047619048,42.07433154807148,-2020.151705128205,-17.93986249999999,70.65912353007994,2.088224476962152,59.16090909090909,68.4715303225807,1.432776065581244,-4.76501612903226,50.98833361454543,-3.4419141749012567,-3.916925837092501,4.252772417468643,68.2238675875645,-11779.950477213804,-3.918925871299999,-23.71135483870967,,35.414500000000004,47.44999999999999,37.046174358974376,53.09142392423075,,80.31690007307694,55.379357142857145,64.56283333333333,76.90861666666666,13.634441502599977,3.4961115113636296,84.26228333333334,-16209.866970588237,-5.000666679999931,,-681.5766794871796,9.412287837837816,69.66366612903221,,,52.91394871794864,38.25733797040381,-91.50048387096774,-108.12248387096771,-2516.94455,,79.837,61.88381666666668,83.94003302810007,55.64254337492864,6.086956522,46.13602015495656,-232.4257435897436,40.44227549,46.373755642391295,1.8595659341434436,76.30089977111764,-89361.92658823529,76.139354068375,60.11874999999999,0.2478439777676813,39.6936538,15.953780559999984,54.12866883095242,-692.0166153846152,74.85010416666667,10.343185106533657,-23.1521612903226,-6.27364484893311,,MDV,2016
259,-3827.067009623758,4.10248761582895,16.274426061499966,-533.8075000000001,-0.0583334894916393,-9.665463868000032,,-99.77198809523809,-355.29974390243905,15.979120517300018,-18.3757632306,48.11091105160864,59.45898906930493,48.8,12.71137577599999,17.449535897691938,72.79368333333332,50.873371318541615,15.507264782832578,-279.33839772727265,8.904182035589509,5.93,-121.48560559019998,5.1944098553752855,20.615448717948723,74.82025313460004,-27.376105448750028,-27.908952449249973,18.6773,0.8911724137931034,47.21174682383632,-15.289999999999996,12.174005647899392,2.9334296935483875,-239.8684047619048,16.670455928071384,-1569.451705128205,-40.02986249999999,58.76795907008,15.855146077052153,56.270909090909086,65.15788032258062,14.440794292061232,-6.33501612903226,42.929479854545455,-17.653573290501246,-3.916925837092501,25.1330834408086,42.77692739756446,-8370.302397815296,-2.8920583652999987,-31.971354838709672,78.12286458327584,35.2145,36.81,30.87417435897432,2.492622354230676,,73.984617323077,41.41935714285715,56.802833333333325,70.87861666666667,13.495777135999951,10.20736151136368,77.49228333333333,-13287.046970588235,-9.285677481699942,-8.103632432432441,-642.0666794871796,-5.675712162162167,66.31566612903225,,-0.2426666666666666,-497.14605128205136,-36.134468797596256,40.35951612903227,-95.10248387096772,-2747.11455,1.44325,76.267,58.04381666666667,78.14095183640006,36.18017078492855,6.086956522,-16.394133665043498,-67.14574358974357,26.623107810000008,0.9242124923912912,2.984760961793444,67.34422019111766,-150276.8365882353,76.139354068375,60.55874999999999,4.315706334407676,30.6402654,26.36215610999997,35.93013377095241,-762.9866153846152,69.13010416666667,18.71491584911365,4.267838709677406,-5.31217997878311,83.16508310086216,MHL,2016
270,-9857.819266285358,5.6718454968289445,13.489731273099942,-133.42750000000012,-0.4426055572346393,12.575203111999985,,-22.691988095238088,-213.28974390243903,16.167664670000008,-6.444731480279991,72.61389767160868,32.533784512504894,53.60000000000001,31.26092288799999,7.229203015361959,75.18368333333332,64.26053612854164,59.164420442832544,910.2916022727272,6.05903754818951,4.310000000000002,-279.2749223608,1.543324827615295,14.71544871794872,79.20929244030003,32.69574236124995,22.347052838750017,-2.1026999999999987,5.381172413793104,16.428805836736338,-1.8599999999999923,4.731748496929387,0.9113896935483888,427.4115952380952,35.83442221807142,-1969.8117051282047,33.52013750000001,74.90707893007996,2.8413210220521616,59.40090909090908,69.52605032258067,0.1340572405612548,4.92498387096774,58.46587361454538,-2.262025506061235,-3.916925837092501,4.227360929978621,79.29389654756454,-9326.0507226981,-3.918925871299999,-13.781354838709673,,12.7145,47.97,39.16517435897433,56.74232168423073,,80.93218311307692,52.40935714285715,61.45283333333333,72.88861666666666,8.432681022299931,-0.7677884886363628,79.52228333333333,-18694.06697058824,-1.2655489360999468,,-472.7366794871796,18.687287837837783,70.91966612903217,,,-458.52605128205136,37.37014921040378,-720.6804838709677,-135.38248387096775,-2470.52455,,81.06700000000001,59.67381666666667,86.38333609730003,49.91354871492868,6.086956522,44.40440626495654,-217.0257435897436,39.642628129999935,44.80992780239131,11.93379788567344,79.13877178111765,-97304.0165882353,76.139354068375,55.23875,0.5443465780676784,38.7236479,37.07202609999993,75.11272974095237,-636.1866153846152,72.56010416666666,10.20858720723366,-47.96216129032259,-6.28003600369311,,MUS,2016
281,-4481.644744811369,5.445761478828946,16.970599758599967,-485.8375000000001,-0.2181818309116392,-13.54806386700004,43.04233333333334,-99.74198809523809,-391.74974390243904,15.790576364600014,-16.3242327237,60.12235698160865,52.10544129650493,51.2,10.376328435999994,26.79030473414192,76.83368333333333,54.193129848541616,14.437851012832574,-190.80839772727268,8.659750055329514,6.18,-178.091009317,4.890712765555287,23.07544871794872,74.89864249300005,-8.37258282875002,-19.99581399024996,10.517300000000002,2.9611724137931037,48.477167797236326,-16.159999999999997,9.96628993746938,2.5923096935483865,-147.7984047619048,16.642011688071378,-2111.6717051282053,-39.58986249999999,59.94349134008,12.13688549388216,60.56090909090908,64.91949032258063,19.041986313861223,-6.385016129032259,42.669419814545456,-16.950507287051245,-3.916925837092501,22.721868913528603,44.04014263756445,-11668.66312154278,-3.3532934131999985,-32.61135483870967,77.95134668327579,39.694500000000005,43.50999999999999,28.840174358974323,4.858219324230703,-2.0995833333333334,75.72849930307697,42.489357142857145,56.77283333333333,74.07861666666666,7.2909878032999345,10.631711511363685,81.58228333333334,-15141.676970588236,-8.470852561999962,-5.059632432432441,-579.0266794871796,-6.053712162162171,66.17966612903226,42.797423076923074,-0.2426666666666666,-365.6460512820513,-18.02412966159624,-316.4204838709677,-131.90248387096773,-1788.28455,1.69325,77.287,59.20381666666667,78.72061553230003,35.596125374928576,6.086956522,-12.686482055043491,-104.43574358974357,15.611887320000008,3.4336524623912936,3.0939918749234456,67.99473762111764,-154643.6665882353,76.139354068375,60.08874999999999,4.544091237887681,31.9336066,22.01083359999994,36.5728071809524,430.8533846153848,70.93010416666667,17.60836316801368,-28.6821612903226,-5.33673326768311,81.89165790086209,FSM,2016
292,-3632.412019089741,4.507076953828954,19.176644839699968,-393.2675000000001,-0.3623799132146393,-10.156869870000037,,-100.6219880952381,-363.1697439024391,16.167664670000008,-18.90105611062,71.31266556160865,45.557630057004864,51.2,13.063761695999986,9.028876834041933,73.93368333333332,55.06290139854161,19.358298272832563,-330.6883977272727,9.165393133309507,7.329999999999998,-200.1987111804,4.914791965885293,19.80544871794872,78.49522025120004,4.717031981249981,-10.145888359249966,10.407300000000005,2.551172413793103,42.05849420793629,-16.309999999999995,10.118581077199387,2.07357969354839,-168.8884047619048,29.34272058807144,1223.9082948717946,-43.31986249999999,74.38658753007996,10.542945591712147,58.19090909090909,66.11288032258064,16.59461954336122,-6.715016129032259,45.77585371454547,1.1270437646087537,-3.916925837092501,14.955044496668611,65.98435739756447,-13320.457083412615,-4.107470023999999,-12.721354838709669,,29.9045,40.58999999999999,31.46917435897433,47.05619969423073,-0.1695833333333336,79.15697915307697,40.64935714285714,58.082833333333326,71.60861666666666,7.541745016399929,5.453231511363647,78.20228333333334,-15984.716970588235,-7.374675799499947,,-665.6066794871797,0.5772878378378437,66.70166612903223,,-0.3726666666666673,-415.3760512820513,2.400930755403777,-122.7904838709677,-124.59248387096773,-2649.19455,2.61325,76.967,53.02381666666668,79.97978339520002,48.65261962492862,6.086956522,23.55762053495653,-116.67574358974358,33.289595930000004,29.650700412391323,2.809262750263443,69.75431927111765,-157300.9165882353,76.139354068375,55.31875,4.160930456387678,32.256941899999994,26.36107714000001,47.16330604095239,-761.1366153846152,72.35010416666667,17.620571362913658,-19.25216129032259,46.650259639866846,,NRU,2016
303,-10092.447244992718,3.8015826928289487,18.59799513239996,-219.35750000000007,-0.4386596800226393,16.28150010899997,,-96.57198809523808,-413.1697439024391,16.167664670000008,-21.38289631212,72.67949397160865,42.70027939260487,47.60000000000001,24.885612954000003,6.9370787229919575,80.27368333333332,64.96338361854171,56.14050901283259,-307.56839772727267,5.5825364423895,9.21,-266.051009317,4.088035411715298,17.20544871794872,78.13541671049998,23.19818827124997,23.35769993675001,-2.002699999999998,5.391172413793104,21.31116018073635,-12.859999999999996,7.29824499938939,1.3008296935483885,-302.5484047619048,34.45424648807144,-2248.391705128205,-47.84986249999999,75.71059225008,8.911732745292154,56.60090909090909,68.4703003225807,0.328930414291257,-6.215016129032259,57.69361609454541,19.736656995428763,-3.916925837092501,4.541885692988634,74.4565411675645,-7963.407322888279,-3.918925871299999,-25.20135483870967,,30.9945,48.78999999999999,26.48417435897437,53.08621996423071,,81.09109768307695,52.68935714285715,62.99283333333332,75.15861666666666,16.302058331799977,21.841711511363684,84.81228333333334,-12435.366970588237,-4.185841760299951,4.749367567567569,-727.3866794871797,11.77228783783783,70.32666612903219,,-0.2126666666666672,-502.78605128205135,26.92280120640379,-529.0404838709677,-133.93248387096773,-2659.15455,1.29325,80.577,60.59381666666667,84.53783133720007,49.242787664928585,6.086956522,36.36699141495654,-207.6757435897436,41.41759308999994,47.23396540239128,6.22618522825344,77.72714324111769,-158082.1465882353,75.76136363777499,59.26875,2.0082255817176824,33.550283099999994,35.67467030999997,74.59336693095237,-767.3166153846151,74.03010416666666,14.058855522013662,-31.382161290322586,39.63491283684685,,PLW,2016
314,-5133.062343378756,6.655513398828945,12.676033586199964,-580.2875000000001,1.0108693883983602,-29.546509851000025,,-79.22198809523809,661.0102560975611,-8.393008731500004,-9.62924398093999,38.38371060160868,57.72025796070486,44.60000000000001,-12.008639892,38.02414623526195,41.56368333333332,26.40232978854169,4.050732590832553,7570.511602272727,13.56422856383952,-3.099999999999998,-210.441009317,6.468981080895288,26.66544871794872,71.51710265249999,-28.285715128750027,-28.924169005249937,24.727300000000003,3.0011724137931037,51.91698240213635,-17.129999999999995,16.465928134149397,2.9258096935483864,1013.2215952380952,-8.68640948192866,4747.898294871795,905.3201375,38.52773511007997,20.82412288460214,33.11090909090909,61.28458032258068,33.66506579607119,-1.8550161290322595,12.123831314545477,-18.810273357851248,-2.782954545292501,30.15485376740859,17.63483325756455,-11891.522919746016,32.02143683870003,84.34864516129034,76.49837838327586,14.744500000000002,26.69,26.390174358974363,6.491603394230701,,73.61230160307696,15.939357142857148,45.962833333333336,34.918616666666665,1.12895913379991,-14.378858488636356,60.582283333333336,1036.1030294117627,-11.24029491919994,,1190.9733205128205,-5.1147121621621725,65.13966612903226,,,999.6539487179488,-16.91115697759622,1235.759516129032,228.01751612903223,-973.4045499999996,,67.867,47.56381666666667,74.01589186940011,8.260734854928582,6.086956522,-11.3800559150435,863.6442564102565,13.165341329999984,-21.796019017608728,1.6149879569834464,49.006887381117664,-135058.8965882353,72.737440192975,35.55874999999999,6.792296717287671,28.700253599999986,20.200069230000025,32.02649102095236,139.03338461538476,59.400104166666665,18.46570362391365,98.8678387096774,-5.844246490183109,83.96197870086203,PNG,2016
325,-9043.268770969436,2.9082099158289525,16.593131912599965,-254.12750000000003,-0.3546914306216394,5.659815117999976,,-102.1219880952381,-398.769743902439,16.167664670000008,-20.952586617520005,73.6430648816087,60.54098713690491,47.10000000000001,28.945307265999983,17.37152855998194,68.24368333333332,61.60708572854159,54.19238150283251,-147.52839772727268,6.0859159424195095,12.160000000000004,-197.9064130438,3.057853763695288,18.62544871794872,78.65013930499997,8.131072461249993,21.145668468750003,0.2873000000000019,4.041172413793103,42.354926232336304,-13.339999999999996,5.30065844989939,1.6898896935483907,-184.0384047619048,38.18196459807147,-2171.9417051282053,-24.339862499999988,73.56123038007996,6.055960656602155,58.92090909090908,65.84539032258067,5.71152691377125,-7.445016129032259,60.95406751454542,-17.296079386841242,-3.916925837092501,5.009528213728631,69.32561325756446,-16889.585571715274,-3.730381718599999,-35.32135483870967,,40.1645,47.58,33.420174358974315,49.82235327423075,,75.22661423307696,42.34935714285714,46.49283333333332,67.26861666666666,10.438738727099938,5.835501511363674,75.27228333333333,-14115.616970588237,-8.841227525499953,,-672.9766794871796,3.169287837837821,67.85966612903223,,-0.0726666666666666,-499.65605128205135,19.7402282064038,-827.2904838709677,-139.10248387096777,-2082.90455,3.27325,77.637,57.77381666666668,86.54830985360009,47.80613600492859,6.086956522,-4.449727465043473,-129.0657435897436,35.594253820000034,45.10097578239131,4.58698457144345,74.09072087111761,-131171.4665882353,76.139354068375,58.62875,1.26326001039768,34.520288999999984,40.16687501999995,51.26944151095242,-744.9166153846152,70.48010416666666,17.197837331113657,-47.90216129032259,-6.379291392813109,,WSM,2016
336,-4139.535195238102,1.828753905828964,8.096627680999937,-560.0075000000002,-0.3502713945316393,-22.26020687500004,,-100.57198809523808,-364.2897439024391,13.275606304700004,-17.520178622080003,51.22574543160864,65.80624433200501,45.0,-4.425707446000004,13.066483686731948,71.35368333333332,50.466032458541605,13.936020472832569,-91.31839772727268,9.43634610229952,1.9600000000000009,-107.22790372679998,7.56816439967529,31.07544871794872,76.79259383410007,-14.548198618750057,-29.44777968324996,13.427300000000002,1.4911724137931035,53.65330600783635,-15.479999999999997,14.105187204819387,2.687179693548388,-138.8384047619048,12.299611938071358,-2001.4417051282053,-25.449862499999988,58.209674740080025,16.475150595682123,58.73090909090908,64.85715032258062,19.02551800490125,-6.92501612903226,52.65699847454543,-19.11139453540125,-3.538935406492501,22.55729298342858,33.8930661375645,-8317.077542627396,-4.296014176699999,-29.71135483870967,78.12371238327583,40.06450000000001,33.78999999999999,27.16517435897436,22.57208458423076,,68.61640153307701,43.21935714285715,54.932833333333335,69.72861666666667,9.024907963399947,13.194101511363662,76.46228333333335,-5487.036970588237,-8.309891948799944,,-564.4466794871796,2.5632878378378443,66.4076661290323,,,-260.77605128205136,7.831830832403824,-436.2104838709677,-103.47248387096774,-2716.23455,,75.717,55.04381666666667,81.64226126879998,29.99532803492857,6.086956522,7.093418134956494,-60.69574358974359,26.077355930000024,26.18492645239133,1.7070824847834445,64.03283039111771,-157140.9565882353,75.76136363777499,56.26875,4.830374224717675,35.8136302,24.62741557,37.04817951095241,-491.9366153846152,66.19010416666667,19.188087282513663,53.15783870967742,-4.34361473075311,82.69576500086208,STP,2016
347,-10789.389281438938,4.131368474828949,17.66677345569996,-74.92750000000012,-0.4399406482376393,17.669309107999986,,-91.92198809523808,-405.579743902439,15.979120517300018,-20.27438142813999,74.06163391160868,34.00323105110491,41.2,45.866192246,2.2385873843819493,77.67368333333333,66.84879798854169,61.06423281283255,-311.87839772727267,6.781126475189499,0.3500000000000014,-299.0656055902,3.102350274585292,16.405448717948723,75.77776236770005,38.11697486124995,23.487543456750032,-2.062699999999998,5.391172413793104,16.70654093163636,-13.869999999999996,5.401972464219388,1.0580296935483884,-166.7384047619048,43.94794824807146,-2269.911705128205,-43.38986249999999,74.90533893007998,5.9321580990121685,61.26090909090908,69.8630603225807,0.4746831825512601,-7.22501612903226,62.702855614545406,18.159866007908743,-3.916925837092501,4.053156139488626,78.78263943756451,-13742.290544286388,-4.107470023999999,-31.721354838709672,,30.45450000000001,54.19,39.41017435897433,60.05107903423075,,81.17069766307702,56.89935714285714,63.64283333333333,76.56861666666667,12.994262709799962,13.036481511363618,82.11228333333334,-18932.23697058824,-4.06849690239995,,-665.4166794871796,23.260287837837826,70.69966612903221,,,-411.33605128205136,35.87235813240379,-742.4904838709678,-143.29248387096774,-2683.83455,,81.887,64.26381666666667,86.43800131910004,53.36259480492859,6.086956522,43.59345126495655,-259.0557435897436,40.36210928999992,46.78073243239131,8.675172058213445,77.52042899111764,-148241.3965882353,76.139354068375,62.35874999999999,0.8625238620176805,34.1969537,43.77695656999997,72.59950488095237,-763.3466153846152,74.33010416666666,10.456653943013656,-51.07216129032259,3.731274192576896,,SYC,2016
358,-9585.018684611548,3.513706558828951,30.06445037879996,5480.6025,-0.3929287044006393,14.86310310899998,,1570.298011904762,264.6702560975609,15.32934131670001,6.892351661980015,74.3129579116087,26.78032942490489,49.0,15.859670754999996,-5.102552915618061,67.69368333333333,67.02921647854171,51.85708641183259,5323.961602272727,1.8940286269595057,-2.509999999999998,-303.9918167706,-0.2061122038447065,6.595448717948722,80.62141928580004,37.006237611249965,23.70447811675004,-4.212699999999998,3.911172413793104,11.778436908936312,2.910000000000004,0.6900627342293841,0.78801969354839,346.9715952380952,37.65655633807145,-919.2617051282052,203.7601375,75.10798553007999,-1.91336947157785,49.21090909090909,74.03980032258062,-6.56259783731876,102.61498387096776,60.84447583454541,13.96571243392879,2.508911483107502,-4.041896339591364,79.25587380756454,-914.3554275613824,-4.296014176699999,-0.9413548387096712,,10.294500000000006,56.35,24.8701743589744,60.58103682423071,,81.47787793307694,48.379357142857145,59.27283333333333,65.06861666666667,27.842081322899936,40.68966151136364,73.11228333333334,-15739.126970588237,19.48554927230012,,-49.84667948717959,29.56828783783781,72.78966612903221,,,-484.44605128205137,38.33916914040378,-741.7904838709677,-137.91248387096775,-2378.20455,,81.197,59.54381666666667,86.0246302713001,52.28106068492868,6.086956522,45.90081114495654,-179.73574358974358,43.1481615499999,49.29347981239128,14.03199455455346,78.61747607111765,6772.063411764713,75.76136363777499,53.76875,-0.4835855102223185,35.8136302,29.757788359999964,75.15798524095239,-375.5866153846152,73.02010416666667,7.538967111033652,-82.47216129032259,16.8942589571569,,SGP,2016
369,-10580.898090546638,3.400083587828944,18.79917699369997,97.27249999999992,-0.4153774012836393,20.676000105999968,28.412333333333333,-94.80198809523807,-385.42974390243904,15.979120517300018,-17.106783866239986,73.46096885160871,32.40689042170489,39.3,36.76723339599997,1.1266702971819456,77.26368333333332,67.53292950854164,59.79072340283255,-345.21839772727265,5.75506057244951,1.5200000000000031,-251.3741149072,2.342591923835289,6.885448717948721,78.71495162199996,40.87233984124996,23.098827926750037,-2.552699999999998,4.951172413793103,12.92865180423635,-12.229999999999997,4.937528311669388,0.8832096935483896,-299.5384047619048,39.77459449807146,-2272.201705128205,-45.73986249999999,77.54779702008,3.388942034742154,60.93090909090908,71.13940032258068,-1.22512112906875,-7.615016129032259,63.608901314545456,7.247520143088753,-3.916925837092501,4.3975653519886375,79.76730468756455,-5964.025964048491,-3.918925871299999,-33.95135483870967,71.08518608327583,32.70450000000001,46.03999999999999,43.98417435897438,60.02476922423072,-1.299583333333333,81.06853664307698,54.30935714285715,62.67283333333333,75.58861666666667,16.211345816899986,28.19136151136361,82.10228333333335,-19090.976970588235,1.1358730491000344,7.884367567567581,-743.7566794871797,27.904287837837806,72.38866612903222,29.66742307692308,-0.4926666666666666,-448.2560512820513,36.790074290403766,-781.7004838709677,-143.04248387096774,-2703.11455,1.7032499999999997,81.407,62.27381666666668,85.33380065190003,52.84445514492862,6.086956522,46.44455111495655,-217.4857435897436,41.23608537999991,49.20210277239131,10.512774631423447,78.83287991111766,-137001.0765882353,76.139354068375,61.73875,0.9448037804876812,38.7236479,38.84157192999994,75.88739269095234,-771.0166153846152,69.56010416666666,10.430980453213657,-58.552161290322594,-6.38448467620311,82.66124310086205,SXM,2016
380,-4518.3287674061,4.813121112828951,8.180285552499939,-606.0675000000001,-0.0159923166616392,-26.155315854000037,,-96.9019880952381,-329.769743902439,13.548297199900006,-16.83945604236,29.03802441160866,64.27116407470498,38.2,-8.783213965000003,13.296330672241924,71.72368333333333,40.13220466854169,8.690313571832597,310.8716022727274,9.498472993359512,-2.869999999999997,-94.9279037268,4.2357132392453,26.18544871794872,74.0838938826,-31.479297638750023,-30.106837204249945,17.357300000000002,2.551172413793103,56.97046513103635,-13.159999999999997,7.953745030919385,3.141049693548388,-85.4884047619048,-3.703883541928672,-1388.9817051282052,47.55013750000001,45.49535131007999,11.554289031092145,60.87090909090908,65.5650503225806,20.216229708071214,-6.485016129032259,25.917999514545485,-19.58228970242125,-3.160944975892501,27.016838746808567,24.217403937564526,-13573.161401109215,-1.9493376017999984,-13.07135483870967,,35.7945,36.81999999999999,23.32417435897441,-0.2313550557693204,,70.14329327307698,33.61935714285715,53.01283333333333,69.82861666666666,7.2909878032999345,-5.502658488636328,76.92228333333334,-10945.276970588237,-10.21819314939993,,-407.5566794871796,-6.5057121621621725,66.52866612903223,,,-304.1860512820514,-29.9348456205962,726.5095161290324,-68.27248387096773,-2237.82455,,73.937,58.49381666666668,79.02083724180005,13.252185434928569,6.086956522,-11.796828205043482,-56.41574358974359,16.82671048000001,1.1713412623913086,2.355747940113444,56.31359814111761,-155071.5565882353,75.383373207175,58.11874999999999,3.370307086177683,34.19695369999999,20.630395140000047,22.080593690952394,-418.4166153846152,62.49010416666667,18.788577598413653,43.37783870967742,13.860181774286904,,SLB,2016
391,-10288.183962661007,2.1947333518289467,14.504610821299956,229.6724999999999,-0.3850689101846393,18.212100109999973,,-95.4319880952381,-412.699743902439,16.167664670000008,-14.6029939453,74.80275809160871,32.179122167704875,39.900000000000006,40.03683878599998,3.000901586801943,81.75368333333333,68.6908338285417,58.14245223283255,-252.51839772727263,6.789005761939512,15.11,-290.951009317,2.1384798883652905,9.365448717948722,77.68344496959998,34.69306120124994,14.331493826750062,-2.832699999999998,4.941172413793103,16.853719461136357,-12.339999999999996,5.4279910342493904,1.001999693548388,-303.6284047619048,40.21309717807147,-2253.411705128205,-45.93986249999999,75.76174287007998,4.138803084252157,59.33090909090909,70.07311032258069,-0.1624797324887446,-7.365016129032259,63.80643187454543,6.677721374738752,-3.916925837092501,1.888158055838634,79.40848184756457,-2254.451970387967,-4.861646634799999,-34.60135483870967,,27.8745,51.36999999999999,39.74917435897442,59.69395164423075,,80.35329043307698,61.03935714285714,64.88283333333332,79.05861666666667,18.62820543299997,10.732411511363608,84.82228333333335,-18301.16697058824,1.3252841983000394,,-740.0366794871796,26.7972878378378,71.23466612903219,,,-518.9060512820513,32.35732037140379,-797.8704838709677,-142.34248387096773,-2684.81455,,79.987,66.41381666666668,85.68991957880004,51.648324404928616,6.086956522,46.18728563495656,-164.2457435897436,38.68411173999995,44.5467327723913,6.865540595103452,77.91618277111769,-146005.9465882353,76.139354068375,61.78874999999999,1.1687787748976777,38.7236479,39.35331701999995,75.91621115095236,-770.9266153846152,73.11010416666666,10.969807193313663,-59.18216129032259,-6.38367959306311,,KNA,2016
402,-10673.949734654838,2.4480241058289467,11.71991603289996,119.1724999999999,-0.4441347229416393,21.29470010899997,,-95.67198809523808,-414.0397439024391,16.167664670000008,-18.470746416019992,74.33850745160868,37.72510839550488,42.900000000000006,22.793772231999995,3.410387855001959,80.50368333333333,67.55141804854166,59.75309572283255,-290.76839772727266,7.636597974099516,13.75,-302.0364130438,2.8070670507152893,10.79544871794872,75.34565116089995,39.04963972124995,23.097744036750044,-2.222699999999998,5.631172413793104,23.29923159633636,-17.239999999999995,6.105280224919389,1.220119693548389,-285.8384047619048,40.71558745807143,-2227.931705128205,-43.18986249999999,76.17225079008,6.953243737552151,61.31090909090908,67.58600032258074,1.192166476211236,-7.535016129032259,63.670629614545454,-5.65650856413124,-3.916925837092501,2.4363793557686524,74.28341836756448,-8414.607425489756,-4.861646634799999,-33.88135483870967,,34.9945,46.56,33.91517435897435,58.2916049242307,,80.40086399307697,56.239357142857145,64.48283333333333,78.12861666666667,14.317380958599962,13.762451511363658,83.63228333333333,-16583.266970588236,1.1358730491000344,,-736.3066794871796,21.66128783783782,69.83766612903223,,,-512.1360512820513,36.00759870140381,-789.6304838709677,-143.43248387096773,-2484.76455,,80.117,61.43381666666667,85.81781485800003,49.70298818492861,6.086956522,42.75758151495655,-216.5157435897436,36.57044322,48.61330910239126,8.777537932423446,76.5306905811177,-158893.0765882353,76.139354068375,60.09875,2.024780665207677,38.4003126,34.84956711999996,75.22523494095236,-772.6966153846151,72.29010416666667,11.982995106613654,21.2478387096774,-6.39018507088311,,VCT,2016
413,-10571.129221810656,2.003847373828949,13.372207283299971,132.6724999999999,-0.4403322567956393,16.676000105999968,,-95.3719880952381,-407.3397439024391,16.167664670000008,-19.15650377642,74.53683635160868,32.06902092570491,37.1,21.838934882,6.442560824371943,77.35368333333332,61.5847049885416,56.9481453128326,-232.07839772727263,7.266242217219512,15.93,-304.6664130438,2.1407665021152904,9.82544871794872,76.46543105260004,40.32325680124996,19.247884496750103,-1.7826999999999984,4.751172413793103,17.688484409236352,-15.359999999999996,7.475353226099393,0.8908296935483891,-295.57840476190484,40.69951627807146,-2240.9017051282053,-38.96986249999999,76.79830665007998,9.46694402370217,60.42090909090908,69.36118032258067,3.552815416431253,-7.51501612903226,63.644420694545424,1.0730093846687438,-3.916925837092501,4.2713527658886346,73.87250456756448,-10500.70977686414,-4.861646634799999,-33.33135483870967,,31.524500000000003,52.0,32.3181743589744,60.584768014230704,,80.19135859307696,54.03935714285714,62.92283333333333,75.84861666666667,18.12669100679998,7.091851511363629,81.62228333333334,-18812.35697058824,0.0092370492000384,,-734.8766794871797,25.9342878378378,70.34866612903218,,,-437.19605128205137,36.82609167040377,-828.1504838709677,-142.80248387096773,-2505.26455,,80.897,64.38381666666668,84.94333854060001,51.17694360492861,6.086956522,45.51865239495661,-251.2857435897436,39.502826139999954,48.17090119239129,9.50388233609345,77.37639128111772,-151248.0965882353,76.139354068375,60.64874999999999,1.1758091542176772,37.75364199999999,34.33397843999995,75.77319508095233,-768.6366153846152,71.38010416666667,10.19424310771366,-18.812161290322592,-6.38636960010311,,LCA,2016
424,-10794.694233227709,4.1883069208289525,8.935221244499957,-190.3275000000001,-0.4421817906916393,7.953318115999977,,-89.14198809523809,-248.37974390243903,16.167664670000008,-19.581778690339988,73.13638931160867,42.64027529100487,42.8,26.69481988000001,10.091748345181951,68.51368333333332,64.92308214854168,54.01532989283266,278.3716022727274,7.709521898809506,-0.740000000000002,-306.0703260876,1.8767840137452905,17.84544871794872,77.79260031680008,27.44416114124996,11.157500132750044,0.827300000000001,3.3711724137931034,28.689667164736345,-23.169999999999995,6.930958026039387,1.4147896935483892,-126.90840476190482,42.40268702807146,1366.0582948717947,1.140137500000009,75.11589919008,9.643760692262168,56.59090909090908,66.71323032258069,3.037245917941254,-6.08501612903226,59.50368595454544,-6.0431594806212505,5.9108253585075055,10.844937724488627,71.71162968756448,-19807.97643238206,-3.541837565899999,-26.71135483870967,,33.7745,43.63,37.43717435897439,39.95234963423072,,79.97658559307698,51.25935714285714,45.352833333333336,65.95861666666667,13.495777135999951,21.298121511363668,69.54228333333334,-12062.026970588237,-5.315524131899963,,-638.4066794871796,12.110287837837816,69.20866612903218,,,-297.5060512820513,29.363291491403785,-800.3704838709677,-132.78248387096772,-2536.80455,,79.31700000000001,45.90381666666667,84.68176986100003,51.96260585492861,6.086956522,26.578145454956548,-227.6057435897436,31.960145670000003,45.62600491239129,6.175805521683452,76.07490655111764,-159112.6065882353,76.139354068375,59.59875,2.087804666667683,38.07697729999999,29.526886359999978,68.2435602109524,-387.0666153846152,73.54010416666667,13.832024202413669,-8.552161290322587,-6.308132709443109,,SUR,2016
435,-5926.826170156863,5.710429278828946,13.37220728329995,-421.2875000000001,-0.0689746312716394,-28.30103085500003,,-87.04198809523808,-260.42974390243904,14.00953224780001,-18.80355553486,45.79917655160864,64.50146564350493,43.60000000000001,-10.143401340000004,34.91740735980192,63.53368333333333,40.56648883854166,6.513913477832581,825.8216022727273,11.08290093788952,15.920000000000002,-133.14100931699997,10.591933497825284,22.45544871794872,68.84345923419997,-23.43403997875003,-24.72745825725,23.7773,0.3111724137931033,51.25349767393634,-14.229999999999997,15.863191283759374,2.8112096935483897,492.8515952380952,-0.0684916619286823,-1467.1717051282053,134.4501375,56.32214029007999,25.470386559552157,54.94090909090909,64.17499032258073,23.930844622471227,-5.18501612903226,27.962373114545464,-18.497621848181247,-3.916925837092501,29.792279804508595,32.68450817756449,-11478.19082385802,5.804367398300001,18.51864516129033,,31.3445,35.11999999999999,25.27917435897437,2.15085030423068,,74.61052760307689,45.88935714285715,51.98283333333333,62.54861666666666,5.397022944999932,-3.103108488636323,68.48228333333334,-6014.9069705882375,-10.00102324439994,,216.2933205128204,-1.85271216216216,66.01466612903224,,,287.88394871794867,-1.0018478135961644,126.40951612903224,-80.95248387096774,-2557.39455,,71.95700000000001,56.45381666666667,74.11273398820005,15.332503744928548,6.086956522,-10.55656894504348,151.5742564102564,13.841671380000008,-0.4243597676086494,1.9519726178234464,58.21669958111762,-155698.8765882353,75.76136363777499,54.88874999999999,6.351351593587676,36.1369655,19.19595207999997,26.536893420952392,-292.4966153846152,65.37010416666666,18.57599532141365,69.7478387096774,9.686279919026894,,TLS,2016
446,-10601.025615659357,3.145236861828951,9.974996669299957,299.7724999999998,-0.3437762688216393,26.28690310499997,,-61.63198809523809,-264.909743902439,14.763708858600012,-16.147560098179994,74.19687385160869,35.882171311104926,48.8,25.34269375399999,2.751395798681949,62.57368333333332,55.78696905854166,58.13482603283261,941.7516022727274,6.348158349549504,0.6300000000000026,-288.0564130438,1.5382229695152874,9.87544871794872,77.06890898929997,29.92574033124999,19.645990387750004,-2.312699999999998,5.821172413793104,16.56978197393635,-13.379999999999995,4.707256459849384,0.9078296935483892,-28.438404761904792,35.21800198807144,-2015.5317051282047,50.05013750000001,75.98373390007998,3.2177998119921742,57.92090909090908,69.78931032258065,-0.0014111557487552,0.3549838709677413,57.37222005454544,-0.6432874473312395,-1.648983253492501,2.403397725358621,76.31891821756447,-15976.032813574446,-3.541837565899999,-26.74135483870967,,24.53450000000001,50.38,40.65317435897433,45.151461104230734,,80.60323159307694,47.69935714285714,59.61283333333333,60.61861666666667,12.791457348399966,15.51946151136363,69.71228333333335,-15601.176970588236,-3.333147938599957,,-492.9466794871796,24.211287837837816,71.09166612903216,,,-457.8860512820513,32.449117153403776,259.7495161290324,-136.25248387096772,-2367.31455,,80.84700000000001,61.353816666666674,84.54495383500003,51.12426527492868,6.086956522,40.41006375495656,-186.4157435897436,40.08176654999993,46.051703152391305,10.610208360453436,78.36388563111763,-133863.9465882353,76.139354068375,56.99874999999999,1.56202886986768,34.843624299999995,35.13490551999996,73.6596889209524,-621.8966153846152,73.37010416666666,10.327152079833668,-36.11216129032259,-0.9124516486231052,,TTO,2016
457,-8444.497529940436,4.056913771828953,16.970599758599967,-277.63750000000005,-0.3783388385216393,16.395212108999964,,-98.06198809523808,-409.5497439024391,16.167664670000008,-19.756640719139995,67.93326660160868,58.463611863804935,45.2,27.986115195999982,11.561129637961942,78.21368333333332,63.86983730854165,55.08427263283259,-273.4883977272727,6.1304595654195015,1.3599999999999994,-204.8041149072,2.4369728777252893,19.435448717948724,77.17709281299994,9.97475279124999,17.927733778750024,0.0673000000000012,4.631172413793103,44.20497881013632,-14.499999999999996,8.774164319119407,2.271939693548387,-235.6084047619048,32.66981226807142,-2231.241705128205,-33.669862499999994,74.71818081007999,8.184283551072168,59.33090909090909,65.77940032258067,7.169356442101238,-7.335016129032259,56.36170381454543,-18.161474205981246,-3.916925837092501,8.42209097519864,71.16941441756447,-14713.610523787578,-4.673102482099999,-31.58135483870967,,38.8845,43.69,24.96517435897435,52.00878140423076,-1.819583333333333,76.98311104307695,49.39935714285714,57.98283333333333,75.87861666666667,7.701789714599933,11.84535151136368,80.37228333333334,-16235.846970588236,-9.178442769999954,,-686.4566794871796,-1.6727121621621563,66.83966612903224,,1.5573333333333332,-436.9960512820513,8.759070448403804,-811.2904838709677,-130.40248387096773,-2685.46455,3.81325,77.727,57.28381666666667,85.58565673019994,48.482823124928586,6.086956522,8.511541974956522,-153.14574358974355,21.30696200000002,40.61828152239131,4.498234488043448,75.56677003111766,-133140.1365882353,75.76136363777499,60.73875,1.7729964398176812,35.49029489999999,40.900891969999904,58.62009263095239,-763.4466153846151,71.28010416666666,16.710630282313662,-37.25216129032259,-6.332055291763109,,TON,2016
468,-6186.701585670115,4.935354632828946,21.005222074799967,-299.62750000000005,-0.3458901072616394,-0.7751668800000289,,-102.83198809523807,-405.709743902439,15.979120517300018,-19.756640719139995,64.47072829160865,55.07759882410495,47.400000000000006,27.241383357999997,7.273554463171939,77.60368333333332,60.359024888541626,32.49260017283259,-317.14839772727265,8.238563956809507,3.039999999999999,-193.9633074536,4.406194520315292,19.12544871794872,77.82315978249999,1.577513471249958,0.0586911037500357,3.867300000000002,2.671172413793103,46.47014487163633,-16.049999999999997,10.962824048499389,2.7519996935483872,-286.5884047619048,30.32165200807145,-2226.571705128205,-45.15986249999999,63.62648398007999,12.75809442045214,56.15090909090908,65.33722032258062,7.563191469011235,-7.245016129032259,45.70797513454546,-17.943797545141244,-3.916925837092501,12.57899958850861,54.351040887564494,-13584.952731891715,-4.107470023999999,-33.90135483870967,,40.1545,44.25,37.018174358974335,31.99142111423069,,75.29436904307698,46.71935714285715,60.28283333333333,75.09861666666667,5.146265731899916,15.135521511363692,84.45228333333334,-17967.306970588237,-8.616302065799957,,-704.8066794871796,-5.577712162162172,66.22766612903226,,-0.3326666666666673,-486.5560512820513,-21.27391161059623,-719.3904838709677,-132.20248387096774,-2710.56455,1.8332500000000005,76.377,61.893816666666666,83.78325560749998,41.64802859492859,6.086956522,14.724521174956529,-204.4157435897436,20.448781430000015,18.806757962391337,4.507714672503443,69.57519979111765,-161476.0365882353,76.139354068375,61.21874999999999,3.70122116114768,30.6402654,27.25983104999997,47.38573652095239,-747.4966153846152,71.44010416666667,17.85332192581366,-6.182161290322597,46.671360553286846,,TUV,2016
479,-10712.870492953987,3.1823684748289454,16.65189390749996,-151.92750000000012,-0.4373557410366393,23.18260010599997,32.672333333333334,-89.9019880952381,-399.17974390243904,16.167664670000008,-16.50161214283999,74.34672157160868,33.72397795240487,39.3,40.18114740599997,1.4597408331119492,78.43368333333332,67.35081608854168,58.78711822283257,-337.32839772727266,6.294093552599504,-0.269999999999996,-303.2479037268,2.673588936195293,7.045448717948721,77.70321715599998,31.74660584124998,24.06578045675002,-2.0326999999999984,5.291172413793102,14.252183376536353,-9.459999999999996,5.36279116912939,1.0024096935483886,-335.5784047619048,39.012586368071446,-2275.3417051282054,-47.45986249999999,77.99616900007999,4.231307065242167,61.10090909090909,70.36740032258072,-1.458818005108748,-7.34501612903226,63.45923579454544,14.364701833328755,-3.916925837092501,6.304113281558626,78.64308019756457,-7854.471004494255,-3.918925871299999,-35.75135483870967,72.7715143832758,34.7945,48.44,40.78117435897436,60.81747011423069,-1.1695833333333332,81.06674459307698,56.18935714285715,54.53283333333333,76.81861666666667,16.712860243099975,20.15010151136357,81.04228333333334,-13848.376970588237,-0.2897634031999629,5.175367567567564,-752.9166794871796,28.087287837837813,71.91466612903221,33.577423076923075,-0.3526666666666669,-474.27605128205136,36.63874329040378,-738.4004838709677,-142.91248387096775,-2686.95455,0.73325,81.447,63.34381666666667,85.45687941770007,51.428218894928605,6.086956522,46.45288447495654,-240.9257435897436,41.25651757999994,48.74325604239127,9.137370883543444,79.00262403111772,-144462.4265882353,75.76136363777499,61.41874999999999,1.07032182301768,37.4303067,41.64083041999992,75.28584245095239,-762.1866153846152,73.51010416666666,10.810316219913656,-56.72216129032259,-5.327262682743109,82.75852980086204,TCA,2016
490,-95.93807105210544,4.985754548828955,12.852319570899944,-603.0075000000002,-0.3804975378316393,-19.101533863000043,,-100.67198809523808,-350.59974390243906,14.952253011300016,-15.29126869604,39.034762951608656,62.808398582204966,40.2,-0.586042158000005,14.83708970901196,68.84368333333333,42.76215326854171,19.03322480283262,2.181602272727332,8.28550613569951,1.6000000000000014,-99.3079037268,4.288570138405296,22.60544871794872,77.60294326060006,-19.356460278750063,7.531808242750031,17.0073,2.7011724137931035,54.27964280973633,-14.279999999999994,7.275715740969384,2.856299693548387,-148.3984047619048,6.087792218071328,-1131.8017051282052,-8.769862499999988,58.50819008008002,8.931257453242152,58.95090909090908,65.38379032258061,15.637712260201235,-7.16501612903226,52.67795321454542,-19.288388632651248,-3.916925837092501,17.80790012080861,32.54401790756449,-6118.33353827988,-3.541837565899999,-31.44135483870967,,37.9345,40.31999999999999,24.520174358974387,27.07399722423071,,76.39655886307693,39.18935714285715,47.74283333333332,67.27861666666666,10.097268999099946,-6.510378488636334,71.78228333333334,3540.663029411764,-8.394077087699948,,-630.2466794871796,-7.429712162162179,66.61366612903225,,,-457.76605128205136,-22.81843986759622,-684.6004838709678,-68.02248387096773,-2607.39455,,70.81700000000001,55.06381666666667,82.24155692250001,19.171893044928563,6.086956522,-12.540958485043468,-195.9157435897436,19.22280591000001,22.11378707239134,1.7918687500634496,65.81650221111767,-146598.9465882353,75.383373207175,55.30874999999999,3.32025376264768,27.40691239999999,28.37933685999998,43.54135592095241,-610.0566153846152,61.88010416666667,18.727042388913663,67.37783870967742,-4.33762177056311,,VUT,2016
501,-10589.526959321758,2.56455834082895,15.142022523499968,-133.42750000000012,-0.4361422414456393,22.228000103999968,32.132333333333335,-88.7019880952381,-409.199743902439,16.167664670000008,-16.678991561979984,68.62552089160872,33.4496941799049,42.0,37.52581313399998,1.3484760897719514,78.82368333333332,67.10292650854164,60.334759162832505,-338.5383977272727,5.822558289179504,12.630000000000004,-299.7118167706,1.7342656956652864,11.92544871794872,77.04238066900001,40.58058298124997,22.18187893675004,-2.3526999999999987,5.211172413793102,15.636353017536353,-14.809999999999995,4.794033581219387,0.9556996935483888,-328.5284047619048,42.62498207807148,-2248.2117051282053,-46.48986249999999,77.10397223007999,3.5784102254721706,60.68090909090908,70.68155032258068,-0.7128856006087467,-6.975016129032259,63.31917645454545,16.31678240482879,-3.916925837092501,3.3690543212186146,77.3513376075646,-8206.050827305116,-4.107470023999999,-34.80135483870967,73.71397478327575,26.774500000000003,50.53999999999999,36.214174358974375,57.058927524230754,-1.2895833333333333,80.427400443077,57.49935714285715,60.50283333333333,76.66861666666667,11.92190167409995,39.33852151136367,81.31228333333334,-13989.856970588236,-1.0328679216999532,8.867367567567568,-749.2866794871796,27.456287837837813,71.42066612903218,33.06742307692308,-0.1926666666666667,-513.2760512820513,35.55358311040378,-750.5604838709677,-141.80248387096773,-2667.42455,1.0732500000000005,81.507,63.52381666666668,85.69984969350004,49.71440301492859,6.086956522,46.33137431495654,-236.6657435897436,39.692260849999926,46.4134969823913,11.017867282853434,79.28771450111768,-146714.5165882353,75.76136363777499,62.06875,1.096310901987678,38.07697729999999,42.66464910999994,75.14894831095238,-723.1266153846152,71.35010416666667,10.205548646153655,-53.912161290322594,-6.347593365473109,83.17163990086203,AIA,2016
512,-10773.784254526829,-0.0422727661710533,18.103003296599965,-180.42750000000007,-0.4316498669326393,15.48130010399997,,-83.14198809523809,-397.0997439024391,16.167664670000008,-13.504548622679984,74.4133343116087,35.037895557804895,49.400000000000006,37.32293646599997,0.0945509446519565,79.90368333333332,66.84020247854167,61.478221492832525,-344.63839772727266,5.101060919769505,12.22,-273.611009317,2.970372399685293,14.275448717948722,76.80878317940002,42.19380766124994,21.63966748675,-1.8626999999999985,5.941172413793103,21.370293619636332,-10.819999999999997,3.640213639449386,1.0359696935483886,-296.8984047619048,40.47297833807146,-2274.051705128205,-41.38986249999999,75.92820742008001,1.208340340152155,62.81090909090908,69.14548032258074,-1.0366333324187575,-6.625016129032259,60.01266843454544,20.98605307255876,-3.916925837092501,2.5972304700686166,80.72157291756453,-8925.727672580198,-4.107470023999999,-31.69135483870967,,34.67450000000001,52.11999999999999,33.5071743589744,60.78830206423071,-1.4895833333333337,80.31249563307699,62.60935714285715,63.352833333333336,78.26861666666666,14.797515053199966,-7.303728488636359,84.08228333333334,-17639.736970588237,-3.3632612858999598,,-735.1666794871796,22.05728783783779,69.9616661290322,,0.3073333333333332,-513.1660512820514,36.71780743040378,-826.2704838709677,-142.57248387096774,-2664.31455,2.31325,81.327,64.10381666666667,86.50439620209997,52.84392402492861,6.086956522,46.17698321495654,-242.8257435897436,41.22467222999995,48.526214172391285,10.26750046705344,79.1738289011177,-153527.9165882353,75.76136363777499,64.55874999999999,1.24777133073768,35.16695959999999,46.42142912999998,74.8246881809524,-736.8966153846152,72.32010416666667,10.188502743633665,-48.95216129032259,-4.31871968272311,,COK,2016
523,-10761.307421296387,1.2640880078289485,14.823316672399962,-176.62750000000003,-0.4424103040456393,21.68920010599998,32.282333333333334,-96.1819880952381,-407.12974390243903,16.167664670000008,-14.01473716065999,68.79675121160872,33.6180615248049,41.400000000000006,33.87207551599998,0.7492691609119451,77.90368333333332,66.90917893854166,60.333953492832514,-353.95839772727265,5.839117234839508,-2.25,-301.8233074536,2.3910989786452883,12.81544871794872,78.93611182459995,41.43723819124997,23.963627436750016,-2.1126999999999985,5.371172413793103,13.139064054536346,-14.059999999999995,4.519862338429388,1.0457596935483888,-326.07840476190484,39.79848877807145,-2267.221705128205,-47.40986249999999,77.59598647007999,2.702644585872166,59.91090909090909,71.32181032258067,-0.3187871400887498,-7.06501612903226,63.85307503454542,22.409083619578777,-3.916925837092501,6.19852465714863,76.85108201756456,-4652.96735360095,-4.107470023999999,-26.41135483870967,73.98647748327576,28.7645,51.17,38.00517435897437,60.82833619423069,-1.779583333333333,81.29490559307695,55.81935714285714,54.90283333333333,76.14861666666667,13.495777135999951,-0.4883684886363895,81.11228333333334,-14133.256970588238,0.6149935087000458,8.564367567567567,-751.8766794871797,27.91528783783781,72.07866612903221,33.437423076923075,-0.8726666666666669,-473.7560512820513,35.912644150403764,-828.0704838709677,-142.96248387096773,-2669.04455,1.06325,81.367,62.37381666666667,85.54138961070004,50.70941522492858,6.086956522,46.39212939495655,-220.2657435897436,42.14634460999992,48.38339031239128,11.977389642153447,78.80727654111774,-136027.9165882353,75.383373207175,60.48875,1.169044956197678,38.7236479,44.05930311999994,76.11673018095235,-739.7766153846152,71.53010416666666,10.036698047513664,-51.45216129032259,-2.3501902464431077,82.27593900086205,MSR,2016
534,-10729.730691296618,3.359662791828943,16.014482205299956,-335.02750000000015,-0.4402332034376393,34.80960310399998,34.22233333333334,-99.60198809523808,-406.1097439024391,16.167664670000008,-18.90105611062,71.54460413160872,41.87422585190489,50.3,34.56463112599997,6.965032789331948,79.23368333333333,67.54629690854163,61.41638045283255,-339.9183977272727,6.254899570609501,-0.9099999999999966,-245.811009317,2.7068277465252906,17.59544871794872,78.10218794919999,37.58864694124996,23.108507276750014,-1.3326999999999982,5.681172413793103,23.064181935936357,-11.199999999999996,6.210525454659392,1.527769693548389,-261.3784047619048,40.89742155807144,-2265.951705128205,-40.23986249999999,74.55214380007996,7.218563840922167,61.69090909090909,67.95032032258075,2.91148496286125,-7.43501612903226,63.66515065454542,-5.752855317281252,-3.916925837092501,7.12042543649862,74.54679465756448,-11898.43650556098,-4.107470023999999,-28.94135483870967,76.69641258327577,37.6045,52.0,29.65317435897437,49.86212058423074,-1.3495833333333334,80.13466573307696,57.61935714285714,60.63283333333332,77.50861666666667,12.15127855559996,13.680511511363648,82.22228333333334,-15048.426970588236,-5.200187975399963,-0.3476324324324285,-737.1466794871797,16.937287837837808,69.9496661290322,34.66742307692308,-0.2326666666666668,-525.2960512820514,33.08365653140382,-826.9104838709677,-140.76248387096774,-2754.07455,2.9632500000000004,81.137,63.22381666666668,86.21940077969998,50.331026144928586,6.086956522,33.62201621495654,-265.10574358974355,38.317994500000026,50.136077902391285,8.910149937793436,76.74207255111762,-155656.0165882353,75.76136363777499,62.14874999999999,1.6151355086976789,35.49029489999999,40.47744033999997,63.4473924209524,-754.8166153846151,73.12010416666666,13.570185154313656,-41.2621612903226,-5.31772011655311,83.70939530086211,TKL,2016
545,-10737.683193227627,2.493072536828953,13.925961113999946,-302.9275000000001,-0.4220509341106393,21.140100106999988,,-97.6519880952381,-403.0897439024391,16.167664670000008,-18.38583279195999,72.3859018916087,44.330474993204845,49.0,28.007728994,6.967769747321947,79.69368333333333,67.48738509854167,60.11908543283257,-350.0483977272727,6.330541095609497,4.090000000000003,-256.5587111804,3.564295749605295,17.17544871794872,77.5582912358,34.40764177124998,22.53189035775003,-0.9926999999999976,5.351172413793103,26.279461271036368,-15.919999999999996,6.755527820689392,1.728259693548389,-254.8684047619048,41.71295632807146,-2285.181705128205,-34.10986249999999,73.07693475007997,7.486684066152174,61.43090909090908,67.82924032258073,5.046399557411247,-7.325016129032259,63.85581451454542,12.755713545198748,-3.916925837092501,7.274896854398611,73.2682442375645,-16060.09422848362,-4.107470023999999,-32.49135483870967,,37.5545,51.67,7.184174358974385,55.858917414230746,,79.98655362307696,57.99935714285715,57.17283333333333,76.99861666666666,12.081946372299946,12.223331511363696,83.58228333333334,-15440.026970588237,-4.518001931699949,,-732.3566794871796,10.410287837837824,68.65766612903221,,-0.3726666666666673,-519.1160512820513,32.966720303403804,-794.9504838709677,-140.57248387096774,-2731.26455,2.1332500000000003,80.867,61.92381666666667,85.99384070589997,51.39769137492858,6.086956522,44.78096001495656,-259.54574358974355,38.48636020999999,50.30381541239127,6.995933118053436,75.8769142311176,-147165.7665882353,75.76136363777499,63.33874999999999,2.5057879758476824,35.16695959999999,35.37573281999998,75.96860014095235,-753.7266153846152,75.37010416666666,14.414486119213656,-46.27216129032259,-3.3000900978831087,,NIU,2016
