Country Code,,ndgain-id_econ_01-raw,ndgain-id_econ_01-score,ndgain-id_ecos_02-raw,ndgain-id_ecos_02-score,ndgain-id_ecos_06-score,ndgain-id_food_01-raw,ndgain-id_food_01-score,ndgain-id_food_02-raw,ndgain-id_food_02-score,ndgain-id_food_03-score,ndgain-id_food_04-raw,ndgain-id_food_04-score,ndgain-id_gove_01-raw,ndgain-id_gove_01-score,ndgain-id_gove_02-raw,ndgain-id_gove_02-score,ndgain-id_gove_03-raw,ndgain-id_gove_03-score,ndgain-id_gove_04-raw,ndgain-id_gove_04-score,ndgain-id_habi_01-raw,ndgain-id_habi_01-score,ndgain-id_habi_02-raw,ndgain-id_habi_02-score,ndgain-id_habi_03-raw,ndgain-id_habi_03-score,ndgain-id_habi_04-raw,ndgain-id_habi_04-score,ndgain-id_habi_06-score,ndgain-id_heal_01-raw,ndgain-id_heal_01-score,ndgain-id_heal_02-raw,ndgain-id_heal_02-score,ndgain-id_heal_03-raw,ndgain-id_heal_03-score,ndgain-id_heal_05-score,ndgain-id_infr_05-raw,ndgain-id_infr_05-score,ndgain-id_soci_02-raw,ndgain-id_soci_02-score,ndgain-id_wate_04-score,ndgain-nd-gain,ndgain-nd-readiness,ndgain-nd-readiness-economic,ndgain-nd-readiness-governance,ndgain-nd-readiness-social,ndgain-nd-vulnerability,ndgain-nd-vulnerability-ecosystems,ndgain-nd-vulnerability-exposure,ndgain-nd-vulnerability-food,ndgain-nd-vulnerability-habitat,ndgain-nd-vulnerability-health,ndgain-nd-vulnerability-sensitivity
ATG,2013,0.518667763157895,0.44261901828956,0.411171,0.467525600878719,0.752945508,0.021624952,0.90377220829628,0.233860275,0.210523767855182,0.566917196052286,74.65,0.804513466035845,0.958863377571106,0.734969318085093,1.26079797744751,0.716346291330864,0.606551170349121,0.631985632532253,0.837808132171631,0.67449138417936,100.1940798,0.345653811234635,-0.123044082,0.162718815121984,25.35,0.195486533964155,0.31043751912234,0.438481327933655,0.675403225806452,1.075,0.303030303030303,0.0,0.658003890048325,0.23532581,0.008851000106631,0.610243158519021,100.0,0.0,0.527377448703947,0.527377448703947,0.0,50.5306418829298,0.481565930666113,0.44261901828956,0.689448156531893,0.312630617176887,0.470953093007517,0.519992995194612,0.47158984760727,0.682632901612416,0.363548742812176,0.39503208792607,0.3522145555749
BHS,2013,0.517680921052632,0.44145201340759,0.436873,0.496750285970286,0.75724104,0.065260242,0.89353826146056,0.267817717,0.227505558772398,0.252512582028809,17.404,0.18756533640841,1.13482463359833,0.765229537066847,1.34189188480377,0.734908710656725,0.190062671899796,0.551036124463064,0.637909829616547,0.635345109294372,100.4064556,0.346699494207014,0.032565695,0.620775536324963,82.596,0.81243466359159,0.316271253836789,0.453146984383432,0.433467741935484,1.075,0.303030303030303,0.0,0.658003890048325,0.54329771,0.0204343420262418,0.492196899093451,100.0,0.0,0.560999358653509,0.560999358653509,0.0,50.7469102561585,0.44631707771414,0.44145201340759,0.671629870370252,0.225869349364577,0.431378872590969,0.330744465597554,0.427355856801259,0.486012284177184,0.540342382039559,0.36841635854958,0.34076173855481
BHR,2013,0.638185307017544,0.583956276217089,0.25361,0.288369480432355,0.846219931,1.750484804,0.498296277879006,0.343408501,0.265307784545367,0.140335750111299,11.165,0.120326762870599,-1.33541774749756,0.340419683593163,0.433094054460526,0.526884619091456,0.607382297515869,0.632147172011835,0.331083685159683,0.575259053338496,103.1481658,0.360198959171174,0.105483464,0.835418053199569,88.835,0.879673237129401,0.227655228633915,0.230371653453268,0.164314516129032,1.06,0.212121212121213,0.0,0.658003890048325,0.0,0.0,0.707108362280776,100.0,0.0,0.59923963247807,0.59923963247807,0.965517241379,51.1666859675245,0.465928789454313,0.583956276217089,0.518677632008738,0.295152460137114,0.442595070103824,0.438999135074055,0.417772393608188,0.35994992053724,0.494568719419724,0.323707965709133,0.493876340474476
BRB,2013,0.533223684210526,0.459832340298623,0.314956,0.358123489133129,0.716617575,0.018265535,0.904560104858375,0.029452795,0.10830154842902,0.309152282932439,68.571,0.738999234823093,1.26692914962769,0.787947672148291,1.61942934989929,0.798437118322506,0.457041263580322,0.602926598610631,1.046182513237,0.715297537587923,107.3047891,0.380665086702656,-0.122586231,0.164066556452271,31.429,0.261000765176907,0.329227284238962,0.485717661682235,0.0,1.075,0.303030303030303,0.0,0.658003890048325,1.78831458,0.0672615236648703,0.477469408503891,100.0,0.0,0.597703426714912,0.597703426714912,0.0,58.0983450209111,0.517910762537485,0.459832340298623,0.726152231667338,0.367747715646494,0.355943862119264,0.522012122019187,0.396215852502981,0.429303175439177,0.258290014002814,0.376441281311847,0.336359511718021
BLZ,2013,0.438459429824561,0.347767454827186,0.356712,0.405602516083697,0.793691703,-0.294375013,0.977884855236386,0.566705741,0.376976591697317,0.212642478805508,54.718,0.589703520891485,0.176189258694649,0.600372130253651,-0.0969267711043358,0.405562695702663,-0.484414726495743,0.419943396075156,-0.467051774263382,0.418959426524897,86.6861823,0.279144451842558,-0.041371624,0.403131847293272,45.282,0.410296479108515,0.377602938836903,0.607331133256337,0.836693548387097,1.075,0.303030303030303,-0.016107125,0.656704905377728,2.2962532,0.0863659507558979,0.0,93.1906356811523,0.0681449282633061,0.343926262910215,0.343926262910215,0.297874298334,45.9059956971366,0.333529723071248,0.347767454827186,0.461209412139092,0.191612302247468,0.415409809128516,0.535069120273211,0.472251738101211,0.458234494141837,0.507319491977556,0.231374077986632,0.393968259727646
CPV,2013,0.49281798245614,0.41204997374239,0.428676,0.487429815046017,0.833946981,0.596277314,0.768996852804692,0.306540451,0.24687042649509,0.511410574808863,36.683,0.395337809438619,0.777999877929688,0.703866055761773,0.836728513240814,0.619276665824771,-0.100720599293709,0.494518926880169,0.535970628261566,0.615382258450761,107.5828969,0.382034416875611,-0.178322473,0.0,63.317,0.604662190561381,0.353806951859118,0.547509460351807,0.3125,1.08,0.333333333333334,-0.012276178,0.65701385818134,15.27369308,0.574469324379375,0.882343471998644,82.8270874023438,0.171858464644074,0.378027938876097,0.378027938876097,0.0,49.0545059085898,0.422398737071276,0.41204997374239,0.608260976729369,0.246885260742069,0.441308618899479,0.459491641625516,0.385477524857862,0.582570558518118,0.36934121355776,0.611789996973173,0.33409384065458
COM,2013,0.427467105263158,0.334768317114127,0.314907,0.358067773252284,0.886597938,0.036011332,0.900398117094446,0.714386583,0.45083036376067,0.57551790192057,71.777,0.773550744161485,-0.256929188966751,0.525888352590439,-0.739959955215454,0.258372210091011,-1.20166230201721,0.280537773546673,-0.936803698539734,0.326967460007789,95.47714448,0.322428853655037,-0.015205643,0.480154664850034,28.223,0.226449255838515,0.434346363139831,0.749980672075705,0.231854838709677,1.08,0.333333333333334,0.0,0.658003890048325,9.96508121,0.374803489903197,0.966364483605863,69.5024032592773,0.305205661613282,0.255617969216181,0.255617969216181,0.0,37.9000066049283,0.284198885240625,0.334768317114127,0.347941449058978,0.169886889548769,0.526198753142058,0.487919051448367,0.470871413538449,0.693052253396632,0.458221637265084,0.60911072598783,0.357455371499084
CUB,2013,0.4533143701244212,0.4617847109381038,0.54175,0.61600160097878,1.0,-0.218375786,0.96006047390023,-0.027301854,0.0799190930338814,0.184817383739593,23.173,0.249738654366358,0.370564639568329,0.633799043215612,0.120164975523949,0.455255060572867,-1.58398795127869,0.206228222754322,-0.697264194488525,0.373876709118688,90.99150365,0.300342729736326,0.036934657,0.633636119042592,76.827,0.750261345633642,0.304766145548375,0.424223837577072,0.514112903225806,1.03,0.030303030303031,0.0,0.658003890048325,0.12100082,0.0045510446589876,0.0,98.6748504638672,0.0132614757926778,0.284705853999687,0.284705853999687,0.0,44.745427407572,0.315246251225271,0.3848321748214541,0.417289758915372,0.213202743535169,0.42033770307383,0.553449838883669,0.497414273672557,0.400338594528527,0.566965707151291,0.228431327827911,0.281233438204117
DMA,2013,0.512061403508772,0.434806568940814,0.313362,0.356311017417467,0.890770741,-0.034905206,0.9170304364778,0.061353343,0.124254706393058,0.394806413183977,31.018,0.33428531399196,1.11985623836517,0.76265540837632,0.666661500930786,0.580348276517711,0.310987025499344,0.574539215122023,0.648914933204651,0.637500249206473,98.50953226,0.337359539105986,-0.148932694,0.0865124676942384,68.982,0.66571468600804,0.3463124028412649,0.5913112091087324,0.182459677419355,1.075,0.303030303030303,0.0,0.658003890048325,2.27154613,0.0854366762355869,0.440413454206558,98.2172241210938,0.0178411858565637,0.471850185984649,0.471850185984649,0.0,55.9963305059853,0.536783678123223,0.434806568940814,0.638760787305632,0.258450043266217,0.416857068003516,0.436963617072539,0.368598260211752,0.540731981504428,0.318011592556905,0.371721080880193,0.241393569865263
DOM,2013,0.429660087719298,0.337361661296283,0.405213,0.460751004591443,0.73269514,-0.129862415,0.939301103833839,0.254669765,0.22093039413386,0.211097444262666,23.251,0.250579271249825,0.207428693771362,0.605744404626035,-0.874585688114166,0.227556340100447,-0.0710711628198624,0.500281648554411,-0.532390594482422,0.406164063161316,135.254412,0.518281730175789,-0.049279339,0.379854505246136,76.749,0.749420728750175,0.356879399281386,0.555233407456118,0.514112903225806,1.075,0.303030303030303,0.011940072,0.65896681611327,0.51583642,0.0194014766524087,0.878463102601034,98.385853,0.0161536270304957,0.401925277341009,0.401925277341009,0.0,46.5083352666744,0.350966879748256,0.337361661296283,0.434936614110552,0.280602363837933,0.420800174414769,0.435333690776836,0.447163347975723,0.431040967101562,0.554939605638064,0.398177467884531,0.300382319062184
FJI,2013,0.512554824561404,0.435390071381799,0.707804,0.804814761752071,1.0,0.022705524,0.903518777726661,0.088549128,0.137855057523734,0.249200316491787,46.294,0.498916897477072,-0.0510276891291142,0.561297422828006,-0.12109848856926,0.40002978244151,-0.547449827194214,0.407691772292911,-0.822952628135681,0.349263023506929,74.37378443,0.218521420396393,0.094558338,0.803258586803769,53.706,0.501083102522928,0.343159952310977,0.520743547049779,0.514112903225806,1.04,0.0909090909090916,0.0,0.658003890048325,4.98710251,0.18757332588291,0.684995340167754,91.75,0.0825621352959731,0.353934520297149,0.353934520297149,0.0,48.1438899655286,0.391471486871458,0.435390071381799,0.429570500267339,0.309453888965236,0.428593687560886,0.587756545634069,0.460279589760889,0.496197797389572,0.539748131794651,0.346450175555462,0.28504610859409
GRD,2013,0.478892543859649,0.395582238185696,0.209405,0.238105796498314,0.82179676,-0.194381675,0.954433045817494,0.065818343,0.126487610050682,0.381256835119678,64.104,0.690857752535322,0.426174342632294,0.643362294980339,0.419845134019852,0.523851937292633,0.284135311841965,0.569320264251897,0.133370637893677,0.536540719077048,107.973352,0.383956915811687,-0.11518037,0.185866628868961,35.896,0.309142247464678,0.329851160210779,0.487286048164959,0.393145161290323,1.075,0.303030303030303,0.0,0.658003890048325,0.23526078,0.0088485542187917,0.622258593731948,90.9961395263672,0.0901064177709255,0.441606353067983,0.441606353067983,0.0078016408442853,55.7345640986909,0.494261802896227,0.395582238185696,0.568268803900479,0.518934366602506,0.37957052092241,0.376092602748762,0.381918384296782,0.553834951297035,0.351879400320122,0.330735960513566,0.260193259264138
GNB,2013,0.321600877192982,0.209574626720522,0.326091,0.370784638790533,1.0,-0.274369588,0.973192908514456,0.728128083,0.457702356058821,0.810724103915465,58.69,0.632510319111101,-0.899927616119385,0.415311321885728,-1.32558834552765,0.124321698720937,-1.2612224817276,0.268961542111665,-1.5855541229248,0.199922046814586,97.22926427,0.33105583389464,0.010859177,0.556879702428784,41.31,0.367489680888898,0.455755329120798,0.803801518478641,0.726814516129032,1.08,0.333333333333334,5.110480541,1.0,17.4201355,0.655200639351997,0.954833516902482,16.1394596099854,0.839237003839249,0.254618742398656,0.254618742398656,0.490445859873,30.2855798104197,0.244628819601568,0.209574626720522,0.252129152383229,0.272182679700954,0.638917223393175,0.615272571512492,0.504926610720525,0.684926508626986,0.571910422311879,0.757676346920412,0.599457279375252
GUY,2013,0.397231359649123,0.299012584202645,0.296895,0.337587070277056,0.748895435,-0.200546187,0.955878831741596,0.08318887,0.13517444393045,0.226764365146918,73.6,0.793197469527638,-0.45660674571991,0.491549619567544,-0.65083783864975,0.278772288874157,-0.601704299449921,0.397146768394833,-0.530195772647858,0.406593877210566,105.0403094,0.369515380080781,0.001701364,0.52992254152899,26.4,0.206802530472362,0.355870325371896,0.552696656641522,0.9375,1.075,0.303030303030303,-0.816420157,0.592162390171143,9.20237255,0.346116732462573,0.939371346267898,85.9853134155273,0.140252418171866,0.374922557855263,0.374922557855263,0.110701107011,41.2980053071858,0.297242296662881,0.299012584202645,0.393515638511775,0.199198667274224,0.471282190519166,0.510537015249144,0.40391894070208,0.528571716762724,0.549297936924028,0.504084872335101,0.416437707994231
HTI,2013,0.347932330827068,0.240713280793416,0.358225,0.407322886037145,0.789396171,-0.198014497,0.955285065070984,0.303493257,0.245346554013995,0.333025051096563,49.54,0.533899492396728,-0.631015360355377,0.461556409753464,-1.13048493862152,0.168980926139655,-0.933410227298737,0.332675764314363,-1.29426336288452,0.256965793651064,135.1026021,0.517534257876834,-0.026754809,0.446158259144827,50.46,0.466100507603272,0.397046249402082,0.656210440758782,0.766129032258065,1.085,0.363636363636364,-0.334633788,0.6310168168819,48.39340591,1.0,0.92841226806744,39.3527870178223,0.606928897401,0.277018691031579,0.277018691031579,0.072386250178,34.739253859935,0.232692254024425,0.240713280793416,0.305044723464637,0.152318757815224,0.537907176825724,0.494874909212929,0.441219532119359,0.586040864430868,0.608303129948844,0.735023346127397,0.442547938280227
JAM,2013,0.437801535087719,0.346989451572539,0.458241,0.521046958254023,0.704590083,-0.158127197,0.945930148268084,0.024605598,0.105877511718936,0.273290327081165,45.65,0.491976419618705,0.182374373078346,0.601435790060949,-0.275375753641129,0.364715670937053,0.233197197318077,0.559419834040659,-0.350025057792664,0.441876879816367,112.5243213,0.406364700054646,0.009904969,0.55407087257084,54.35,0.508023580381295,0.338319494933383,0.508574929785823,0.269153225806452,1.075,0.303030303030303,0.0,0.658003890048325,1.01295555,0.0380989644997396,0.838871473354232,93.9,0.0610459424612649,0.374796882310307,0.374796882310307,0.0,47.0746541068457,0.363144914300582,0.346989451572539,0.491862043713757,0.250583247615449,0.421651832163668,0.393533703183884,0.447556690928628,0.456038920552729,0.478806709552834,0.491703490289084,0.340377673577325
KIR,2013,0.454573934837093,0.366823903594283,1.07815,1.0,0.951399116,0.543197713,0.781445809020984,0.473969293,0.330599983873285,0.576825778631582,50.073,0.539643707767084,1.28392601013184,0.790870637876487,-0.0424943938851357,0.418022282911938,-1.34734344482422,0.252222905575308,0.181601002812386,0.545985717352563,52.30437963,0.109857435093541,0.153643416,0.977182858288987,49.927,0.460356292232916,0.38922977106312,0.636560286684683,0.5778857981049529,1.04,0.0909090909090916,0.0,0.658003890048325,14.43233204,0.542824318441628,0.589400999745827,82.1945877075195,0.178188225296043,0.240023118385179,0.240023118385179,0.0,45.99439113725938,0.434299644761678,0.366823903594283,0.501775385929074,0.276552076356575,0.4993866684574403,0.6398570962613166,0.618499883404277,0.557128819823234,0.545989218075032,0.470284574786218,0.379267446693931
MDV,2013,0.533580043859649,0.460253758728224,0.591213,0.672243940045164,0.837997055,0.192831782,0.863618433768093,0.381562216,0.284388091325986,0.355664849424836,62.315,0.671577449913244,0.125037372112274,0.59157549328788,-0.747776448726654,0.256583012419534,-0.431079804897308,0.430309674333443,-0.746615350246429,0.364212225306183,126.4150169,0.474758857314601,0.102232575,0.825848657336127,37.685,0.328422550086756,0.266051160630713,0.326896705636282,0.0,1.19,1.0,0.0,0.658003890048325,0.89240789,0.0335649639516734,0.407756502584089,99.5677947998047,0.0043253071774724,0.387795241735965,0.387795241735965,0.0,43.9705549304108,0.397084441958681,0.460253758728224,0.41067010133676,0.320329465811059,0.517673343350464,0.541143190139274,0.722357733729787,0.493841305834241,0.432138649763149,0.485711225162971,0.325178392599157
MHL,2013,0.51578947368421,0.439215254050479,0.76465,0.869452005885416,0.850270005,0.03591368,0.900421019781157,0.132982376,0.160075698504549,0.4144620220099627,25.054,0.270010453825346,1.054114818573,0.751349795970514,-0.0378925912082195,0.419075636902744,-1.08805859088898,0.302618010011555,0.133154690265656,0.536498429847479,97.52335932,0.332503881111158,0.054224781,0.68453174823325,74.946,0.729989546174654,0.3169334146080576,0.5107592733498927,0.5306259169357088,1.04,0.0909090909090916,0.0,0.658003890048325,39.36058044,1.0,0.690174814312745,91.1315765380859,0.0887510276029739,0.258560300887041,0.258560300887041,0.0,47.96044361379095,0.370233729647363,0.439215254050479,0.502385468183073,0.169100466708537,0.4293854378287652,0.5810597454152296,0.586987166809118,0.368487448765468,0.5626785444915066,0.60977194881754,0.3138237141522692
MUS,2013,0.65561951754386,0.604573362465234,0.879462,1.0,0.66813942,0.080303274,0.890010163223193,0.024845383,0.105997425896661,0.348314043642151,58.778,0.633458707389885,0.94480174779892,0.73255112668459,0.292628407478333,0.494731991043739,0.939968943595886,0.696789354186847,0.950068414211273,0.696475422078727,73.53281981,0.214380730244754,-0.006253656,0.506505951334249,41.222,0.366541292610115,0.292489079630285,0.393360035950984,0.0191532258064517,1.08,0.333333333333334,0.0,0.658003890048325,1.41865468,0.05335799215544,0.594569177327798,97.3408889770508,0.026611137459848,0.442234904584649,0.442234904584649,0.0,55.535498625163,0.526655985215549,0.604573362465234,0.655136973498476,0.320257619682939,0.41594601271229,0.514362228920133,0.484726712434878,0.519245411667677,0.349776530777417,0.409816098216224,0.324732459573366
FSM,2013,0.43889802631579,0.348286123663618,0.773647,0.879682123843895,0.975699558,-0.061982534,0.923380982909492,0.165809359,0.176492157722797,0.440573728779884,77.645,0.836790998933063,1.102858543396,0.759732299144407,-0.204565733671188,0.380924105405258,-0.938380777835846,0.331709678522534,0.0653603225946426,0.52322219428879,107.5114662,0.381682710764581,0.049660436,0.671096031368626,22.355,0.163209001066937,0.371108132092215,0.591003581681293,0.826612903225806,1.04,0.0909090909090916,0.0,0.658003890048325,74.18582916,1.0,0.750048716428027,71.3196258544922,0.28701974915643,0.304396955793763,0.304396955793763,0.0,37.856091059701,0.340326568419035,0.348286123663618,0.498897069340247,0.17379651225324,0.583204747225015,0.6192157230862945,0.597655873445851,0.594309467086309,0.526720845621449,0.624740424346361,0.3907701951376927
NRU,2013,0.497479707842227,0.5587540563425418,0.910238,1.0,0.931148748,0.130836895,0.878158325164356,0.090606816,0.138884087548695,0.4110026409196129,0.0,0.0,1.054114818573,0.751349795970514,-0.643288493156433,0.280500336285501,-1.37845063209534,0.246176852643742,0.623327970504761,0.632489529943132,53.84454874,0.117440825540616,0.096081345,0.807741747221055,100.0,1.0,0.2893615584092579,0.3858671305850148,0.4201455655993562,1.04,0.0909090909090916,0.0,0.658003890048325,36.27881241,1.0,0.305591798695247,99.098030090332,0.0090264923290795,0.424563551558333,0.424563551558333,0.0,59.69701119188023,0.477629128710722,0.4261649995154949,0.477629128710722,0.4873720020221492,0.3992982809277013,0.5912827472905301,0.586392245804017,0.411605203854086,0.5232387722417773,0.513626194913166,0.3265883783433822
PLW,2013,0.460855263157895,0.37425198228746,0.268172,0.304927330572555,0.967599411,0.006112606,0.907410376491364,0.252239049,0.219714816385362,0.320121582713687,23.138,0.249361454482751,1.054114818573,0.751349795970514,-0.643288493156433,0.280500336285501,-0.992690682411194,0.321153900691867,0.903464019298553,0.687348839057347,118.461593,0.435598275250468,0.038052518,0.636926681848429,76.862,0.750638545517249,0.2912690580060114,0.4468960995165145,0.2343532502966812,1.04,0.0909090909090916,0.0,0.658003890048325,29.15346336,1.0,0.334895789206134,98.91943359375,0.0108138024035268,0.414423434186403,0.414423434186403,0.0,48.91450385864992,0.427515810065716,0.37425198228746,0.510088218001307,0.398207229908379,0.4316199537015096,0.4741730891037519,0.531686307688199,0.424152057518291,0.5606416574168384,0.520952192540888,0.3251819890725417
PNG,2013,0.416611842105263,0.321931263412452,0.710024,0.807339032272003,0.749018164,-0.179445493,0.950930007507983,0.59837987,0.39281651969198,0.170437425575013,87.022,0.937848236321116,-0.520246863365173,0.480605370023927,-0.961522102355957,0.207656569224278,-0.509556472301483,0.415056797855631,-0.947535812854767,0.324865779844909,105.5918474,0.372231009145954,0.054859085,0.686398900902493,12.978,0.0621517636788843,0.407408087432817,0.682259475242749,0.967741935483871,1.04,0.0909090909090916,1.488593854,0.778053905000755,27.2155323,1.0,0.965273961825686,35.7743835449219,0.642739883058356,0.240464391659125,0.240464391659125,0.0,36.5546668282875,0.275318953472922,0.321931263412452,0.357046129237186,0.146979467769127,0.544225616907172,0.636223057003319,0.490933421720232,0.666411525876411,0.580858355956,0.708559239433883,0.395333236716717
WSM,2013,0.5953125,0.53325639745593,0.662999,0.753868842542373,0.862297497,0.013844016,0.905597100152301,0.184044782,0.185611517793352,0.432936449140998,80.615,0.868799103341991,0.989007890224457,0.740153297641635,0.145205840468407,0.460986921948583,-0.2487882822752,0.465740206356259,0.683294892311096,0.644232909326709,98.85753582,0.339073017746297,0.060466922,0.702906266177239,19.385,0.131200896658009,0.429366918696715,0.737462649730154,0.866935483870968,1.04,0.0909090909090916,0.0,0.658003890048325,23.40926743,0.880461979580921,0.959196814369228,98.2039489746094,0.0179740373038509,0.28777186555223,0.28777186555223,0.0,45.8196835761466,0.414346294388167,0.53325639745593,0.577778333818296,0.132004151890275,0.497952622865235,0.566755037771066,0.477800614860236,0.58577931588991,0.555515662836533,0.623122471600178,0.419649503519303
STP,2013,0.390378289473684,0.290908383633405,0.330885,0.376235698643034,0.842047128,0.137412885,0.876616033774698,0.657693508,0.422478700932118,0.486876933538719,31.792,0.342626819989438,0.111840724945068,0.58930605374124,-0.175502121448517,0.38757677482013,-0.792933344841003,0.359979122203921,-0.768153011798859,0.359994484541331,120.6046203,0.44614998197483,0.078477521,0.755922703086866,68.208,0.657373180010562,0.464034526022063,0.824614919049168,0.32258064516129,1.08,0.333333333333334,0.0,0.658003890048325,49.7607193,1.0,0.785528332550276,63.4247245788574,0.366028222764589,0.314399971038596,0.314399971038596,0.0,41.3484567201806,0.342343305595198,0.290908383633405,0.424214108826656,0.311907424325535,0.515374171191586,0.543529551027885,0.476742984465288,0.390740913795082,0.611651990350538,0.733014136827413,0.45141286527979
SYC,2013,0.543009868421053,0.471405138711498,0.595486,0.677102592266636,0.74496809,0.078707065,0.890384528055985,0.074598047,0.130878255778445,0.440035751551155,45.463,0.489961094526291,0.825588941574097,0.712049990791162,0.441972374916077,0.528916869263855,-0.284101158380508,0.458876727629053,0.0717096105217934,0.524465581387846,110.9517383,0.398621712078844,0.048039594,0.666324881467756,54.537,0.510038905473709,0.302275282402698,0.417961958190025,0.0352822580645161,1.08,0.333333333333334,0.0,0.658003890048325,2.93367219,0.110340352664718,0.432716258578328,98.0,0.0200150631020541,0.462014832287281,0.462014832287281,0.0,48.6365438962308,0.426846098274915,0.471405138711498,0.556077292267979,0.253055863845268,0.454115220350298,0.471594857929898,0.594331149128666,0.426836618350118,0.40564594305497,0.383598458656176,0.369114700012953
SGP,2013,0.807401315789474,0.78406519667274,0.161283,0.183388253273024,0.801669121,-0.063866758,0.923822896971312,0.247108048,0.217148852018021,0.0461755168690122,0.0,0.0,1.378178358078,0.807079300810525,2.07806634902954,0.903419262773992,1.97040200233459,0.897066311446633,1.70552384853363,0.844416978947084,159.6754238,0.638524414170419,0.016910853,0.574693562970096,100.0,1.0,0.216311861023001,0.201855112933665,0.0,1.025,0.0,0.0,0.658003890048325,0.0,0.0,0.367304922477336,100.0,0.0,0.613807815013158,0.613807815013158,0.0,70.249286462499,0.790195684600142,0.78406519667274,0.862995463494558,0.723526393633126,0.385209955350161,0.33885421688002,0.538326678694068,0.26693764989298,0.436089254328603,0.205061762505132,0.40068764720768
SLB,2013,0.428042763157895,0.335449069961943,0.520822,0.592205234563858,0.797496318,-0.218546854,0.960100595114442,0.564429207,0.375838118887618,0.318394819438003,78.567,0.846727521581222,0.300382703542709,0.621729791150429,-0.400270760059357,0.336127167109554,-1.10314106941223,0.299686550387899,-0.525551378726959,0.407503393293383,145.161996,0.567064086198493,0.048426244,0.667463033804116,21.433,0.153272478418778,0.440070291387205,0.764370281704551,0.987903225806452,1.04,0.0909090909090916,1.097484902,0.746512302562009,39.43566513,1.0,0.815284249767008,44.7,0.553416494771796,0.26907521314184,0.26907521314184,0.0,39.3878749831288,0.37585539772363,0.335449069961943,0.416261725485316,0.2160864197695161,0.588097898061054,0.543726409263974,0.557079259809077,0.561277784774749,0.641008252698133,0.663176410809527,0.417850566907116
KNA,2013,0.529577850877193,0.455520905595789,0.255825,0.290888065658323,0.833946981,0.032817355,0.901147212398098,0.23077119,0.208978946086937,0.345883040001027,69.036,0.744010604705299,0.958863377571106,0.734969318085093,0.940623223781586,0.643058195728421,0.431958556175232,0.598051475208556,0.724071860313416,0.652218301788735,104.9438991,0.369040680943346,-0.092547388,0.25248962471045,30.964,0.255989395294701,0.3273679330701914,0.4832965533582048,0.579637096774194,1.075,0.303030303030303,0.0,0.658003890048325,0.2437553,0.0091680474245127,0.406293799397247,100.0,0.0,0.571798473219298,0.571798473219298,0.0,56.5224397679783,0.552630041344799,0.455520905595789,0.657074322702701,0.545294895735907,0.422181245985234,0.446003449855221,0.434583075941399,0.636952980246115,0.364289199430673,0.344124009975097,0.258619494065282
VCT,2013,0.563733552631579,0.495912241232876,0.258808,0.294279912037132,0.829896907,-0.10593555,0.933689447205558,0.019063998,0.103106210731457,0.399057370678358,49.846,0.537197297093405,0.85335773229599,0.716825415262859,0.940623223781586,0.643058195728421,0.354590237140656,0.583014019458139,0.877453088760376,0.682255093768634,108.0600751,0.384383917706356,-0.145721482,0.0959650693762501,50.154,0.462802702906595,0.333440739445048,0.496310033386408,0.30241935483871,1.075,0.303030303030303,0.0,0.658003890048325,1.4454459,0.0543656550678795,0.235524866559349,96.7766494750977,0.0322577820779794,0.437869137440789,0.437869137440789,0.0,54.88324988867932,0.485265642615262,0.495912241232876,0.656288181054513,0.303596505558395,0.4091602075351345,0.4108009570916316,0.409896225986472,0.54757831144945,0.348376215642864,0.312731178676464,0.259674228634251
LCA,2013,0.543009868421053,0.471405138711498,0.279163,0.317424743763801,0.837997055,-0.015777726,0.912544397461644,0.14639293,0.166782187883579,0.282694169998654,81.539,0.878757180269213,0.85335773229599,0.716825415262859,1.04283130168915,0.66645365492458,0.319709748029709,0.57623458030134,0.700886607170105,0.647677911594196,99.40168518,0.341752267077824,-0.136941103,0.12181120638125,18.461,0.121242819730787,0.299155554804437,0.410119151581136,0.7063387772218221,1.075,0.303030303030303,0.0,0.658003890048325,0.75037915,0.0282230238011873,0.79339151063289,95.9818954467773,0.0402113080917016,0.42281775460307,0.42281775460307,0.0,55.3724505149519,0.460376863949228,0.471405138711498,0.651797890520744,0.257927562615444,0.35292785365019,0.36192495607695,0.386044850541362,0.547841542357652,0.248731361192749,0.380940001912797,0.213335153470114
SUR,2013,0.351754385964912,0.245233109225173,0.30529,0.347132678842292,0.817869416,-0.235691853,0.964121675489168,0.170595134,0.178885477880035,0.17508279463086,33.86,0.36491394454084,0.132779225707054,0.59290686696861,-0.275392025709152,0.36471194625588,-0.444913148880005,0.427620998908983,-0.0451611429452896,0.501578670479849,101.5818595,0.352486876026867,0.018854674,0.580415441704397,66.14,0.63508605545916,0.349024559146779,0.53548681414656,0.743951612903226,1.075,0.303030303030303,-0.016649897,0.656661132667972,0.71518445,0.0268992918507784,0.805481657205795,94.180778503418,0.0582360427294592,0.392162772399123,0.392162772399123,0.0,46.6740914213665,0.318717841399029,0.245233109225173,0.471704620653331,0.239215794318583,0.385236012971699,0.42707138696561,0.418220178645075,0.401788715461652,0.569485360048042,0.3726139071504,0.305518690852635
TLS,2013,0.477357456140351,0.393766897258187,0.219645,0.249749278536196,1.0,-0.104379977,0.933324612884964,0.5368077069945262,0.3643966406478971,0.22411916542913,71.221,0.767558654581901,-0.4191217068536005,0.4991835635927537,-0.7752213649744724,0.2531822208684729,-0.7748285189189749,0.3696927992384614,-0.9070419163657624,0.3333202295762754,113.2540988,0.409957933866478,0.029905488,0.612944886351464,28.779,0.232441345418099,0.4496789196857,0.788525792449719,0.4844597554217792,1.19,1.0,-4.092979234,0.327919080869955,40.92975998,1.0,0.863721087859019,59.0233345031738,0.410075272815369,0.273815970935186,0.273815970935186,0.0,43.4632223522824,0.376216163543665,0.393766897258187,0.3534689973535315,0.358665429829143,0.506951716498016,0.560560407436173,0.523842724284904,0.66543801734037,0.579543222386383,0.708071623489385,0.365065240414169
TTO,2013,0.44438048245614,0.354769484119008,0.279208,0.317475911409475,0.736745214,-0.173322747,0.94949401711918,0.016518648,0.10183330561949,0.123669227114486,46.47,0.500813674034638,0.0936860963702202,0.586183985573448,-0.21661576628685,0.37816584938339,0.273381352424622,0.567230103952462,-0.168493673205376,0.47742634367111,110.3487813,0.395652909286924,-0.055312311,0.362095702253768,53.53,0.499186325965362,0.297662042560295,0.406364552075287,0.493951612903226,1.075,0.303030303030303,0.0,0.658003890048325,0.08364885,0.0031461741500839,0.524362450224519,100.0,0.0,0.503219668574561,0.503219668574561,0.0,49.2549274691128,0.351862581741057,0.354769484119008,0.502251570645103,0.198566690459059,0.3667640323588,0.383383691165859,0.404252710062379,0.383017550975835,0.473331679473924,0.348375230157313,0.240746398227895
TON,2013,0.554769736842105,0.485311946888311,0.778797,0.885537976626619,0.805596466,0.073044913,0.891712493621099,0.216966339,0.202075272561548,0.472678790906726,76.618,0.825722876634084,0.935446381568909,0.73094227575248,-0.282675743103027,0.363044701194889,-0.634065568447113,0.39085696971955,-0.0054401247762143,0.509357275280806,69.44684529,0.19426245885444,0.070053893,0.731126706995222,23.382,0.174277123365916,0.426990802609858,0.73148923751305,0.735887096774194,1.04,0.0909090909090916,0.0,0.658003890048325,15.72004223,0.591257267759851,0.614725069897484,94.4441070556641,0.05560077393457,0.374812313585046,0.374812313585046,0.0,42.1330192838986,0.397617732653053,0.485311946888311,0.498550305486931,0.208990945583917,0.554957346975081,0.667081609579784,0.544697845512927,0.595359656859579,0.513408524700564,0.488723829653688,0.499709450615179
TUV,2013,0.5146949147602203,0.4093422668301369,1.20954,1.0,0.906848306,0.014929665,0.905342478854992,0.099012924,0.14308790150157,0.339952675005334,42.186,0.454644408281154,1.28392601013184,0.790870637876487,-0.396405547857285,0.33701191532329,-1.30201077461243,0.261033850815741,0.4851975440979,0.605439317044933,143.7245736,0.559986593716793,0.057291493,0.693558996203625,57.814,0.545355591718846,0.3894728416235958,0.6109436769907867,0.5640311376815084,1.04,0.0909090909090916,0.0,0.658003890048325,22.06179619,0.829781316508213,0.556415741760569,98.1915435791016,0.0180981846907981,0.343619321779967,0.343619321779967,0.0,43.77424308569645,0.498588930265113,0.4382555338855309,0.498588930265113,0.2292224800639148,0.5111001808535367,0.6011009557353426,0.6313611189043,0.395654673056479,0.6118234103405635,0.619901676218475,0.3467716521459978
VUT,2013,0.458305921052632,0.371237219675703,0.405736,0.461345686340058,0.813819342,-0.001075777,0.909096294688694,0.642128546,0.414694812784171,0.395374174678723,75.239,0.810861201219972,1.1603866815567,0.769625465956572,0.288386523723602,0.493761022600438,-0.521671772003174,0.412702044832164,0.309302449226379,0.570993613170764,82.91832244,0.260592493955128,0.058963848,0.698481781023164,24.761,0.189138798780028,0.422502776316559,0.720206610692178,0.766129032258065,1.04,0.0909090909090916,0.204836752,0.674523275154162,38.95589828,1.0,0.838606710158434,31.7,0.683514404935147,0.269322857291336,0.269322857291336,0.0,40.034403491555,0.361201733929335,0.371237219675703,0.561770536639985,0.150597445472316,0.560513664098234,0.563226294349884,0.486688943340768,0.602059219424029,0.526909743341713,0.651009769055422,0.460161254599267
ABW,2013,0.5180344005990151,0.3925856699237827,0.3219536317812525,0.3601318398269484,0.7860708374948304,0.2448347574342718,0.9147169440307664,0.1274167565212109,0.1462852748990873,0.3778682999520703,49.18094190691092,0.537466319599956,1.0238937827388177,0.7440292823430137,0.6842019779199732,0.605663330268778,0.1041279592768742,0.5455754550402251,0.7978068365968518,0.6593017454827564,106.6567523179086,0.3740996567344116,-0.1190544855641789,0.1161444236682583,50.82400863991129,0.4700093898240703,0.3513676715843065,0.5860509338977461,0.5224686225888546,1.0642846715439491,0.2380886604166158,0.7920129657474362,0.719959051805456,3.600470085510678,0.1567163495435581,0.435746540670807,91.181286571252,0.0882535525122888,0.4833785505451088,0.4833785505451088,0.0126069039152359,54.049469763338095,0.4764206337941338,0.4419214668071164,0.6346619778250686,0.2526847672923733,0.4001454696833338,0.4382182464439068,0.3956009793857821,0.5175411879932401,0.4093654101239451,0.3419898509690688,0.3115823573260863
AIA,2013,0.5381588212471333,0.6078287431117728,0.363139030522098,0.8484957141548126,0.777671389039073,1.1351586190311154,0.6111853706608001,0.3423022247830518,0.2678469191428935,0.1659304242188966,43.34987079318532,0.4561762174596205,-0.0841293179403155,0.5548993239714374,-0.0375171638987165,0.4179545693205606,-0.1035061999342252,0.4898567337147999,-0.0767337619461613,0.4907500855754657,75.9493569234527,0.2463885686650654,0.0403169593736901,0.6374098576201903,56.95204175948502,0.5409683770564996,0.2991156152214312,0.4360481411511226,0.4883096435943625,1.0701112107391615,0.2784413822831208,-0.3126283653965367,0.6474995718500292,-7.056973803816463,-0.0557454278923502,0.7497388625824907,103.61995772948922,-0.0362268426371734,0.4010715741386695,0.4010715741386695,0.1611015538229346,51.91587278962319,0.4485943399006316,0.4571652998470543,0.4778173897900798,0.3245967751340291,0.3801415217278732,0.4932964668792448,0.483066391119919,0.4354982274457341,0.4502339583298966,0.3748776478226446,0.2342717112009023
BMU,2013,0.5696606035174389,0.3418828504690034,0.5335562489361737,0.2186856297036237,0.9775474041439092,3.950547104542353,0.1900748007476836,0.1763691911679804,0.1859737545013631,0.2306357678443006,19.709455985773676,0.2052620409926022,1.2180601701462632,0.7831105863663049,0.7068320514259236,0.6103604548743518,0.497169555018504,0.622400129125541,1.0115595314486183,0.7050621565489703,75.28144478426245,0.216590221800875,-0.0040790346287897,0.5055397124677404,81.03385943609118,0.8110047546015199,0.32609815963407,0.4497536526710154,0.4672172378275736,1.0528818271290634,0.1689807953823397,2.85559923171505,0.7042014394248592,5.4971129056230295,0.149673902043355,0.3042449647714192,87.27274294103321,0.1273684241390947,0.5687649987340053,0.5687649987340053,0.1943400072298261,47.17790906954077,0.5230932946439147,0.502722380158792,0.7118279661393921,0.4255923397834348,0.396867101429244,0.3370365096433718,0.3597911564243666,0.3628051681681582,0.4820377002342162,0.306308482007208,0.2920173709953165
COK,2013,0.5381588212471333,0.6078287431117728,0.363139030522098,0.8484957141548126,0.777671389039073,1.1351586190311154,0.6111853706608001,0.3423022247830518,0.2678469191428935,0.1659304242188966,43.34987079318532,0.4561762174596205,-0.0841293179403155,0.5548993239714374,-0.0375171638987165,0.4179545693205606,-0.1035061999342252,0.4898567337147999,-0.0767337619461613,0.4907500855754657,75.9493569234527,0.2463885686650654,0.0403169593736901,0.6374098576201903,56.95204175948502,0.5409683770564996,0.2991156152214312,0.4360481411511226,0.4883096435943625,1.0701112107391615,0.2784413822831208,-0.3126283653965367,0.6474995718500292,-7.056973803816463,-0.0557454278923502,0.7497388625824907,103.61995772948922,-0.0362268426371734,0.4010715741386695,0.4010715741386695,0.1611015538229346,51.91587278962319,0.4485943399006316,0.4571652998470543,0.4778173897900798,0.3245967751340291,0.3801415217278732,0.4932964668792448,0.483066391119919,0.4354982274457341,0.4502339583298966,0.3748776478226446,0.2342717112009023
CUW,2013,0.518513210201223,0.3630536901637035,0.3944547162381775,0.4972505421931204,0.8401644096472255,0.2824570805893148,0.7722896640882493,0.0815351717028379,0.1380086009832219,0.404204789308322,46.77128525662509,0.5123457214323118,0.956367152067967,0.7330946909153083,0.3918258202866568,0.5214008609685679,-0.0081229245910961,0.5242134603062868,0.6253358716900277,0.6393327301432463,103.03094430981838,0.3554592330120832,-0.0564853922223574,0.3559527990433198,52.95263034525682,0.490967152827215,0.3911435842248787,0.6248518497227876,0.4168321583472449,1.0742572944342652,0.2985287424595961,-0.5843840777839657,0.6947781303417555,-0.529615809605536,-0.0042164871263707,0.5315222175915963,96.59361827369816,0.0340894714391273,0.3827484096470532,0.3827484096470532,0.0406856468110688,44.19534295390747,0.3556650254487546,0.4394485765911394,0.6096888258766608,0.2574614044340774,0.4361843666406261,0.479277296958277,0.414058221284597,0.5374617231416238,0.4749965092582157,0.3529280765976126,0.3785491558989236
CYM,2013,0.4785491617320321,0.4495837862495985,0.1082890910388005,0.2856309580550031,1.0354207388875665,7.56328349927441,0.1921846399891858,0.1524693608062735,0.1715957259132465,0.3882630373891254,15.50426986790588,0.1394268745553024,-0.1524265070118504,0.5447846479431239,-0.7754056943745561,0.25401909798325,-1.5447462425632972,0.2242939871122771,-0.2644519275328763,0.4569810923764683,61.28729129253269,0.1541210398321018,0.0123257983699724,0.5528987172861397,84.58310134102553,0.8435491913222121,0.3901147015521371,0.6383142266689037,0.5670351442291909,1.0470017132519949,0.1333438405622538,4.706373463088535,0.5806601874340782,1.0553592125512066,0.0670917268817091,0.2069855820703291,102.2033214063334,-0.0220498104931652,0.5784788229124285,0.5784788229124285,0.3072230791983203,50.82969462061014,0.5585977536947486,0.3946573653333355,0.4915264613249948,0.5081185821041307,0.4011950461746854,0.5900786662350628,0.3673870788151304,0.4542279848654069,0.5673145741839807,0.319489764286433,0.3336400142515432
MSR,2013,0.5381588212471333,0.6078287431117728,0.363139030522098,0.8484957141548126,0.777671389039073,1.1351586190311154,0.6111853706608001,0.3423022247830518,0.2678469191428935,0.1659304242188966,43.34987079318532,0.4561762174596205,-0.0841293179403155,0.5548993239714374,-0.0375171638987165,0.4179545693205606,-0.1035061999342252,0.4898567337147999,-0.0767337619461613,0.4907500855754657,75.9493569234527,0.2463885686650654,0.0403169593736901,0.6374098576201903,56.95204175948502,0.5409683770564996,0.2991156152214312,0.4360481411511226,0.4883096435943625,1.0701112107391615,0.2784413822831208,-0.3126283653965367,0.6474995718500292,-7.056973803816463,-0.0557454278923502,0.7497388625824907,103.61995772948922,-0.0362268426371734,0.4010715741386695,0.4010715741386695,0.1611015538229346,51.91587278962319,0.4485943399006316,0.4571652998470543,0.4778173897900798,0.3245967751340291,0.3801415217278732,0.4932964668792448,0.483066391119919,0.4354982274457341,0.4502339583298966,0.3748776478226446,0.2342717112009023
NIU,2013,0.5381588212471333,0.6078287431117728,0.363139030522098,0.8484957141548126,0.777671389039073,1.1351586190311154,0.6111853706608001,0.3423022247830518,0.2678469191428935,0.1659304242188966,43.34987079318532,0.4561762174596205,-0.0841293179403155,0.5548993239714374,-0.0375171638987165,0.4179545693205606,-0.1035061999342252,0.4898567337147999,-0.0767337619461613,0.4907500855754657,75.9493569234527,0.2463885686650654,0.0403169593736901,0.6374098576201903,56.95204175948502,0.5409683770564996,0.2991156152214312,0.4360481411511226,0.4883096435943625,1.0701112107391615,0.2784413822831208,-0.3126283653965367,0.6474995718500292,-7.056973803816463,-0.0557454278923502,0.7497388625824907,103.61995772948922,-0.0362268426371734,0.4010715741386695,0.4010715741386695,0.1611015538229346,51.91587278962319,0.4485943399006316,0.4571652998470543,0.4778173897900798,0.3245967751340291,0.3801415217278732,0.4932964668792448,0.483066391119919,0.4354982274457341,0.4502339583298966,0.3748776478226446,0.2342717112009023
SXM,2013,0.521497812520532,0.3549006204160675,0.4440077779899454,0.6011699593615062,0.8482286276575484,-0.0861968185610814,0.731462387863834,0.2118591076772543,0.2053541372626859,0.4245934231691704,36.45724220284631,0.3823079682167543,0.816204348626887,0.7135847981182672,-0.0820712002969468,0.4083797732817389,-0.6226312768379946,0.3879873594612039,0.3982175902715221,0.5942923122514844,107.87070055903568,0.3964911554472166,0.0515969798595633,0.6878317665951404,63.88632220028812,0.6047080568617308,0.374313720697837,0.557293475264843,0.5718656647870904,1.0523289038000705,0.1656297791082484,0.1481809876288525,0.6419173263573812,17.084291944873193,0.6385153357161029,0.6040310158302955,88.76726412342087,0.1124119570766026,0.3236170103784112,0.3236170103784112,-0.0507245431613054,46.0145289323814,0.3951150557779443,0.4451051713216798,0.5675448537602106,0.1994066986201735,0.4677761506768852,0.5011021956815187,0.5082095248873465,0.4463862054223156,0.4078133838004679,0.6023844946840359,0.364673141832586
TCA,2013,0.5145939019010619,0.4166011377188428,0.185874411206559,0.368636097653543,0.9951182579405508,9.484668042701689,0.5372028404246171,0.2464686603486701,0.2156293008650945,0.2578238955975002,16.610477984298253,0.1432892096771448,0.5190146557052692,0.6728903427112143,0.499463870331325,0.519497545323182,-0.0556740730339201,0.4982400193234984,0.8144940012593709,0.6709721983150045,72.65560778257168,0.2064039948362333,0.0058279894397063,0.5627731729653771,83.86198798648813,0.8240636341364884,0.3415678043882122,0.530058356685355,0.099823129929536,1.0674473153251474,0.25725641018901,0.2695101890677476,0.6369969936712114,7.832766784885777,0.3581626816969854,0.1752416515839523,105.32070990986504,-0.0532471724519912,0.6041104238368673,0.6041104238368673,-0.0322854229069965,53.13381850540399,0.566135448853303,0.4404366007651171,0.6447681290098308,0.3939645291372251,0.3430802556870994,0.3650410508572904,0.4169592845471348,0.4243465198661713,0.4462564509758789,0.2557040009163737,0.3176886523823545
TKL,2013,0.5381588212471333,0.6078287431117728,0.363139030522098,0.8484957141548126,0.777671389039073,1.1351586190311154,0.6111853706608001,0.3423022247830518,0.2678469191428935,0.1659304242188966,43.34987079318532,0.4561762174596205,-0.0841293179403155,0.5548993239714374,-0.0375171638987165,0.4179545693205606,-0.1035061999342252,0.4898567337147999,-0.0767337619461613,0.4907500855754657,75.9493569234527,0.2463885686650654,0.0403169593736901,0.6374098576201903,56.95204175948502,0.5409683770564996,0.2991156152214312,0.4360481411511226,0.4883096435943625,1.0701112107391615,0.2784413822831208,-0.3126283653965367,0.6474995718500292,-7.056973803816463,-0.0557454278923502,0.7497388625824907,103.61995772948922,-0.0362268426371734,0.4010715741386695,0.4010715741386695,0.1611015538229346,51.91587278962319,0.4485943399006316,0.4571652998470543,0.4778173897900798,0.3245967751340291,0.3801415217278732,0.4932964668792448,0.483066391119919,0.4354982274457341,0.4502339583298966,0.3748776478226446,0.2342717112009023
VGB,2013,0.5900407293134997,0.428563622120098,0.2905884270026535,0.3489966211282299,0.802041955230323,0.2480180587654598,0.913983270528138,0.1259509509196089,0.1593938708349205,0.1698470787973219,60.724174103044966,0.6590171693007592,0.9460263443764444,0.7289265841385165,0.993822947338138,0.6527065925762378,0.3736576681117675,0.5801028575966083,0.6838232315510293,0.652713366947839,102.02225079180585,0.3609525948906277,-0.1423842965038426,0.0998774112797993,38.29462356565509,0.3299805232504278,0.3342462286748867,0.4921134608351065,0.2203247887668988,1.0655687039831876,0.245870711011537,-0.3588842687564517,0.7222101219543304,3.679921661196519,0.0084699328352695,0.4678622892706987,102.10265956122446,-0.0210424306364458,0.4975916954617834,0.4975916954617834,0.2611231251435684,49.30102984361216,0.4956848974553298,0.4592770057554628,0.640448429571946,0.3258080215493747,0.3579182713761041,0.3474114049464865,0.4390687646210314,0.3744132127380643,0.4356618281123438,0.3275236666404911,0.2535213869649626
