,Unnamed: 0,rmse,rmse_deviation,time,year,target,model
0,0,0.3286389216807797,0.2797990592749957,5.227133989334106,2020,wdi2-SP.POP.GROW,etr
2,0,123917656.73438464,0.3903194872454018,5.931235074996948,2020,wdi2-SP.POP.TOTL,etr
5,0,54404.2590013662,0.0734122523966467,6.215235948562622,2020,wdi-IT.NET.SECR.P6,etr
9,0,60209133.03978215,0.4090267230502238,5.531659126281738,2020,wdi2-SP.RUR.TOTL,etr
14,0,0.2390123512980318,0.0060598995525583,5.3455212116241455,2020,wdi2-SP.RUR.TOTL.ZS,etr
20,0,0.4380489500504157,0.2367496915918173,6.119898080825806,2020,wdi2-SP.URB.GROW,etr
27,0,84009549.48310825,0.4866786399368887,7.252295970916748,2020,wdi2-SP.URB.TOTL,etr
35,0,0.2228058892635349,0.0036791926648763,5.578123092651367,2020,wdi2-SP.URB.TOTL.IN.ZS,etr
44,0,0.7059275442169378,0.1217528060705574,5.519302129745483,2020,wdi2-SE.PRM.DURS,etr
54,0,0.7921251999913526,0.0935298471587526,6.16680908203125,2020,wdi2-SP.RUR.TOTL.ZG,etr
65,0,0.5553297762151383,0.0874535080653761,5.156112909317017,2020,wdi2-SE.SEC.DURS,etr
77,0,521927789236.55725,0.8832087617144542,5.684033155441284,2020,wdi2-TM.VAL.MRCH.CD.WT,etr
90,0,503381907882.2369,0.8451846620430022,5.3273749351501465,2020,wdi2-TX.VAL.MRCH.CD.WT,etr
104,0,0.4483421904632745,0.0478889347538261,6.99671196937561,2020,wdi2-SP.POP.0004.FE.5Y,etr
119,0,0.3897004061317302,0.0401899302345,5.602354049682617,2020,wdi2-SP.POP.0004.MA.5Y,etr
135,0,15153008.4320381,0.3344225434800361,5.714617967605591,2020,wdi2-SP.POP.0014.FE.IN,etr
152,0,0.6209172786909429,0.0231175520509471,6.076366901397705,2020,wdi2-SP.POP.0014.FE.ZS,etr
170,0,14409030.04106256,0.2991286855920764,6.047049045562744,2020,wdi2-SP.POP.0014.MA.IN,etr
189,0,1.0369746197305834,0.0372317382170773,5.606340169906616,2020,wdi2-SP.POP.0014.MA.ZS,etr
209,0,28978697.837613605,0.3099956994057097,5.988669872283936,2020,wdi2-SP.POP.0014.TO,etr
230,0,0.5715187555011937,0.0209477841553904,6.77221417427063,2020,wdi2-SP.POP.0014.TO.ZS,etr
252,0,0.2932592507619536,0.032501787867447,7.1383020877838135,2020,wdi2-SP.POP.0509.FE.5Y,etr
275,0,0.3284506261375279,0.035096419782957,6.715103149414063,2020,wdi2-SP.POP.0509.MA.5Y,etr
299,0,0.3897318595759256,0.0459907412227663,8.230679035186768,2020,wdi2-SP.POP.1014.FE.5Y,etr
324,0,0.4760487990910933,0.0541154681073969,5.432044982910156,2020,wdi2-SP.POP.1014.MA.5Y,etr
350,0,0.7144285596841072,0.0910539676703476,5.57108998298645,2020,wdi2-SP.POP.1519.FE.5Y,etr
377,0,0.8300692854592627,0.1018817996501034,7.188568830490112,2020,wdi2-SP.POP.1519.MA.5Y,etr
405,0,41516574.42675924,0.374142976031429,6.540327310562134,2020,wdi2-SP.POP.1564.FE.IN,etr
434,0,2.2739710077535684,0.036158155335439,6.569807767868042,2020,wdi2-SP.POP.1564.FE.ZS,etr
464,0,41220680.34646819,0.3622785876059826,5.697929859161377,2020,wdi2-SP.POP.1564.MA.IN,etr
495,0,2.071892108927728,0.0323492392237266,6.367526054382324,2020,wdi2-SP.POP.1564.MA.ZS,etr
527,0,79542914.2211617,0.3539233105516598,6.392336845397949,2020,wdi2-SP.POP.1564.TO,etr
560,0,2.086800091402141,0.0328509187933211,6.101885318756104,2020,wdi2-SP.POP.1564.TO.ZS,etr
594,0,0.7936473348553091,0.1047164198847276,6.038316011428833,2020,wdi2-SP.POP.2024.FE.5Y,etr
629,0,0.9091748625419638,0.1145997548794266,6.008932113647461,2020,wdi2-SP.POP.2024.MA.5Y,etr
665,0,0.736071825254921,0.097503249378593,6.1547691822052,2020,wdi2-SP.POP.2529.FE.5Y,etr
702,0,1.109558324170851,0.138834751108521,5.228158950805664,2020,wdi2-SP.POP.2529.MA.5Y,etr
740,0,0.8278352350069537,0.1123489918605282,5.5206217765808105,2020,wdi2-SP.POP.3034.FE.5Y,etr
779,0,1.1630826537960028,0.151225890218025,5.414602041244507,2020,wdi2-SP.POP.3034.MA.5Y,etr
819,0,0.714623243766899,0.1047922231096817,5.252386093139648,2020,wdi2-SP.POP.3539.FE.5Y,etr
860,0,0.8717990761279171,0.1254841863358521,6.78174901008606,2020,wdi2-SP.POP.3539.MA.5Y,etr
902,0,0.5913118935364473,0.0969283627724924,5.431439161300659,2020,wdi2-SP.POP.4044.FE.5Y,etr
945,0,0.7652388897449616,0.123874967541235,5.2958900928497314,2020,wdi2-SP.POP.4044.MA.5Y,etr
989,0,0.5528049253786863,0.0980601883261954,5.227231979370117,2020,wdi2-SP.POP.4549.FE.5Y,etr
1034,0,0.6580194384894488,0.1162175595437493,5.081135272979736,2020,wdi2-SP.POP.4549.MA.5Y,etr
1080,0,0.5967311480248126,0.1155846166417547,5.212064981460571,2020,wdi2-SP.POP.5054.FE.5Y,etr
1127,0,0.6131058084181945,0.1204467956496857,5.184390068054199,2020,wdi2-SP.POP.5054.MA.5Y,etr
1175,0,0.63589470668937,0.1339303240742315,5.178630828857422,2020,wdi2-SP.POP.5559.FE.5Y,etr
1224,0,0.5562230998231931,0.1211503606537965,5.210453987121582,2020,wdi2-SP.POP.5559.MA.5Y,etr
1274,0,0.4875726515801258,0.1195409336392591,6.097434997558594,2020,wdi2-SP.POP.6064.FE.5Y,etr
1325,0,0.4452093973898034,0.116687042236201,5.22570013999939,2020,wdi2-SP.POP.6064.MA.5Y,etr
1377,0,0.5064745741250534,0.1498432630740273,5.614027738571167,2020,wdi2-SP.POP.6569.FE.5Y,etr
1430,0,0.4551070670975438,0.151148096458587,5.183179140090942,2020,wdi2-SP.POP.6569.MA.5Y,etr
1484,0,9985101.71848027,0.6158276904274214,5.333739995956421,2020,wdi2-SP.POP.65UP.FE.IN,etr
1539,0,2.233275369659124,0.217852939218105,5.203606128692627,2020,wdi2-SP.POP.65UP.FE.ZS,etr
1595,0,7685956.234826182,0.5813403995451757,5.850895166397095,2020,wdi2-SP.POP.65UP.MA.IN,etr
1652,0,1.7340620261623223,0.2140692926296076,5.433816909790039,2020,wdi2-SP.POP.65UP.MA.ZS,etr
1710,0,17716253.810541257,0.6018728882670912,5.121081829071045,2020,wdi2-SP.POP.65UP.TO,etr
1769,0,1.916332684785253,0.2084410690512683,5.1191840171813965,2020,wdi2-SP.POP.65UP.TO.ZS,etr
1829,0,0.594587153727519,0.2318860405555791,5.32260799407959,2020,wdi2-SP.POP.7074.FE.5Y,etr
1890,0,0.5666027895831192,0.2614165745847018,5.194892883300781,2020,wdi2-SP.POP.7074.MA.5Y,etr
1952,0,0.5480195842753559,0.2989396516932104,5.616615056991577,2020,wdi2-SP.POP.7579.FE.5Y,etr
2015,0,0.4660250397278114,0.3303557094580301,5.146044969558716,2020,wdi2-SP.POP.7579.MA.5Y,etr
2079,0,1.0373286570561056,0.4193052758478843,5.134237766265869,2020,wdi2-SP.POP.80UP.FE.5Y,etr
2144,0,0.6641890806216282,0.4394643239605201,5.611281871795654,2020,wdi2-SP.POP.80UP.MA.5Y,etr
2210,0,4.764475718214055,0.0808489344345037,5.212679862976074,2020,wdi2-SP.POP.DPND,etr
2277,0,3.591904026804699,0.2527024856863856,5.301435947418213,2020,wdi2-SP.POP.DPND.OL,etr
2345,0,1.3164714900450878,0.0295274368986869,5.14988112449646,2020,wdi2-SP.POP.DPND.YG,etr
2414,0,69682568.94325173,0.4039814062739971,5.216168880462647,2020,wdi2-SP.POP.TOTL.FE.IN,etr
2484,0,1.2481296321658073,0.0250256360203398,5.132429838180542,2020,wdi2-SP.POP.TOTL.FE.ZS,etr
2555,0,62623137.32812405,0.3574934648675537,5.105282068252564,2020,wdi2-SP.POP.TOTL.MA.IN,etr
2627,0,1.22184771494666,0.0243755485908535,5.23239803314209,2020,wdi2-SP.POP.TOTL.MA.ZS,etr
2700,0,10.749518224821164,0.4495366356861603,5.23875093460083,2020,wdi2-SG.GEN.PARL.ZS,etr
2774,0,1890008.6490824628,0.071716686578358,5.25849175453186,2020,wdi2-SM.POP.REFG.OR,etr
2849,0,19093597884.59711,0.6489678856628218,5.6792402267456055,2020,wdi-BX.TRF.PWKR.CD.DT,etr
2925,0,0.9753321831342436,0.0175893678673398,5.026495933532715,2020,wdi2-SL.EMP.TOTL.SP.ZS,etr
3002,0,1.3068383012775246,0.0217674766133804,5.1389100551605225,2020,wdi2-SL.TLF.CACT.ZS,etr
3080,0,61487577.02608485,0.4009124577781732,5.216931104660034,2020,wdi2-SL.TLF.TOTL.IN,etr
3159,0,2.5684119001181624,0.321806453053058,5.183074951171875,2020,wdi2-SL.UEM.TOTL.ZS,etr
3239,0,42.61463265418144,0.0666936640858992,5.399476051330566,2020,wdi2-NY.GDP.DEFL.KD.ZG,etr
3320,0,3.5019639054426186,0.0350941229051058,5.697826147079468,2020,wdi2-NY.GDP.MKTP.KD.ZG,etr
3402,0,3.4663734093591065,0.0347694043877403,5.73650598526001,2020,wdi2-NY.GDP.PCAP.KD.ZG,etr
3485,0,4732239032593.335,0.8869921438220625,8.62143588066101,2020,wdi2-NY.GDP.MKTP.PP.CD,etr
3569,0,14203.824107601837,0.7233160054939003,14.150821924209597,2020,wdi2-NY.GDP.PCAP.PP.CD,etr
3654,0,4227608322903.8506,0.8357051031297515,12.400312185287476,2020,wdi2-NY.GDP.MKTP.PP.KD,etr
3740,0,1664.1438259346803,0.0893666319566413,14.248102903366089,2020,wdi2-NY.GDP.PCAP.PP.KD,etr
3827,0,3517130211458.112,0.0415245837091439,10.434769868850708,2020,wdi2-NY.GDP.MKTP.CD,etr
3915,0,3737213566525.8257,0.0456314499917661,8.323032140731812,2020,wdi2-NY.GDP.MKTP.KD,etr
4004,0,6598.585264581519,0.5239599485272948,5.678442001342773,2020,wdi2-NY.GDP.PCAP.CD,etr
4094,0,13334.5526737483,0.1243249868914825,5.960878849029541,2020,wdi2-NY.GDP.PCAP.KD,etr
4185,0,34.08627776900523,0.5898431556354997,7.476200103759766,2020,wdi2-TG.VAL.TOTL.GD.ZS,etr
4277,0,1367944.9826539718,0.9532863066228336,6.430753946304321,2020,wdi2-SM.POP.REFG,etr
4370,0,0.5400767657465346,0.1214785102921581,5.816150903701782,2020,mvi-wdi-BX.TRF.PWKR.DT.GD.ZS,etr
4464,0,0.5338869324519655,0.120086242053139,6.724344968795776,2020,wdi-BX.TRF.PWKR.DT.GD.ZS,etr
4559,0,6714114.032923201,0.075279560125962,5.9847517013549805,2020,wdi-IT.NET.SECR,etr
4655,0,9320.607201968716,0.2137377840174262,7.169420957565308,2020,wdi2-SL.GDP.PCAP.EM.KD,etr
4752,0,21807458.383202143,0.5959561029487775,6.002285003662109,2020,key-wdi2-SP.POP.TOTL,etr
4850,0,0.1312309483865284,0.0217325137455397,5.072953224182129,2020,wdi2-SE.PRM.AGES,etr
4949,0,0.0930458039831938,0.007874276951971,6.230093717575073,2020,wdi2-SE.SEC.AGES,etr
5049,0,3.3464117975634564,0.4937419314907019,5.550118207931519,2020,wdi2-SH.STA.OWGH.ME.ZS,etr
5150,0,7.76536339936458,0.4165946606121459,5.573722839355469,2020,wdi2-SH.STA.STNT.ME.ZS,etr
5252,0,14.594195163679286,0.4831819320010568,5.854795932769775,2020,wdi-EN.URB.LCTY.UR.ZS,etr
5355,0,5.854620720629276,0.1128430711684831,6.016127824783325,2020,wdi2-NV.AGR.TOTL.KD.ZG,etr
5459,0,12482.400856256374,0.0723908998333993,5.941879749298096,2020,wdi2-PA.NUS.ATLS,etr
5564,0,604167563223.7233,0.1547807999920124,5.027496099472046,2020,wdi2-NY.GNP.MKTP.PP.CD,etr
5670,0,2997.39763384351,0.2086288750371305,5.476246118545532,2020,wdi2-NY.GNP.PCAP.PP.CD,etr
5777,0,100360933676.41588,0.5978728049128137,5.067011117935181,2020,wdi2-NV.AGR.TOTL.KD,etr
5885,0,290694335816.63257,0.1708446033983744,5.98363995552063,2020,wdi2-NY.GNP.ATLS.CD,etr
5994,0,295134979702.051,0.1789368078282145,6.20366096496582,2020,wdi2-NY.GNP.MKTP.CD,etr
6104,0,1766.664943300527,0.215060971190354,6.131862878799439,2020,wdi2-NY.GNP.PCAP.CD,etr
6215,0,131669302477.24078,0.7025937811746548,5.958634853363037,2020,wdi2-NV.AGR.TOTL.CD,etr
6327,0,29.452932779696997,0.481447696220834,6.891512155532837,2020,wdi-FD.AST.PRVT.GD.ZS,etr
6440,0,14.461393623247876,0.1901937733949531,6.663530111312866,2020,wdi2-SG.LAW.INDX,etr
6554,0,2.538300102857752,0.0668529028540043,7.195541858673096,2020,wdi2-NV.SRV.TOTL.KD.ZG,etr
6669,0,6.164440577020624,0.1001412084971505,6.965386152267456,2020,wdi-FM.AST.PRVT.GD.ZS,etr
6785,0,20.50659324035237,0.0753417066053241,7.913411855697632,2020,wdi-FS.AST.CGOV.GD.ZS,etr
6902,0,1034258.34949877,0.5571462615970357,5.537642955780029,2020,wdi2-VC.IDP.NWDS,etr
7020,0,5.098864875870766,0.4741334372228935,7.983733415603638,2020,wdi2-NV.AGR.TOTL.ZS,etr
7139,0,932639794253.0012,0.0425864050922355,7.0470380783081055,2020,wdi2-NV.IND.TOTL.CD,etr
7259,0,6.9921391699556255,0.2673038046459023,8.018963098526001,2020,wdi2-NV.IND.TOTL.ZS,etr
7380,0,4.94302900582944,0.0895606943797071,5.636054992675781,2020,wdi2-NV.SRV.TOTL.ZS,etr
7502,0,375204311948.55774,0.3341149918258708,5.470672130584717,2020,wdi2-NV.SRV.TOTL.KD,etr
7625,0,12.308279850172893,0.0631844326189696,5.694596290588379,2020,wdi2-NV.IND.TOTL.KD.ZG,etr
7749,0,13.81608639805656,0.090349660375036,5.241569995880127,2020,wdi-FP.CPI.TOTL.ZG,etr
7874,0,338505905617.24524,0.4983002384830027,6.086609840393066,2020,wdi2-NV.IND.TOTL.KD,etr
8000,0,874.1119601370334,0.0771171089334012,6.860712051391602,2020,wdi2-NY.GDP.DEFL.ZS,etr
8127,0,2143719927699408.0,0.0647649526373776,5.506831884384155,2020,wdi2-NY.GDP.MKTP.CN,etr
8255,0,549602534041606.1,0.0513647230331514,5.584526062011719,2020,wdi2-NY.GDP.MKTP.KN,etr
8384,0,25043414.327517934,0.0636295140466728,6.564813852310181,2020,wdi2-NY.GDP.PCAP.CN,etr
8514,0,3163144.6052678064,0.0415755958037646,6.37419581413269,2020,wdi2-NY.GDP.PCAP.KN,etr
8645,0,7.692400512388887,0.1444590229664167,7.1374900341033936,2020,wdi-IQ.SCI.MTHD,etr
8777,0,2.3799888655813906,0.0377993006578145,6.02540397644043,2020,wdi-IQ.SCI.OVRL,etr
8910,0,7.583774334300496,0.0958456027467687,5.2862818241119385,2020,wdi-IQ.SCI.PRDC,etr
9044,0,7.64814143570132,0.1353248872309506,5.589446067810059,2020,wdi-IQ.SCI.SRCE,etr
9179,0,926081819001.4532,0.981891251618954,5.683018922805786,2020,wdi2-NE.IMP.GNFS.CD,etr
9315,0,459.033291449329,0.0404974670924375,6.508925199508667,2020,wdi2-NY.GDP.DEFL.ZS.AD,etr
9452,0,2141493442331751.2,0.0646976872182709,5.502856016159058,2020,wdi2-NY.GDP.MKTP.CN.AD,etr
9590,0,1890.236219847416,0.0629922131172511,5.49813985824585,2020,wdi2-PA.NUS.PPP,etr
9729,0,788225172293.065,0.7964342974596409,5.60646390914917,2020,wdi2-NE.EXP.GNFS.CD,etr
9869,0,41.49841204035247,0.0649467326206303,6.063199996948242,2020,wdi2-NY.GDP.DEFL.KD.ZG.AD,etr
10010,0,39.71234513154285,0.0621514639762249,6.583308696746826,2020,key-wdi2-NY.GDP.DEFL.KD.ZG,etr
10152,0,3.89939171721852,0.0390768539808586,5.382215976715088,2020,key-wdi2-NY.GDP.MKTP.KD.ZG,etr
10295,0,0.1544401320285834,0.3006840017998859,6.281407117843628,2020,wdi2-PA.NUS.PPPC.RF,etr
10439,0,5.643571929652945,0.151769147258308,5.734128713607788,2020,wdi2-NE.EXP.GNFS.ZS,etr
10584,0,5.541549898679805,0.1312057118490177,5.661356925964356,2020,wdi2-NE.IMP.GNFS.ZS,etr
10730,0,6.265618695630262,0.0482471899710051,5.572998046875,2020,wdi2-NE.RSB.GNFS.ZS,etr
10877,0,7.537580011477802,0.0949068487854723,5.626163959503174,2020,wdi2-NE.TRD.GNFS.ZS,etr
11025,0,10.116687366424006,0.1505018548721063,5.115833044052124,2020,wdi-FS.AST.PRVT.GD.ZS,etr
11174,0,0.0058258365434075,0.0103795613866304,5.490649223327637,2020,wdi-HD.HCI.OVRL,etr
11324,0,0.009680619354708,0.0176936948315202,5.697521209716797,2020,wdi-HD.HCI.OVRL.LB,etr
11475,0,0.0079598766788798,0.0138711941682128,5.696803092956543,2020,wdi-HD.HCI.OVRL.UB,etr
11627,0,13.116740895381549,0.5738377250304506,4.741263151168823,2020,wdi2-SH.SGR.CRSK.ZS,etr
11780,0,9.219863086179036,0.4863608897071684,5.260842323303223,2020,wdi2-SH.SGR.IRSK.ZS,etr
11934,0,740430865546.101,0.0354273969555536,5.450109958648682,2020,key-wdi2-NY.GDP.MKTP.CD,etr
12089,0,12568.959788093902,0.9568740007086528,5.631239175796509,2020,key-wdi2-NY.GDP.PCAP.CD,etr
12245,0,19.55911016664573,0.819198657635963,5.713562250137329,2020,wdi-FD.RES.LIQU.AS.ZS,etr
12402,0,0.5841241401497906,0.1184013586253466,6.72503399848938,2020,key-mvi-wdi-BX.TRF.PWKR.DT.GD.ZS,etr
12560,0,0.5841241401497906,0.1184013586253466,5.077620029449463,2020,key-wdi-BX.TRF.PWKR.DT.GD.ZS,etr
12719,0,626351023089.9503,0.5187769556829431,5.836912155151367,2020,wdi2-NE.CON.TOTL.CD,etr
12879,0,91110747508.16202,0.1821738220422731,5.527215242385864,2020,wdi2-NY.GDS.TOTL.CD,etr
13040,0,7.27778623577668,0.1169241041190285,5.2806572914123535,2020,wdi2-NE.IMP.GNFS.KD.ZG,etr
13202,0,431119745871.8472,0.4277736920547628,4.681888103485107,2020,wdi2-NE.CON.PRVT.CD,etr
13365,0,12.198739389675003,0.6515890657726827,4.654132843017578,2020,wdi2-NY.GDS.TOTL.ZS,etr
13529,0,10.907363812946778,0.4290826813882964,4.863528966903687,2020,wdi-EN.URB.MCTY.TL.ZS,etr
13694,0,915192359097.9282,0.965440189321046,5.357558727264404,2020,wdi2-NE.IMP.GNFS.KD,etr
13860,0,290233733296.62054,0.1872639047331235,5.278278827667236,2020,wdi2-NE.DAB.TOTL.CD,etr
14027,0,3.7413776388749,0.0988967142773874,5.263906240463257,2020,wdi2-NE.CON.TOTL.KD.ZG,etr
14195,0,18.7081154042342,0.0740250057900773,5.220538854598999,2020,wdi2-NE.EXP.GNFS.KD.ZG,etr
14364,0,285716460435.81683,0.0595259068477551,5.197826862335205,2020,wdi2-NE.GDI.TOTL.CD,etr
14534,0,24.801889156888272,0.0940754815813065,4.59987211227417,2020,wdi2-NE.GDI.TOTL.KD.ZG,etr
14705,0,425352529641.616,0.0893637921057825,4.644240856170654,2020,wdi2-NE.CON.GOVT.CD,etr
14877,0,4.163747535093807,0.2486023968448375,5.189171075820923,2020,wdi2-NE.CON.GOVT.ZS,etr
15050,0,304112472258.73145,0.0641626328421332,5.828628063201904,2020,wdi2-NE.GDI.FTOT.CD,etr
15224,0,1009746061668.7644,0.0469554581454217,5.032488107681274,2020,wdi2-NE.GDI.TOTL.KD,etr
15399,0,272046003658.2172,0.5722340832037476,5.879986047744751,2020,wdi2-NV.IND.MANF.CD,etr
15575,0,670937826018.9512,0.4080102997197297,4.855695009231567,2020,wdi2-NE.CON.TOTL.KD,etr
15752,0,794766780872.9377,0.9489185425048756,5.922422885894775,2020,wdi2-NE.EXP.GNFS.KD,etr
15930,0,8.178664894018981,0.3535774251514403,5.316630840301514,2020,wdi2-NE.GDI.TOTL.ZS,etr
16109,0,1874607723279168.0,0.0566346745871728,9.96193814277649,2020,wdi2-NY.GNP.MKTP.CN,etr
16289,0,30284141.333838597,0.0767371494374784,7.037627220153809,2020,wdi2-NY.GNP.PCAP.CN,etr
16470,0,3222200.7246622955,0.7092849631925927,6.026190042495728,2020,wdi-EN.URB.LCTY,etr
16652,0,0.0072532252916891,0.0123182580784356,6.401594161987305,2020,wdi-HD.HCI.OVRL.FE,etr
16835,0,0.0090056203742572,0.0156845904136626,9.844941139221191,2020,wdi-HD.HCI.OVRL.LB.FE,etr
17019,0,0.0108601816824617,0.0201373551615483,8.5622718334198,2020,wdi-HD.HCI.OVRL.LB.MA,etr
17204,0,0.0089090963993089,0.0160410949032774,12.564220190048218,2020,wdi-HD.HCI.OVRL.MA,etr
17390,0,0.0085340483184272,0.0141741584474314,7.652736186981201,2020,wdi-HD.HCI.OVRL.UB.FE,etr
17577,0,0.0096777622732741,0.0169799222711333,7.204691886901856,2020,wdi-HD.HCI.OVRL.UB.MA,etr
17765,0,13.135207519349525,0.2042663862233006,6.037165880203247,2020,wdi2-NE.CON.PRVT.ZS,etr
17954,0,1772785452366382.2,0.0535584730399044,7.093569993972778,2020,wdi2-NY.GNP.MKTP.CN.AD,etr
18144,0,2498.7558634680263,0.0594946210164657,7.689815044403076,2020,wdi2-PA.NUS.FCRF,etr
18335,0,25205644515.856827,0.065469206534693,6.373440742492676,2020,wdi-BM.TRF.PWKR.CD.DT,etr
18527,0,236242539998.2365,0.0703109787910596,6.455334186553955,2020,wdi-FI.RES.TOTL.CD,etr
18720,0,254688446561.0641,0.0786083200976672,6.483370065689087,2020,wdi-FI.RES.XGLD.CD,etr
18914,0,4.237253275156772,0.1029670303370777,8.125813722610474,2020,wdi2-NE.CON.PRVT.KD.ZG,etr
19109,0,574299271406.73,0.2400757927469508,9.305039167404177,2020,wdi2-NE.DAB.TOTL.KD,etr
19305,0,5.44493301938949,0.4100339377969517,7.802917003631592,2020,wdi2-NV.IND.MANF.ZS,etr
19502,0,583392639194.9706,0.2749024764742864,6.33922815322876,2020,wdi2-NE.CON.PRVT.PP.KD,etr
19700,0,6.933341553263169,0.311704940186991,5.683009147644043,2020,wdi2-NE.GDI.FTOT.ZS,etr
19899,0,74784323473550.2,0.0541915397216482,6.052687883377075,2020,wdi2-NV.AGR.TOTL.KN,etr
20099,0,10547614712.972858,0.5968897869558187,6.197062969207764,2020,wdi-BM.GSR.ROYL.CD,etr
20300,0,442534523180.1359,0.3919667085185656,5.892454147338867,2020,wdi2-NE.CON.PRVT.KD,etr
20502,0,6358.194508452645,0.8742827952587174,6.032094955444336,2020,wdi2-NE.CON.PRVT.PC.KD,etr
20705,0,1.0085259324816749,0.0363190832259104,5.511436939239502,2020,wdi2-NE.CON.PRVT.PC.KD.ZG,etr
20909,0,5.566575680089819,0.1211223986834972,6.17112922668457,2020,wdi2-NV.IND.MANF.KD.ZG,etr
21114,0,11155966825.684036,0.6585342698963687,5.204885959625244,2020,wdi-BX.GSR.ROYL.CD,etr
21320,0,9.348641887463302,0.0799380053683578,5.70808482170105,2020,wdi2-NE.CON.GOVT.KD.ZG,etr
21527,0,231099391460.2549,0.0711076472720596,8.334287881851196,2020,wdi2-NV.IND.MANF.KD,etr
21735,0,67134145334.52053,0.0698298214218759,8.108740091323853,2020,wdi-BX.PEF.TOTL.CD.WD,etr
21944,0,661061609170490.4,0.086866585265447,7.557718992233276,2020,wdi-FM.AST.DOMS.CN,etr
22154,0,125169819947348.77,0.0731562431566632,7.720455169677734,2020,wdi-FM.AST.NFRG.CN,etr
22365,0,1516482188.3048563,0.067700097692181,9.35960602760315,2020,wdi2-MS.MIL.MPRT.KD,etr
22577,0,287219712715124.1,0.0679006413677315,10.08194875717163,2020,wdi2-NV.AGR.TOTL.CN,etr
22790,0,730031867281818.1,0.0722803839349034,11.030643224716188,2020,wdi2-NV.IND.TOTL.CN,etr
23004,0,75435890763.78136,0.0784972848738619,6.370559930801392,2020,wdi-BM.KLT.DINV.CD.WD,etr
23219,0,23.00650352887793,0.2812397161881294,6.978272914886475,2020,wdi-FM.LBL.BMNY.GD.ZS,etr
23435,0,433538323804.23627,0.0899492834792316,12.584487199783323,2020,wdi2-NE.CON.GOVT.KD,etr
23652,0,329701650504893.6,0.0692650600435385,12.872761249542236,2020,wdi2-NV.SRV.TOTL.KN,etr
23870,0,10.736595253735668,0.1083914378610394,9.740970849990845,2020,wdi2-NE.GDI.FTOT.KD.ZG,etr
24089,0,1389078311676307.0,0.0738871468799874,7.683381080627441,2020,wdi2-NV.SRV.TOTL.CN,etr
24309,0,250342250273955.7,0.0597475555063298,9.015223979949951,2020,wdi2-NV.IND.TOTL.KN,etr
24530,0,19266301494.76874,0.0930517202018487,7.4536402225494385,2020,wdi2-NY.GSR.NFCY.CD,etr
24752,0,54106899874210.74,0.1070363993555108,9.256406784057615,2020,wdi2-NY.GSR.NFCY.CN,etr
24975,0,2.2895990859344466,0.0979025824136884,8.08362102508545,2020,ldc-AFF-Index,etr
25199,0,1.5406097532975902,0.1035886656737065,8.968626737594604,2020,ldc-AFF-Value,etr
25424,0,0.8824428814813373,0.0368788104414524,8.86363697052002,2020,ldc-AIN-Index,etr
25650,0,2.1320968407635523,0.3473499000059105,5.921593904495239,2020,ldc-AIN-Value,etr
25877,0,1.501731105271317,0.0199076633609338,6.739835023880005,2020,ldc-ALR-Index,etr
26105,0,1.235296058678326,0.0151463759951401,6.153171062469482,2020,ldc-ALR-Value,etr
26334,0,0.5090121264935283,0.0158495484114409,6.079694032669067,2020,ldc-DRY-Index,etr
26564,0,0.5090121264935283,0.0158495484114409,6.749418020248413,2020,ldc-DRY-Value,etr
26795,0,8.161162488611678,0.241546464469337,5.87047290802002,2020,ldc-EVI,etr
27027,0,14.048053519542371,0.1545719877730716,6.559525012969971,2020,ldc-GPIS-Index,etr
27260,0,0.1159146286021366,0.117442198456182,6.497758865356445,2020,ldc-GPIS-Value,etr
27494,0,17.116290107556992,0.244477154744169,5.227197885513306,2020,ldc-GSSE-Index,etr
27729,0,17.155774842465824,0.2301196621356993,7.503854990005493,2020,ldc-GSSE-Value,etr
27965,0,8.542583687701352,0.1096298942677405,6.10915994644165,2020,ldc-HAI,etr
28202,0,25.96867469446703,0.2596867469446703,6.277740955352783,2020,ldc-LECZ-Index,etr
28440,0,18.092894844482068,0.1809289484448207,5.681160926818848,2020,ldc-LECZ-Value,etr
28679,0,13.850692432714828,0.1664987388808747,5.373453140258789,2020,ldc-MMR-Index,etr
28919,0,165.87984798168904,0.8056779403812618,6.654983758926392,2020,ldc-MMR-Value,etr
29160,0,22.80615318803425,0.412132137088696,5.457581043243408,2020,ldc-REM-Index,etr
29402,0,18.471353896663004,0.3408860919106848,6.580522775650024,2020,ldc-REM-Value,etr
29645,0,18.053200602689596,0.2799768443034287,6.897270679473877,2020,ldc-STU-Index,etr
29889,0,9.089294475006175,0.44816379156195,6.642691850662232,2020,ldc-STU-Value,etr
30134,0,10.147179393133989,0.1214745797473108,7.678681135177612,2020,ldc-U5M-Index,etr
30380,0,16.942291275523075,0.4603970986830473,6.038817882537842,2020,ldc-U5M-Value,etr
30627,0,24.36163726057548,0.3799518726230384,6.030999660491943,2020,ldc-VIC-Index,etr
30875,0,2.6493458667866587,0.2554817615030529,12.533624172210692,2020,ldc-VIC-Value,etr
31124,0,25.34046856157829,0.7348280597780108,5.966020107269287,2020,ldc-XCON-Index,etr
31374,0,0.2171952965389208,0.552453351210702,8.028697967529297,2020,ldc-XCON-Value,etr
31625,0,18.319756872450316,0.1833258968522997,5.7326340675354,2020,ldc-XIN-Index,etr
31877,0,13.107011278274015,0.1122271708046409,7.212823867797852,2020,ldc-XIN-Value,etr
32130,0,12.096397997232778,0.4734635602876956,6.747712135314941,2020,mvi-economic,etr
32384,0,12.58641797345508,0.2876757590371813,6.857938051223755,2020,mvi-environmental,etr
32639,0,11.300854366238529,0.3193928011850792,5.852876901626587,2020,mvi-geographic,etr
32895,0,1.359088852830634,0.0581142389683789,10.917011976242064,2020,mvi-ldc-AFF-Index,etr
33152,0,0.9026612221098168,0.0377237697777743,15.16999101638794,2020,mvi-ldc-AIN-Index,etr
33410,0,0.3674772696264624,0.0114424558313991,16.922659158706665,2020,mvi-ldc-DRY-Index,etr
33669,0,25.96867469446703,0.2596867469446703,14.666111946105955,2020,mvi-ldc-LECZ-Index,etr
33929,0,22.80615318803425,0.412132137088696,14.834270000457764,2020,mvi-ldc-REM-Index,etr
34190,0,24.36163726057548,0.3799518726230384,7.586904048919678,2020,mvi-ldc-VIC-Index,etr
34452,0,25.34046856157829,0.7348280597780108,8.135483026504517,2020,mvi-ldc-XCON-Index,etr
34715,0,18.319756872450316,0.1833258968522997,7.030285835266113,2020,mvi-ldc-XIN-Index,etr
34979,0,4.603528769283567,0.5530611256745334,7.801218032836914,2020,wdi-FI.RES.TOTL.MO,etr
35244,0,322488392618.1886,0.0637352967789271,10.883999824523926,2020,wdi2-NE.GDI.FTOT.KD,etr
35510,0,15.502932712209128,0.6609510505763675,7.731879949569702,2020,key-mvi-ldc-AFF-Index,etr
35777,0,20.20091484710982,0.8400852547435239,6.413228988647461,2020,key-mvi-ldc-AIN-Index,etr
36045,0,5.6062252706760285,0.1660549401213983,5.65372896194458,2020,key-mvi-ldc-EVI,etr
36314,0,13.074359321039257,0.1677617617983032,7.331511974334717,2020,key-mvi-ldc-HAI,etr
36584,0,22.91823245081358,0.2291823245081358,7.335360050201416,2020,key-mvi-ldc-LECZ-Index,etr
36855,0,20.550226399871004,0.3733417110227645,6.747223138809204,2020,key-mvi-ldc-REM-Index,etr
37127,0,20.133805268847595,0.3152556998175463,6.918010950088501,2020,key-mvi-ldc-VIC-Index,etr
37400,0,20.801362509806054,0.6023871773500574,9.207465887069702,2020,key-mvi-ldc-XCON-Index,etr
37674,0,17.417204658926686,0.9533593890956846,10.226554870605469,2020,key-mvi-ldc-XIN-Index,etr
37949,0,751059815799.1218,0.5930697260368779,7.844213962554932,2020,wdi-BX.GSR.GNFS.CD,etr
38225,0,2.4061478238860863,0.3465850741040408,11.384729862213137,2020,wdi-BX.GSR.INSF.ZS,etr
38502,0,645929689467.085,0.6456417750844299,12.972519159317017,2020,wdi-BX.GSR.MRCH.CD,etr
38780,0,815665975349.7054,0.5498857340864125,15.87669825553894,2020,wdi-BX.GSR.TOTL.CD,etr
39059,0,15.63596877971853,0.6578630379511383,8.259663820266724,2020,wdi-BX.GSR.TRAN.ZS,etr
39339,0,7.774841338282616,0.3590270612789328,7.273109436035156,2020,wdi-BX.GSR.TRVL.ZS,etr
39620,0,1373016002258.9695,0.0615712887911736,9.574038982391356,2020,wdi2-NY.GDP.FCST.CD,etr
39902,0,75156197804423.02,0.1012886762862844,9.738741874694824,2020,wdi2-NY.TAX.NIND.CN,etr
40185,0,2.459282168761996,0.3434269233986813,9.15266180038452,2020,wdi2-TX.VAL.INSF.ZS.WT,etr
40469,0,7.51368082767108,0.1680968766445981,7.298685073852539,2020,wdi2-TX.VAL.OTHR.ZS.WT,etr
40754,0,2.6356959935119737,0.1057991253303066,6.729021787643433,2020,wdi2-TX.VAL.TRAN.ZS.WT,etr
41040,0,3.5085863769926022,0.1510484880744754,5.53239107131958,2020,wdi2-TX.VAL.TRVL.ZS.WT,etr
41327,0,10.058128839664493,0.6797490605429991,5.830857038497925,2020,wdi-BX.GSR.CMCP.ZS,etr
41615,0,1911.2483614656169,0.0940386669550203,5.6694090366363525,2020,wdi-FP.CPI.TOTL,etr
41904,0,472617445901975.25,0.0707511197960103,6.742698907852173,2020,wdi2-NE.EXP.GNFS.CN,etr
42194,0,402947520936729.2,0.0577288787427064,6.4312238693237305,2020,wdi2-NE.IMP.GNFS.CN,etr
42485,0,213004544063209.5,0.0970850246413899,6.257842779159546,2020,wdi2-NE.RSB.GNFS.CN,etr
42777,0,20211850607.146065,0.8158512494540034,5.594862937927246,2020,wdi2-NY.TAX.NIND.CD,etr
43070,0,359.25155960748634,0.0442227733563322,6.038763046264648,2020,wdi2-PA.NUS.PRVT.PP,etr
43364,0,18842333781.00067,0.0444765332893925,5.848621129989624,2020,wdi2-NE.RSB.GNFS.CD,etr
43659,0,31955904741447.69,0.0746632651175712,6.363495111465454,2020,wdi2-NY.TAX.NIND.KN,etr
43955,0,15.791590972094252,0.1816175995857521,5.380918741226196,2020,key-wdi2-NE.TRD.GNFS.ZS,etr
44252,0,140985850191.55865,0.5455440112988822,5.632009983062744,2020,wdi-BM.GSR.NFSV.CD,etr
44550,0,132439252952.98462,0.5206836710336217,5.595085144042969,2020,wdi2-TM.VAL.SERV.CD.WT,etr
44849,0,26.42196592097664,0.0994352753052076,5.548297166824341,2020,wdi-BG.GSR.NFSV.GD.ZS,etr
45149,0,7.061792626600161,0.503835770338032,6.769792079925537,2020,wdi-BM.GSR.CMCP.ZS,etr
45450,0,6.056156773247101,0.665292772194626,5.820251941680908,2020,wdi-BM.GSR.INSF.ZS,etr
45752,0,677641558351.0226,0.6878922635433491,5.06106972694397,2020,wdi-BM.GSR.MRCH.CD,etr
46055,0,763511022701.0231,0.5129018305273615,5.661726951599121,2020,wdi-BM.GSR.TOTL.CD,etr
46359,0,11.951592213131162,0.4060972845525422,6.021740913391113,2020,wdi-BM.GSR.TRAN.ZS,etr
46664,0,7.685376085789238,0.5083692795399312,6.374427080154419,2020,wdi-BM.GSR.TRVL.ZS,etr
46970,0,2.144974747784419,0.2253277971598489,5.325481176376343,2020,wdi2-TM.VAL.INSF.ZS.WT,etr
47277,0,5.9833758019905,0.1353967697353395,5.590987205505371,2020,wdi2-TM.VAL.OTHR.ZS.WT,etr
47585,0,1.959799959008588,0.0639016345682037,5.800570249557495,2020,wdi2-TM.VAL.TRAN.ZS.WT,etr
47894,0,1.4624508291260234,0.0936255314108876,5.575399160385132,2020,wdi2-TM.VAL.TRVL.ZS.WT,etr
48204,0,883984618857.3715,0.7051190231812603,10.132262229919434,2020,wdi-BM.GSR.GNFS.CD,etr
48515,0,1660376664199.8057,0.0656282521707406,10.771854877471924,2020,wdi2-NY.GDP.FCST.KD,etr
48827,0,1436240953675870.0,0.0707507959699087,13.548992156982422,2020,wdi2-NE.CON.TOTL.CN,etr
49140,0,16.258811323501718,0.1986111306730792,7.668824195861816,2020,wdi2-NE.CON.TOTL.ZS,etr
49454,0,1010715965506438.0,0.0783986941906948,6.249587059020996,2020,wdi2-NY.GDS.TOTL.CN,etr
49769,0,146949123170.52057,0.5311976345307718,6.588905096054077,2020,wdi-BX.GSR.NFSV.CD,etr
50085,0,136333162902.18497,0.4997168988645106,6.094506025314331,2020,wdi2-TX.VAL.SERV.CD.WT,etr
50402,0,315432986610438.5,0.0815072434335664,7.070757150650024,2020,wdi2-NE.CON.GOVT.CN,etr
50720,0,1206296182362.597,0.5289972593666167,6.201681852340698,2020,wdi2-NE.CON.PRVT.PP.CD,etr
51039,0,1143640194970741.2,0.0697341676840668,6.675541162490845,2020,wdi2-NE.CON.PRVT.CN,etr
51359,0,1143640194970741.2,0.0697341676840668,6.657350063323975,2020,wdi2-NE.CON.PRVT.CN.AD,etr
51680,0,1085677011226839.4,0.0798291954603143,10.14096999168396,2020,wdi2-NE.GDI.TOTL.CN,etr
52002,0,10.24157939080706,0.0714133596812092,6.64162802696228,2020,wdi-BM.KLT.DINV.WD.GD.ZS,etr
52325,0,2539704692515350.0,0.0751391999307413,6.842468976974487,2020,wdi2-NE.DAB.TOTL.CN,etr
52649,0,4.49737300441126,0.0432232273265194,7.634174108505249,2020,wdi2-NE.DAB.TOTL.ZS,etr
52974,0,614348592895779.8,0.081804080038984,7.681990146636963,2020,wdi2-NE.GDI.FTOT.CN,etr
53300,0,402667826710867.25,0.0805335673104138,7.075732946395874,2020,wdi2-NE.EXP.GNFS.KN,etr
53627,0,454078773253013.9,0.0863267669219222,7.159749746322632,2020,wdi2-NE.IMP.GNFS.KN,etr
53955,0,134733678060332.44,0.0609654657277392,7.526120901107788,2020,wdi2-NV.IND.MANF.KN,etr
54284,0,419743146747081.2,0.0775865351007436,5.623151779174805,2020,wdi2-NY.EXP.CAPM.KN,etr
54614,0,146630538154435.0,0.0959623940801276,6.882575750350952,2020,wdi2-NY.GDP.DISC.CN,etr
54945,0,855988691423205.8,0.0815227420458011,9.7834210395813,2020,wdi2-NY.GDY.TOTL.KN,etr
55277,0,146314938676249.97,0.1067213265326403,20.95384097099304,2020,wdi2-NY.TTF.GNFS.KN,etr
55610,0,13.213637763995504,0.11858391545346,14.91279911994934,2020,wdi-FM.AST.CGOV.ZG.M3,etr
55944,0,18.55978359418772,0.0987343700488622,11.648157835006714,2020,wdi-FM.AST.PRVT.ZG.M3,etr
56279,0,185339531327997.3,0.0603711829648984,8.567389249801636,2020,wdi2-NV.IND.MANF.CN,etr
56615,0,71143192123133.05,0.0814927929539581,16.206433057785034,2020,wdi2-NE.CON.GOVT.KN,etr
56952,0,366053020372629.9,0.0539901288582632,10.4683198928833,2020,wdi2-NE.CON.TOTL.KN,etr
57290,0,401759646842.8498,0.1019608774803472,8.755293130874634,2020,wdi2-NY.GNP.MKTP.PP.KD,etr
57629,0,3128.938418248095,0.2297095759473758,8.695958137512207,2020,wdi2-NY.GNP.PCAP.PP.KD,etr
57969,0,9884920819.794815,0.1038686343077833,8.247298955917358,2020,wdi2-NY.TRF.NCTR.CD,etr
58310,0,19991824886424.566,0.0926963642900012,8.590715885162354,2020,wdi2-NY.TRF.NCTR.CN,etr
58652,0,20346354.44108392,0.0497865778181631,10.966938257217407,2020,wdi-EN.URB.MCTY,etr
58995,0,15.56846718970445,0.0836431350513436,12.403565883636476,2020,wdi-FM.AST.DOMO.ZG.M3,etr
59339,0,325705540494566.0,0.0551109279157162,9.001678943634033,2020,wdi2-NE.CON.PRVT.KN,etr
59684,0,202785917112567.8,0.0592941359380064,6.374694108963013,2020,wdi2-NE.GDI.FTOT.KN,etr
60030,0,4.767593229654306,0.7434781863294972,6.334257125854492,2020,wdi-FR.INR.LNDP,etr
60377,0,208896585756646.72,0.0597735451976212,5.855974197387695,2020,wdi2-NE.GDI.TOTL.KN,etr
60725,0,154920316790.98013,0.0516400701794647,6.298257827758789,2020,wdi-BM.GSR.FCTY.CD,etr
61074,0,239410619916.5168,0.0689945424181929,6.337634086608887,2020,wdi-BX.GSR.FCTY.CD,etr
61424,0,42337771382.74399,0.0705629523045733,6.2865941524505615,2020,wdi-BX.TRF.CURR.CD,etr
61775,0,571436960211086.6,0.0554793244335048,6.512088060379028,2020,wdi2-NE.DAB.TOTL.KN,etr
62127,0,48330407468.67107,0.07256822586267,6.812060117721558,2020,wdi-BM.TRF.PRVT.CD,etr
62480,0,663928899401048.2,0.0962215894894895,7.274676084518433,2020,wdi-FM.LBL.BMNY.CN,etr
62834,0,10.98874651987211,0.7680217065187246,8.13156795501709,2020,wdi-FM.LBL.BMNY.ZG,etr
63189,0,1142.314498486296,0.101622229193037,5.885423898696899,2020,wdi2-NE.DAB.DEFL.ZS,etr
63545,0,557938767460324.2,0.0921780135375004,5.508095026016235,2020,wdi2-NE.GDI.STKB.CN,etr
63902,0,74345778461446.22,0.1214800301657618,5.580210208892822,2020,wdi2-NE.RSB.GNFS.KN,etr
64260,0,2742009140875483.5,0.0825906386484291,5.444128036499023,2020,wdi2-NY.GDP.FCST.CN,etr
64619,0,10756187735.074863,0.1069041249034187,7.071876049041748,2020,wdi2-NE.GDI.STKB.CD,etr
64979,0,4.436539168620266,0.1461292918154852,9.990138292312622,2020,wdi2-NY.GNP.MKTP.KD.ZG,etr
65340,0,4.134091511788056,0.1530059915568321,12.216692924499512,2020,wdi2-NY.GNP.PCAP.KD.ZG,etr
65702,0,708895967441092.0,0.0688248566885366,8.45110297203064,2020,wdi2-NY.GDP.FCST.KN,etr
66065,0,404228493377.20935,0.4984923484987427,7.860530853271484,2020,wdi2-NY.GNP.MKTP.KD,etr
66429,0,11721.937208865736,0.1241484961695691,14.421860933303831,2020,wdi2-NY.GNP.PCAP.KD,etr
66794,0,17463710947642.67,0.1084702543331842,8.62716007232666,2020,wdi2-NY.GDP.DISC.KN,etr
67160,0,146074322536.41113,0.155729554942869,8.962569952011108,2020,wdi-BN.CAB.XOKA.CD,etr
67527,0,152089775644.28214,0.14638091977313,5.818758010864258,2020,wdi-BN.FIN.TOTL.CD,etr
67895,0,44654642641.51244,0.1488488088050414,6.085250854492188,2020,wdi-BN.GSR.FCTY.CD,etr
68264,0,169019460842.92404,0.1522697845431748,6.917987823486328,2020,wdi-BN.GSR.GNFS.CD,etr
68634,0,211170681631.676,0.1475686105043158,6.1148881912231445,2020,wdi-BN.GSR.MRCH.CD,etr
69005,0,16542615891.105082,0.0919537726807004,5.592883348464966,2020,wdi-BN.KAC.EOMS.CD,etr
69377,0,30345063415.98871,0.0900446985637647,6.723659992218018,2020,wdi-BN.KLT.DINV.CD,etr
69750,0,125517739795.79092,0.1094313337365221,6.327355861663818,2020,wdi-BN.KLT.PTXL.CD,etr
70124,0,18295891868.183853,0.1086405683717793,8.34431004524231,2020,wdi-BN.RES.INCL.CD,etr
70499,0,18251677786.248943,0.0707108569226058,8.086014986038208,2020,wdi-BN.TRF.CURR.CD,etr
70875,0,1937166454.391068,0.0944590625312594,6.590665340423584,2020,wdi-BN.TRF.KOGT.CD,etr
71252,0,46.71825810803168,0.913019376762304,8.037049055099487,2020,wdi-CM.MKT.TRNR,etr
71630,0,3.965589003737556,0.1335044549093846,10.636740922927856,2020,wdi-FR.INR.DPST,etr
72009,0,3.731057011537007,0.4938485034045182,8.02317190170288,2020,wdi2-SI.RMT.COST.IB.ZS,etr
72389,0,6.801198766639548,0.1448211790407655,5.949078798294067,2020,wdi-BN.CAB.XOKA.GD.ZS,etr
72770,0,6.2790094533494925,0.1491349182417662,6.856168270111084,2020,wdi-FM.LBL.BMNY.IR.ZS,etr
73152,0,6.606336038495136,0.6539077366691519,6.623924016952515,2020,wdi-FR.INR.LEND,etr
73535,0,6.271225848821389,0.1335362121619012,6.002005100250244,2020,key-wdi-BN.CAB.XOKA.GD.ZS,etr
73919,0,16992908737.192474,0.1268127517700931,6.645841121673584,2020,wdi-BX.TRF.PWKR.CD,etr
74304,0,4.530826645018182,0.6159946903514266,6.307070016860962,2020,wdi-FR.INR.RINR,etr
74690,0,643090693010928.6,0.0618356509559298,6.536484956741333,2020,wdi2-NY.GNP.MKTP.KN,etr
75077,0,5512424.974143718,0.0722966105641218,6.296911954879761,2020,wdi2-NY.GNP.PCAP.KN,etr
75465,0,2.324265123014748,0.3149700296038227,6.656234979629517,2020,key-wdi-FR.INR.RINR,etr
75854,0,3468760571381.76,0.7681568856804549,6.390304088592529,2020,wdi-CM.MKT.TRAD.CD,etr
76244,0,19.11751885428452,0.1906104906067887,8.511918783187866,2020,wdi2-PX.REX.REER,etr
76635,0,2.4839831544421744,0.0247143488047268,5.833764314651489,2020,key-wdi2-PX.REX.REER,etr
77027,0,1554.6992443473523,0.7039907573414601,5.893585920333862,2020,wdi-CM.MKT.LDOM.NO,etr
77420,0,2739604175075.6045,0.906073627198522,7.285181999206543,2020,wdi-CM.MKT.LCAP.CD,etr
77814,0,7.060236363890279,0.3109977764044652,4.988858938217163,2020,wdi2-NY.GNS.ICTR.GN.ZS,etr
78209,0,86.1935714182218,0.0973280682980079,5.959215879440308,2020,wdi-CM.MKT.TRAD.GD.ZS,etr
78605,0,194.70205260814183,0.110268281368862,5.709291934967041,2020,wdi-CM.MKT.LCAP.GD.ZS,etr
79002,0,21.37640573210473,0.1334501751268239,5.437758207321167,2020,wdi-CM.MKT.INDX.ZG,etr
79400,0,7.402936215721904,0.3329305213371573,5.280590772628784,2020,wdi2-NY.GNS.ICTR.ZS,etr
79799,0,3.0833555055899398,0.0599030359093963,6.6948840618133545,2020,wdi2-SL.TLF.CACT.FE.NE.ZS,etr
80199,0,4.672022267750456,0.0615067277517385,5.7631919384002686,2020,wdi2-SL.TLF.CACT.FM.NE.ZS,etr
80600,0,3.3795244819351637,0.0498361658885952,5.509454250335693,2020,wdi2-SL.TLF.CACT.MA.NE.ZS,etr
81002,0,10.94583561754269,0.5222197488516074,5.010576963424683,2020,wdi2-SL.UEM.1524.FE.NE.ZS,etr
81405,0,7.852746408597815,0.4251296691445953,7.1472697257995605,2020,wdi2-SL.UEM.1524.MA.NE.ZS,etr
81809,0,8.465386679610788,0.4383009810446099,4.834770917892456,2020,wdi2-SL.UEM.1524.NE.ZS,etr
82214,0,4.240040264948001,0.5082238827630227,4.743261814117432,2020,wdi2-SL.UEM.TOTL.NE.ZS,etr
82620,0,2.5324886240159707,0.0539867698009036,4.674365043640137,2020,wdi2-SL.EMP.TOTL.SP.FE.NE.ZS,etr
83027,0,2.2343596834611,0.0358045207763976,4.7222819328308105,2020,wdi2-SL.EMP.TOTL.SP.MA.NE.ZS,etr
83435,0,2.056193098310063,0.0377812125787031,4.6095130443573,2020,wdi2-SL.EMP.TOTL.SP.NE.ZS,etr
83844,0,2.3001676944335,0.0388237572891849,4.836893796920776,2020,wdi2-SL.TLF.CACT.NE.ZS,etr
84254,0,5131333.429693981,0.135307271513908,5.158873081207275,2020,wdi2-VC.IDP.TOCV,etr
84665,0,3.482527973846896,0.1169048841615409,4.926967620849609,2020,wdi2-SL.EMP.1524.SP.FE.NE.ZS,etr
85077,0,3.3493838601291395,0.090325979762286,4.91068696975708,2020,wdi2-SL.EMP.1524.SP.MA.NE.ZS,etr
85490,0,1.585953004986519,0.047339803346418,4.8581862449646,2020,wdi2-SL.EMP.1524.SP.NE.ZS,etr
85904,0,4.287495281566649,0.1164349564103186,6.793874263763428,2020,wdi2-SL.TLF.ACTI.1524.FE.NE.ZS,etr
86319,0,3.856510524609223,0.0853278934406964,6.287350177764893,2020,wdi2-SL.TLF.ACTI.1524.MA.NE.ZS,etr
86735,0,3.666584053174118,0.0892384625939861,5.824886083602905,2020,wdi2-SL.TLF.ACTI.1524.NE.ZS,etr
87152,0,120945295258324.42,0.1026526016451573,5.752542018890381,2020,wdi2-NE.GDI.STKB.KN,etr
87570,0,118552526454.23456,0.1129163006288736,5.768457174301148,2020,wdi2-NY.GNS.ICTR.CD,etr
87989,0,535233096247231.2,0.1171188467324256,5.450904846191406,2020,wdi2-NY.GNS.ICTR.CN,etr
88409,0,6.250665256699289,0.6767155377095785,4.66334080696106,2020,wdi2-SL.UEM.TOTL.FE.NE.ZS,etr
88830,0,4.331552431041964,0.5416523817193684,5.2964630126953125,2020,wdi2-SL.UEM.TOTL.MA.NE.ZS,etr
89252,0,1515703232.172362,0.3426616321180759,4.746382236480713,2020,wdi-IE.PPI.ENGY.CD,etr
89675,0,1666510137.436344,0.3913710071983663,4.948462009429932,2020,wdi-IE.PPN.ENGY.CD,etr
90099,0,1459617.5504836468,0.907784179610904,4.803313970565796,2020,wdi2-VC.IDP.NWCV,etr
90524,0,1.98457514232868,0.2486900104907007,4.1897828578948975,2020,wdi-IC.CUS.DURS.EX,etr
90950,0,2.764445356916017,0.4382223006394957,4.674186944961548,2020,wdi-IC.ELC.OUTG,etr
91377,0,11.083242111941145,0.2024295244220624,6.988857984542847,2020,wdi-IC.ELC.OUTG.ZS,etr
91805,0,5.058262644719813,0.1786870526237817,7.141205072402954,2020,wdi-IC.FRM.BKWC.ZS,etr
92234,0,4.186130734447394,0.162480623358293,6.607654094696045,2020,wdi-IC.FRM.BNKS.ZS,etr
92664,0,7.339294138220524,0.442037858782779,5.791283369064331,2020,wdi-IC.FRM.BRIB.ZS,etr
93095,0,9.400994483432092,0.1920103210877315,6.047675132751465,2020,wdi-IC.FRM.CMPU.ZS,etr
93527,0,13.807591317597298,0.6446450482130781,5.929986000061035,2020,wdi-IC.FRM.CORR.ZS,etr
93960,0,4.682541495399711,0.2681513168581805,5.762448787689209,2020,wdi-IC.FRM.FEMM.ZS,etr
94394,0,6.264606237761216,0.1943354750109981,6.775666236877441,2020,wdi-IC.FRM.FEMO.ZS,etr
94829,0,2.495194965528234,0.0279525754214514,6.504978895187378,2020,wdi-IC.FRM.FREG.ZS,etr
95265,0,11.478818907920806,0.223280872995241,6.777751922607422,2020,wdi-IC.FRM.METG.ZS,etr
95702,0,1.1315314230748104,0.2577233185226082,5.2755446434021,2020,wdi-IC.FRM.OUTG.ZS,etr
96140,0,4.244644364601044,0.301177483351338,5.511254072189331,2020,wdi-IC.FRM.RSDV.ZS,etr
96579,0,5.082789706050899,0.3098234972958971,5.296254873275757,2020,wdi-IC.FRM.THEV.ZS,etr
97019,0,6.9803578452735175,0.2196454845624614,5.7723681926727295,2020,wdi-IC.FRM.TRNG.ZS,etr
97460,0,1.7841563696080038,0.2296374548565602,5.42096209526062,2020,wdi-IC.GOV.DURS.ZS,etr
97902,0,5.167757936183362,0.4205931042933543,4.9703590869903564,2020,wdi-IC.TAX.GIFT.ZS,etr
98345,0,0.42742914991684,0.1747881559969978,6.60942006111145,2020,wdi-IC.TAX.METG,etr
98789,0,30.96037407445899,0.6382673450066846,6.216010093688965,2020,wdi-IC.ELC.DURS,etr
99234,0,1.375571263473914,0.2598772045202899,6.489250898361206,2020,wdi-IC.FRM.CRIM.ZS,etr
99680,0,18.139034746186724,0.6119329997103485,5.886064767837524,2020,wdi-IC.FRM.DURS,etr
100127,0,1698181963.9439373,0.5970363028301058,4.813715934753418,2020,wdi2-MS.MIL.XPRT.KD,etr
100575,0,1.7763861260615446,0.3974562565160534,5.3265581130981445,2020,wdi2-SE.PRE.DURS,etr
101024,0,14.131054654983748,0.282688243336144,6.173310995101929,2020,epi-BHV,etr
101474,0,9.968634801108774,0.2676961535914436,5.4021360874176025,2020,epi-ECO,etr
101925,0,6.439522310108597,0.1644048782340668,5.9790449142456055,2020,epi-EPI,etr
102377,0,27.56090882305288,0.8788476607853872,6.976006031036377,2020,epi-PAR,etr
102830,0,11.307223495663942,0.2415429769162617,7.128764867782593,2020,epi-TBG,etr
103284,0,9.861050297773115,0.206411435600765,5.174937009811401,2020,epi-TBN,etr
103739,0,2164.232663720493,0.1811851772736917,4.796149969100952,2020,irena-ff-cap-on,etr
104195,0,1.4735623514458034,0.0195240625571107,6.118236780166626,2020,ohi-ao-future,etr
104652,0,5.912189020684711,0.2249423925307477,5.5842039585113525,2020,ohi-ao-pressures,etr
105110,0,5.290840232320017,0.0792999069958316,5.924516201019287,2020,ohi-ao-resilience,etr
105569,0,1.1101423692512122,0.0156210944867241,5.322448968887329,2020,ohi-ao-score,etr
106029,0,2.6392383615640167,0.0395927821565643,5.393553018569946,2020,ohi-ao-status,etr
106490,0,0.0174780958329213,0.1747809583292133,6.213915109634399,2020,ohi-ao-trend,etr
106952,0,5.495010389724734,0.0633805030605946,5.774419069290161,2020,ohi-bd-future,etr
107415,0,5.107074829284784,0.0608712776199895,5.446914196014404,2020,ohi-bd-score,etr
107879,0,5.040858988340326,0.062155771764514,5.1018171310424805,2020,ohi-bd-status,etr
108344,0,0.064969862696479,0.2320352239159964,4.720190763473511,2020,ohi-bd-trend,etr
108810,0,15.07591736247811,0.2516445036614027,5.046830177307129,2020,ohi-cw-future,etr
109277,0,7.335175236102231,0.1113766785605987,4.903574705123901,2020,ohi-cw-pressures,etr
109745,0,10.305263521995633,0.1503201938382544,5.199457883834839,2020,ohi-cw-resilience,etr
110214,0,13.85243890813084,0.22576065963958,5.690967082977295,2020,ohi-cw-score,etr
110684,0,13.609494622975562,0.216681507321441,5.317977666854858,2020,ohi-cw-status,etr
111155,0,0.1530005721997107,0.2508206101634602,5.413163185119629,2020,ohi-cw-trend,etr
111627,0,26.633839981577925,0.3330756594469705,6.822579145431519,2020,ohi-eco-future,etr
112100,0,4.195725877882555,0.1361300244948139,6.064453125,2020,ohi-eco-pressures,etr
112574,0,6.168804349866759,0.0984845319094404,7.355920076370239,2020,ohi-eco-resilience,etr
113049,0,25.272438911047967,0.3215127013912697,7.442714929580688,2020,ohi-eco-score,etr
113525,0,24.302255174629828,0.3146024813052827,5.95257306098938,2020,ohi-eco-status,etr
114002,0,0.2686483218350883,0.1356809706237819,6.36138391494751,2020,ohi-eco-trend,etr
114480,0,21.52893622878224,0.4164690985735548,8.628103971481323,2020,ohi-fis-future,etr
114959,0,1.780119835616483,0.0660838460541776,7.771689176559448,2020,ohi-fis-pressures,etr
115439,0,3.47057260161497,0.0556620082856145,5.208554983139038,2020,ohi-fis-resilience,etr
115920,0,20.23035467927124,0.4124084874734645,6.72913122177124,2020,ohi-fis-score,etr
116402,0,19.231521916501254,0.4143422290013288,6.728019952774048,2020,ohi-fis-status,etr
116885,0,0.0686826535136206,0.2020078044518255,5.924201250076294,2020,ohi-fis-trend,etr
117369,0,23.056015716328933,0.4393103842104634,6.665573835372925,2020,ohi-fp-future,etr
117854,0,22.53152482777988,0.4516334992852602,4.63866925239563,2020,ohi-fp-score,etr
118340,0,21.86716681012159,0.462352768012156,7.498820066452026,2020,ohi-fp-status,etr
118827,0,0.0707541492885705,0.1814208956117194,6.380820035934448,2020,ohi-fp-trend,etr
119315,0,10.430290903224178,0.1167782300312931,7.496468782424927,2020,ohi-hab-future,etr
119804,0,3.254656619371828,0.1043026844416425,8.73349666595459,2020,ohi-hab-pressures,etr
120294,0,3.083651750906168,0.0454719482544249,7.91905403137207,2020,ohi-hab-resilience,etr
120785,0,10.168652494707322,0.1173066368040067,6.786977052688599,2020,ohi-hab-score,etr
121277,0,10.319527397060856,0.1227756953317324,8.26148509979248,2020,ohi-hab-status,etr
121770,0,0.1291503807487567,0.222673070256477,5.033627986907959,2020,ohi-hab-trend,etr
122264,0,5.730805710824911,0.0851130826628121,4.848927974700928,2020,ohi-ico-future,etr
122759,0,3.1942367910619183,0.0886052241786467,4.81593918800354,2020,ohi-ico-pressures,etr
123255,0,3.831828833890315,0.0580952390663004,4.868473768234253,2020,ohi-ico-resilience,etr
123752,0,5.009859750690338,0.0778911242940874,5.051353931427002,2020,ohi-ico-score,etr
124250,0,4.48699642343135,0.073190117995679,5.10548210144043,2020,ohi-ico-status,etr
124749,0,0.019538174920777,0.2170908324530786,5.104579210281372,2020,ohi-ico-trend,etr
125249,0,6.624575433894618,0.0946638387238442,6.535580158233643,2020,ohi-index-future,etr
125750,0,6.481908370974014,0.0943852693261596,7.413151979446411,2020,ohi-index-score,etr
126252,0,21.406573035797003,0.2777707056264969,5.724827289581299,2020,ohi-le-future,etr
126755,0,19.13451407552813,0.2429785993151702,6.4388649463653564,2020,ohi-le-score,etr
127259,0,18.991683324927926,0.2361121815742888,5.0675859451293945,2020,ohi-le-status,etr
127764,0,0.3619022723824148,0.262248023465518,6.649317026138306,2020,ohi-le-trend,etr
128270,0,29.84511847473346,0.4023925280010803,6.992413282394409,2020,ohi-liv-future,etr
128777,0,4.655310691570071,0.1450149023598804,6.5657689571380615,2020,ohi-liv-pressures,etr
129285,0,4.6593134702556105,0.0889397661536351,6.384881019592285,2020,ohi-liv-resilience,etr
129794,0,24.487500071338207,0.3103817064984311,5.646663904190064,2020,ohi-liv-score,etr
130304,0,23.58370844757216,0.2820314927209786,4.755314826965332,2020,ohi-liv-status,etr
130815,0,0.7262972142955549,0.3631486071477774,5.499025344848633,2020,ohi-liv-trend,etr
131327,0,28.10696877502169,0.705208562647557,4.975615978240967,2020,ohi-lsp-future,etr
131840,0,3.665436673289405,0.0860069416803825,5.240224123001099,2020,ohi-lsp-pressures,etr
132354,0,8.826996237847716,0.1282877098787932,4.916844129562378,2020,ohi-lsp-resilience,etr
132869,0,27.57842006630949,0.7157842116497093,4.357370138168335,2020,ohi-lsp-score,etr
133385,0,27.89434605860597,0.7498102194743135,4.462050199508667,2020,ohi-lsp-status,etr
133902,0,0.2279699996968562,0.2279699996968562,4.424673080444336,2020,ohi-lsp-trend,etr
134420,0,3.415583595512343,0.1310640439560256,4.551425218582153,2020,ohi-mar-pressures,etr
134939,0,7.536923759177809,0.1144092484529329,5.081670045852661,2020,ohi-mar-resilience,etr
135459,0,40.96807846390741,0.6451919912422915,4.781921148300171,2020,ohi-np-future,etr
135980,0,2.990074609497253,0.129061005031984,5.000916004180908,2020,ohi-np-pressures,etr
136502,0,4.406761072795528,0.0650734587974913,4.751459121704102,2020,ohi-np-resilience,etr
137025,0,38.74704399497511,0.6493260500015031,4.341558933258057,2020,ohi-np-score,etr
137549,0,36.66641425954861,0.6565404127497793,4.241250038146973,2020,ohi-np-status,etr
138074,0,0.5320274137329988,0.2660137068664994,5.439246892929077,2020,ohi-np-trend,etr
138600,0,14.414301607067518,0.2689538532947358,6.539545774459839,2020,ohi-sp-future,etr
139127,0,13.96235334880255,0.2715112586970087,6.047526836395264,2020,ohi-sp-score,etr
139655,0,14.190503582720329,0.2881101151226115,6.389865159988403,2020,ohi-sp-status,etr
140184,0,0.1090174522216002,0.2180349044432004,6.244545936584473,2020,ohi-sp-trend,etr
140714,0,5.302401040187339,0.0630625111322802,5.695016384124756,2020,ohi-spp-future,etr
141245,0,1.9509687431137908,0.0596231470416275,5.681010961532593,2020,ohi-spp-pressures,etr
141777,0,5.880662801553353,0.0967157938560873,5.039291858673096,2020,ohi-spp-resilience,etr
142310,0,4.696181180645303,0.0578949022539776,5.406149864196777,2020,ohi-spp-score,etr
142844,0,4.332494074137916,0.0554389228792823,5.841491937637329,2020,ohi-spp-status,etr
143379,0,0.0067637029916618,0.2254567663887273,5.18841814994812,2020,ohi-spp-trend,etr
143915,0,24.104974306105827,0.3226607230740922,4.988892793655396,2020,ohi-tr-future,etr
144452,0,5.290552389924535,0.1057269068018275,4.804968357086182,2020,ohi-tr-pressures,etr
144990,0,10.305263521995633,0.1503201938382544,5.001165866851807,2020,ohi-tr-resilience,etr
145529,0,24.683719318723863,0.3349528103025059,4.5696868896484375,2020,ohi-tr-score,etr
146069,0,25.27853693718873,0.3478019689352589,5.4689040184021,2020,ohi-tr-status,etr
146610,0,0.0941547080109232,0.1883094160218465,5.474461078643799,2020,ohi-tr-trend,etr
147152,0,5.565437083985984,0.8694252229712812,4.6065850257873535,2020,wdi-FR.INR.RISK,etr
147695,0,4.682736426405382,0.5888223352482942,4.251689910888672,2020,wdi2-SI.RMT.COST.OB.ZS,etr
148239,0,13.674121958616311,0.3312298907350532,5.155126094818115,2020,epi-HLT,etr
148784,0,36.27321683746458,0.3627321683746458,5.281505107879639,2020,epi-MPA,etr
149330,0,15.597077941675842,0.2736329463451902,6.093373775482178,2020,key-46,etr
149877,0,6.134062629630417,0.089649997230166,7.803645133972168,2020,key-ohi-index-score,etr
150425,0,69487502327489.64,0.1400958840111738,7.048157215118408,2020,wdi2-NE.GDI.FPRV.CN,etr
150974,0,7.530082384212373,0.4584671865886213,6.0477330684661865,2020,wdi2-NE.GDI.FPRV.ZS,etr
151524,0,21.211830284775488,0.2662301620445267,5.217719793319702,2020,ohi-cp-future,etr
152075,0,3.347860144865912,0.0932393482174706,6.2690818309783936,2020,ohi-cp-pressures,etr
152627,0,5.41355191423237,0.0851405672272728,7.574424982070923,2020,ohi-cp-resilience,etr
153180,0,21.673834326313784,0.2738654947480357,10.121002197265623,2020,ohi-cp-score,etr
153734,0,21.88873671020238,0.2784618608161547,4.485846042633057,2020,ohi-cp-status,etr
154289,0,1.2306648372310782,0.1150621595785154,4.679658889770508,2020,wdi2-SE.COM.DURS,etr
154845,0,20.63652685770304,0.6584778330671816,5.097391128540039,2020,epi-MSW,etr
155402,0,2.8322537429438888,0.090372586443923,5.6076741218566895,2020,epi-WMG,etr
155960,0,14.915116862744872,0.1491511686274487,6.323799133300781,2020,epi-WRS,etr
156519,0,14.906417396160506,0.149064173961605,8.265013933181763,2020,epi-WWT,etr
157079,0,25.529746162862686,0.3278432012882353,7.614774942398071,2020,ohi-cs-future,etr
157640,0,3.303151513652933,0.0898583340138795,4.952311038970947,2020,ohi-cs-pressures,etr
158202,0,5.878489818264933,0.093135656803025,6.776623010635376,2020,ohi-cs-resilience,etr
158765,0,23.397708707829192,0.2952400732851211,5.069473028182983,2020,ohi-cs-score,etr
159329,0,20.17199072418032,0.2501888865015219,5.801131010055542,2020,ohi-cs-status,etr
159894,0,18.655500806323676,0.1865550080632367,7.758264064788818,2020,ohi-mar-future,etr
160460,0,18.482694757887764,0.1848269475788776,4.5402491092681885,2020,ohi-mar-score,etr
161027,0,18.61676118119846,0.1861676118119846,5.05373477935791,2020,ohi-mar-status,etr
161595,0,0.5407122354856302,0.2703561177428151,6.385421991348267,2020,ohi-mar-trend,etr
162164,0,1.2601858512707589,0.3446975281839305,7.501296758651733,2020,ssi-enwi,etr
162734,0,0.7702040727990291,0.1613306388981127,6.390704154968262,2020,ssi-ssi,etr
163305,0,1.4101693012970526,0.083533486862674,5.901392936706543,2020,unicef-a2,etr
163877,0,4.247680176420931,0.0797076122438268,5.237841367721558,2020,unicef-d11,etr
164450,0,2.9880807800003004,0.0717909128875958,6.170054912567139,2020,unicef-d12,etr
165024,0,4.007811246465535,0.3434644584645321,4.960277080535889,2020,unicef-d13,etr
165599,0,26.79121317539124,0.5120824899216787,5.378161907196045,2020,unicef-d14,etr
166175,0,20.78083075063561,0.226674405780216,9.650994300842283,2020,unicef-m3,etr
166752,0,57.98339033886648,0.1761850787404216,5.457995176315308,2020,irena-sp-cap-on,etr
167330,0,0.167613373239992,0.1537737369174239,7.0292181968688965,2020,ohi-cp-trend,etr
167909,0,2.149382462815922,0.4238781712806603,7.91586709022522,2020,ssi-8,etr
168489,0,1.5325816913740695,0.2279869220893341,7.126423120498657,2020,ssi-hwi,etr
169070,0,1.631670242679449,0.3250132404885572,7.963504314422607,2020,ssi-wbs,etr
169652,0,3.272486430668207,0.157438744250412,7.877683877944946,2020,epi-AGR,etr
170235,0,3.3929254467254357,0.1632330440431031,6.7555248737335205,2020,epi-SNM,etr
170819,0,2.326373571213986,0.4203814505270954,9.097580909729004,2020,ssi-10,etr
171404,0,1.1527179464350026,0.1190590582473502,9.528717041015623,2020,ssi-13,etr
171990,0,1.5756386878645794,0.5084730499965266,6.365664958953857,2020,ssi-ce,etr
172577,0,2.0861214603168645,0.412537037686242,6.531753063201904,2020,ssi-ecwi,etr
173165,0,1.850562365268308,0.3204320224506241,5.320436954498291,2020,ssi-nr,etr
173754,0,304.94460291416976,0.1208658751146134,4.950911283493042,2020,unicef-m1,etr
174344,0,6.509744694486644,0.1484814064741758,4.702586889266968,2020,epi-AIR,etr
174935,0,18.56009843979357,0.3281288968282729,4.606656074523926,2020,epi-GHP,etr
175527,0,8.256244818312355,0.2007566385031095,5.994204044342041,2020,epi-H2O,etr
176120,0,12.709222036351395,0.3029970834273683,4.475721120834351,2020,epi-HAD,etr
176714,0,14.461598086459327,0.2561207813072599,4.33716082572937,2020,epi-HMT,etr
177309,0,25.49986578752213,0.3681242845863509,4.53368091583252,2020,epi-OZD,etr
177905,0,14.490739042896015,0.2566368794926738,4.547765970230103,2020,epi-PBD,etr
178502,0,11.85671865684136,0.2763141558909061,4.673240661621094,2020,epi-PMD,etr
179100,0,6.3572146505336695,0.1369891605164849,4.370388984680176,2020,epi-USD,etr
179699,0,5.987411084583055,0.1592187763841937,4.983047008514404,2020,epi-UWD,etr
180299,0,0.3000870099736923,0.2758188290001803,4.354238271713257,2020,ssi-16,etr
180900,0,2.167072360367006,0.416316360259152,4.401949882507324,2020,ssi-e,etr
181502,0,590.0046677725874,0.2516011376428944,4.348164796829224,2020,unicef-a1,etr
182105,0,13.21827625283973,0.2467006783874713,4.431882858276367,2020,epi-APE,etr
182709,0,27.94736292800867,0.5370032483452717,4.401405096054077,2020,epi-BCA,etr
183314,0,31.380152833717787,0.8089737809864088,4.793279886245728,2020,epi-GIB,etr
183920,0,17.331628177619336,0.3932018202166916,4.468665838241577,2020,epi-NXA,etr
184527,0,19.902314818305005,0.3154979202830841,4.393182039260864,2020,epi-SDA,etr
185135,0,1836.585281399288,0.1836768958295117,4.561452150344849,2020,key-36,etr
185744,0,2.329841462096552,0.8212649264068085,5.960301876068115,2020,ssi-14,etr
186354,0,2.217728237911759,0.4198111879577749,5.027217864990234,2020,ssi-19,etr
186965,0,1.1496269243672472,0.2182338612249123,4.433211088180542,2020,ssi-9,etr
187577,0,4088.443817451473,0.1593376132137446,4.528102874755859,2020,unicef-m8,etr
188190,0,15.370159713202565,0.3620708072706258,4.34460186958313,2020,epi-CDA,etr
188804,0,22.8199669323092,0.4065186768828443,4.512928009033203,2020,epi-CHA,etr
189419,0,27.24189314302921,0.483993736296541,4.358085870742798,2020,epi-NDA,etr
190035,0,25.247119010103617,0.5523276612812772,4.39980411529541,2020,epi-TCL,etr
190652,0,0.4729523029787011,0.2376644738586437,4.227946043014526,2020,ohi-cs-trend,etr
191270,0,0.871548228640968,0.1029889214295154,4.633096933364868,2020,ssi-bn,etr
191889,0,0.0267145884547203,0.0504550559110106,4.291544675827026,2020,egov-egi,etr
192509,0,7.996186445580943,0.0680135398819528,4.3821189403533936,2020,egov-egr,etr
193130,0,0.0694585454579923,0.1655532696843956,4.424975872039795,2020,egov-epi,etr
193752,0,0.0792937673695841,0.1132247883279348,4.891293287277222,2020,egov-hci,etr
194375,0,0.0600900806418037,0.143822198458282,4.87024998664856,2020,egov-osi,etr
194999,0,0.0958684057159069,0.203845217341924,4.318340063095093,2020,egov-tii,etr
195624,0,0.022241984013044,0.0420077797137709,4.53863000869751,2020,key-egov-egi,etr
196250,0,0.0440533369698434,0.1050003844419239,4.238332033157349,2020,key-egov-epi,etr
196877,0,0.0251107917844671,0.0358560852745373,5.904952049255371,2020,key-egov-hci,etr
197505,0,0.0430880666729472,0.10312884273131,5.424410104751587,2020,key-egov-osi,etr
198134,0,0.0385537859817758,0.0819770061275267,4.500607013702393,2020,key-egov-tii,etr
198764,0,0.911596723679342,0.1010155099614724,6.458127021789551,2020,ssi-2,etr
199395,0,1.18789826105273,0.1539375023078978,4.843116044998169,2020,ssi-3,etr
200027,0,14.927799893152372,0.4784551247805248,7.790615081787109,2020,unicef-ah10,etr
200660,0,7.202277925116007,0.101289705460638,7.463238954544067,2020,wdi-FS.AST.DOMO.GD.ZS,etr
201294,0,17.48577791500191,0.1995413989025689,4.765554189682007,2020,wdi-FS.AST.DOMS.GD.ZS,etr
201929,0,2.7609850249697376,0.7523689417826852,4.420803070068359,2020,itu-mcb,etr
202565,0,4.484749576000588,0.9962315001270666,4.572983026504517,2020,itu-mbb,etr
203202,0,6.334771173249165,0.7339192024618365,4.300189971923828,2020,itu-mdvbh,etr
203840,0,3.711598385623981,0.6962852736069,4.879878759384155,2020,itu-mdvbl,etr
204479,0,25.550370711923712,0.2555037071192376,4.3203301429748535,2020,epi-RMS,etr
205119,0,14.619306737847923,0.1765616755778734,6.520655870437622,2020,itu-fbb,etr
205760,0,0.5495196558716519,0.0631539756723185,6.378355979919434,2020,ssi-5,etr
206402,0,0.763321663092105,0.0929121910744635,6.199709892272949,2020,ssi-pdh,etr
207045,0,11.398765755723094,0.1250939170822979,9.840310096740724,2020,unicef-wash1,etr
207689,0,1.2790144519975213,0.8855490069622522,7.188000917434692,2020,wdi2-TM.VAL.AGRI.ZS.UN,etr
208334,0,5.406883117485504,0.4285064151013534,4.763023138046265,2020,wdi2-TM.VAL.FOOD.ZS.UN,etr
208980,0,5.338401929227429,0.5972752701503371,7.581547975540161,2020,wdi2-TM.VAL.FUEL.ZS.UN,etr
209627,0,10.377098786394368,0.1524588533597083,4.2289087772369385,2020,wdi2-TM.VAL.MANF.ZS.UN,etr
210275,0,7.601110320111276,0.2418437937371867,5.453046083450317,2020,wdi2-TM.VAL.MMTL.ZS.UN,etr
210924,0,3.1218352719369955,0.2964415014170484,4.989964962005615,2020,wdi2-TX.VAL.AGRI.ZS.UN,etr
211574,0,29.430265584074338,0.3184433278542598,4.817310094833374,2020,wdi2-TX.VAL.FOOD.ZS.UN,etr
212225,0,28.52102203323679,0.5111783556574216,4.550884246826172,2020,wdi2-TX.VAL.MANF.ZS.UN,etr
212877,0,12.767196381628525,0.1620651043473778,5.117310285568237,2020,wdi2-TX.VAL.MMTL.ZS.UN,etr
213530,0,10.645505865522216,0.8699971014233553,5.628125905990601,2020,epi-FSS,etr
214184,0,32.083671477003165,0.4784447484393135,7.111108779907227,2020,epi-GRL,etr
214839,0,9.341937982650766,0.2057695590892239,8.007040739059448,2020,hdr-110806,etr
215495,0,5.372548057473996,0.1872388867697514,5.397751092910767,2020,hdr-47906,etr
216152,0,1.9401193963664405,0.1585550064577634,4.839533805847168,2020,key-epi-FSS,etr
216810,0,3.575817153370818,0.0492900790304114,4.294445991516113,2020,unicef-d10,etr
217469,0,66.97197441929757,0.2498954269376775,4.80803108215332,2020,unicef-d6,etr
218129,0,0.7681952683651282,0.2959738170434871,6.859869003295898,2020,unicef-d7,etr
218790,0,38.45944895727212,0.207888913282552,5.496643781661987,2020,unicef-m2,etr
219452,0,2285.4062059621942,0.211592093876696,5.939655303955078,2020,unicef-m4,etr
220115,0,19.65665346340941,0.1964577339835212,7.453802108764648,2020,unicef-m6,etr
220779,0,3.4600425805974586,0.0462193820823549,8.537752866744995,2020,unicef-mnh1,etr
221444,0,1407.4968375814933,0.1426324318586839,6.2089760303497314,2020,unicef-mnh16,etr
222110,0,17.19822401792627,0.2178006580834074,6.248676776885986,2020,unicef-wash4,etr
222777,0,5.842317760786277,0.2671320109000483,6.572475910186768,2020,wdi2-TX.VAL.FUEL.ZS.UN,etr
223445,0,13.000647560779738,0.1429689981024164,4.67706298828125,2020,unicef-ch2,etr
224114,0,15.718789821796957,0.1807449960344609,4.47970461845398,2020,unicef-ch3,etr
224784,0,14.032432847282044,0.1628522187305459,5.454093933105469,2020,unicef-ch4,etr
225455,0,12.544863889257629,0.1459836759804999,6.4815428256988525,2020,unicef-ch5,etr
226127,0,15.243234815206629,0.1762223678058569,7.159991025924683,2020,unicef-ch7,etr
226800,0,15.242257706783468,0.1762110717547221,5.755145788192749,2020,unicef-ch8,etr
227474,0,10.319114346036717,0.6956706300698908,4.774605989456177,2020,unicef-ncwh3,etr
228149,0,13.448173939899837,0.1281194616896742,5.164228916168213,2020,wdi-GF.XPD.BUDG.ZS,etr
228825,0,70.00467360394202,0.1157102043040364,4.389854907989502,2021,key-ports,etr
229502,0,2.121674599484789,0.091679751166796,5.464805841445923,2021,ldc-AFF-Index,etr
230180,0,1.7412834657270877,0.1182117220682359,7.145374298095703,2021,ldc-AFF-Value,etr
230859,0,0.7476050271208426,0.0312437038802829,5.0789570808410645,2021,ldc-AIN-Index,etr
231539,0,2.069688825227664,0.3371827173800992,9.70351791381836,2021,ldc-AIN-Value,etr
232220,0,1.3686928796994446,0.0181423129320823,9.18965196609497,2021,ldc-ALR-Index,etr
232902,0,1.1824673756933823,0.0144976687621718,6.553481101989746,2021,ldc-ALR-Value,etr
233585,0,0.4806426333156352,0.0149590496301444,5.425279855728149,2021,ldc-DRY-Index,etr
234269,0,0.4806426333156352,0.0149590496301444,7.492867946624756,2021,ldc-DRY-Value,etr
234954,0,6.568914792940032,0.195439555296497,6.765682935714722,2021,ldc-EVI,etr
235640,0,13.788522313147514,0.1521253236168051,4.495141983032227,2021,ldc-GPIS-Index,etr
236327,0,0.1174098190656318,0.1187383601583122,4.518612146377564,2021,ldc-GPIS-Value,etr
237015,0,17.874966126820414,0.2550610836727987,4.298229932785034,2021,ldc-GSSE-Index,etr
237704,0,17.836071309979726,0.2388422522790023,7.478576183319092,2021,ldc-GSSE-Value,etr
238394,0,7.934109372595817,0.1015374683220483,6.153803110122681,2021,ldc-HAI,etr
239085,0,23.90027808781549,0.2390027808781549,6.099800109863281,2021,ldc-LECZ-Index,etr
239777,0,16.832078755905403,0.168320787559054,8.122915029525757,2021,ldc-LECZ-Value,etr
240470,0,13.2875000026317,0.1597286203606907,7.310772180557251,2021,ldc-MMR-Index,etr
241164,0,158.90430916345449,0.7717977685791685,6.86260199546814,2021,ldc-MMR-Value,etr
241859,0,21.982539730692448,0.3974323608974262,5.381363868713379,2021,ldc-REM-Index,etr
242555,0,17.904304624057332,0.3305705979801783,6.749425172805786,2021,ldc-REM-Value,etr
243252,0,17.714891967359666,0.2713285918146556,4.725870132446289,2021,ldc-STU-Index,etr
243950,0,8.918320440022523,0.4486124021384549,4.932456970214844,2021,ldc-STU-Value,etr
244649,0,9.59768696004925,0.1139865916611472,4.5,2021,ldc-U5M-Index,etr
245349,0,16.095347871843614,0.4513186292940186,4.8313398361206055,2021,ldc-U5M-Value,etr
246050,0,21.577744038283072,0.3413520142348474,11.397444009780884,2021,ldc-VIC-Index,etr
246752,0,2.523294485364945,0.2217306226155487,15.864307880401611,2021,ldc-VIC-Value,etr
247455,0,18.620742771355992,0.5404415278005583,16.667511701583862,2021,ldc-XCON-Index,etr
248159,0,0.1602823953989093,0.4081264697657414,20.8887140750885,2021,ldc-XCON-Value,etr
248864,0,17.740157404356573,0.984695900982036,9.65587306022644,2021,ldc-XIN-Index,etr
249570,0,11.933113082580208,0.1218534982393567,8.683778047561646,2021,ldc-XIN-Value,etr
250277,0,9.436945052228902,0.3705667749263799,10.668544054031372,2021,mvi-economic,etr
250985,0,11.628253549077533,0.2693133481663857,10.543802976608276,2021,mvi-environmental,etr
251694,0,10.481370571535658,0.2962606572072152,10.934853792190552,2021,mvi-geographic,etr
252404,0,1.083609766726623,0.0468238974061012,7.41548228263855,2021,mvi-ldc-AFF-Index,etr
253115,0,0.3828643903408775,0.0160005634046945,7.12535285949707,2021,mvi-ldc-AIN-Index,etr
253827,0,0.4806426333156352,0.0149590496301444,6.491354942321777,2021,mvi-ldc-DRY-Index,etr
254540,0,23.90027808781549,0.2390027808781549,8.201044082641602,2021,mvi-ldc-LECZ-Index,etr
255254,0,21.982539730692448,0.3974323608974262,5.793042898178101,2021,mvi-ldc-REM-Index,etr
255969,0,21.577744038283072,0.3413520142348474,5.252655982971191,2021,mvi-ldc-VIC-Index,etr
256685,0,18.620742771355992,0.5404415278005583,4.456164836883545,2021,mvi-ldc-XCON-Index,etr
257402,0,17.740157404356573,0.984695900982036,4.5841028690338135,2021,mvi-ldc-XIN-Index,etr
258120,0,15.501887537374962,0.66789286807225,8.651514053344727,2021,key-mvi-ldc-AFF-Index,etr
258839,0,20.560692572796743,0.8550471495201848,5.43376612663269,2021,key-mvi-ldc-AIN-Index,etr
259559,0,5.467462301828743,0.162796133985251,6.114698886871338,2021,key-mvi-ldc-EVI,etr
260280,0,10.87640228174808,0.1391785557943016,6.061897039413452,2021,key-mvi-ldc-HAI,etr
261002,0,20.976253181276377,0.2097625318127637,5.190160036087036,2021,key-mvi-ldc-LECZ-Index,etr
261725,0,18.60675688601081,0.3381916514216805,5.442982196807861,2021,key-mvi-ldc-REM-Index,etr
262449,0,19.500276956085926,0.3097567317453298,5.004935026168823,2021,key-mvi-ldc-VIC-Index,etr
263174,0,17.83356086432236,0.5169464639054802,5.586938142776489,2021,key-mvi-ldc-XCON-Index,etr
263900,0,16.62374856461282,0.9205487231165578,4.6949639320373535,2021,key-mvi-ldc-XIN-Index,etr
264627,0,1165.8999651449587,0.1915078786374767,5.385758876800537,2021,key-9,etr
265355,0,338058.36186498246,0.1705701973807274,4.912144184112549,2021,key-39,etr
266084,0,195335.2957795291,0.1680628902622263,4.903239965438843,2021,key-50,etr
266814,0,136244.6884193082,0.27424454190682,5.13723611831665,2021,key-49,etr
267545,0,-0.0,,4.806744813919067,2021,key-5,etr
268277,0,2.082785973523179,0.2603482466903973,5.399515151977539,2021,key-22,etr
269010,0,2.5798099544609547,0.6051406066019523,4.487215042114258,2021,key-23,etr
269744,0,6.249579572137303,0.7468051061044576,4.010442018508911,2021,key-24,etr
270479,0,-0.0,,3.792260885238648,2021,key-4,etr
271215,0,0.0190231532942089,0.1987904006564925,3.907167196273804,2021,key-51,etr
271952,0,0.1109225897295017,0.1816372726582025,3.823264122009277,2021,key-52,etr
